Date,Close,Scaled_Close
2014-09-17,457.3340148925781,0.0022414794270532177
2014-09-18,424.44000244140625,0.0019774283460053397
2014-09-19,394.7959899902344,0.001739466086279563
2014-09-20,408.90399169921875,0.001852715666524977
2014-09-21,398.8210144042969,0.0017717762840505082
2014-09-22,402.1520080566406,0.0017985152681185238
2014-09-23,435.7909851074219,0.0020685464255757865
2014-09-24,423.2049865722656,0.0019675144665161183
2014-09-25,411.5740051269531,0.0018741487444461377
2014-09-26,404.42498779296875,0.001816761225721546
2014-09-27,399.5199890136719,0.0017773871836482527
2014-09-28,377.1809997558594,0.0015980647531056637
2014-09-29,375.4670104980469,0.0015843059963379497
2014-09-30,386.9440002441406,0.001676435576276851
2014-10-01,383.614990234375,0.0016497125155616936
2014-10-02,375.0719909667969,0.0015811350443473277
2014-10-03,359.5119934082031,0.001456229814784716
2014-10-04,328.8659973144531,0.0012102243020685121
2014-10-05,320.510009765625,0.0011431480355666406
2014-10-06,330.0790100097656,0.0012199615548283422
2014-10-07,336.18701171875,0.001268992497973199
2014-10-08,352.94000244140625,0.0014034742769191073
2014-10-09,365.0260009765625,0.001500492571159991
2014-10-10,361.56201171875,0.0014726859875265296
2014-10-11,362.29901123046875,0.0014786021255498237
2014-10-12,378.54901123046875,0.001609046232160331
2014-10-13,390.41400146484375,0.0017042904199182044
2014-10-14,400.8699951171875,0.0017882241276539039
2014-10-15,394.77301025390625,0.0017392816203610727
2014-10-16,382.5559997558594,0.001641211649907601
2014-10-17,383.75799560546875,0.001650860466815406
2014-10-18,391.4419860839844,0.0017125423913183977
2014-10-19,389.5459899902344,0.001697322605682322
2014-10-20,382.8450012207031,0.0016435315599316422
2014-10-21,386.4750061035156,0.0016726708057119655
2014-10-22,383.1579895019531,0.0016460440200379322
2014-10-23,358.4169921875,0.0014474398790325909
2014-10-24,358.3450012207031,0.0014468619838111849
2014-10-25,347.27099609375,0.0013579672942489955
2014-10-26,354.7040100097656,0.0014176345471534956
2014-10-27,352.989013671875,0.001403867706222023
2014-10-28,357.6180114746094,0.0014410261974761574
2014-10-29,335.59100341796875,0.0012642081428761002
2014-10-30,345.30499267578125,0.001342185536744372
2014-10-31,338.3210144042969,0.0012861228409775428
2014-11-01,325.7489929199219,0.0011852030803118565
2014-11-02,325.8919982910156,0.001186351031565569
2014-11-03,327.5539855957031,0.0011996923515137515
2014-11-04,330.49200439453125,0.0012232767968933212
2014-11-05,339.4859924316406,0.0012954745036235567
2014-11-06,349.2900085449219,0.00137417457273691
2014-11-07,342.4150085449219,0.0013189866814786184
2014-11-08,345.4880065917969,0.0013436546497764916
2014-11-09,363.2640075683594,0.0014863484692531194
2014-11-10,366.92401123046875,0.0015157285251235838
2014-11-11,367.69500732421875,0.0015219175649173933
2014-11-12,423.5610046386719,0.001970372340892091
2014-11-13,420.7349853515625,0.0019476869525123345
2014-11-14,397.8179931640625,0.0017637247019216629
2014-11-15,376.13299560546875,0.0015896520783289373
2014-11-16,387.8819885253906,0.0016839651174066223
2014-11-17,387.4079895019531,0.0016801601709976034
2014-11-18,375.197998046875,0.0015821465447157822
2014-11-19,380.55499267578125,0.0016251489064687031
2014-11-20,357.8399963378906,0.0014428081431482667
2014-11-21,350.8479919433594,0.0013866810190460287
2014-11-22,352.9200134277344,0.0014033138185172332
2014-11-23,367.572998046875,0.0015209381562293134
2014-11-24,376.9010009765625,0.0015958171106061306
2014-11-25,375.3479919433594,0.001583350595166486
2014-11-26,368.3699951171875,0.0015273359144328893
2014-11-27,369.6700134277344,0.0015377715899465253
2014-11-28,376.4469909667969,0.0015921726225989858
2014-11-29,375.4909973144531,0.0015844985464201985
2014-11-30,378.0469970703125,0.0016050163990140294
2014-12-01,379.2449951171875,0.0016146331242414597
2014-12-02,381.31500244140625,0.001631249755385147
2014-12-03,375.010009765625,0.0015806375008141883
2014-12-04,369.60400390625,0.001537241709758352
2014-12-05,376.85400390625,0.0015954398496307325
2014-12-06,374.7850036621094,0.0015788313026508032
2014-12-07,375.0950012207031,0.001581319755240477
2014-12-08,361.90899658203125,0.0014754713494033354
2014-12-09,352.218994140625,0.001397686505617312
2014-12-10,346.364990234375,0.001350694486562223
2014-12-11,350.5060119628906,0.0013839358330133566
2014-12-12,352.5419921875,0.001400279317411869
2014-12-13,347.3760070800781,0.0013588102520518178
2014-12-14,351.6319885253906,0.0013929744180447214
2014-12-15,345.3450012207031,0.0013425066985227792
2014-12-16,327.06201171875,0.0011957431150303756
2014-12-17,319.7760009765625,0.0011372559050599627
2014-12-18,311.39599609375,0.0010699868435011834
2014-12-19,317.8429870605469,0.001121738965162096
2014-12-20,329.95599365234375,0.0012189740619765038
2014-12-21,320.8429870605469,0.0011458209540748051
2014-12-22,331.885986328125,0.0012344667493830953
2014-12-23,334.5719909667969,0.0012560281940257555
2014-12-24,322.53399658203125,0.0011593952449240289
2014-12-25,319.00799560546875,0.0011310908727827694
2014-12-26,327.92401123046875,0.0012026626692583661
2014-12-27,315.8630065917969,0.0011058450092634898
2014-12-28,317.239013671875,0.0011168906716789069
2014-12-29,312.6700134277344,0.0010802138006050538
2014-12-30,310.73699951171875,0.0010646968607071867
2014-12-31,320.1929931640625,0.0011406032388053165
2015-01-01,314.2489929199219,0.0010928887894798053
2015-01-02,315.0320129394531,0.001099174349289399
2015-01-03,281.0820007324219,0.0008266464101040441
2015-01-04,264.19500732421875,0.0006910889474289314
2015-01-05,274.4739990234375,0.000773601802140403
2015-01-06,286.1889953613281,0.0008676419394475726
2015-01-07,294.3370056152344,0.000933048703645976
2015-01-08,283.3489990234375,0.0008448443526738339
2015-01-09,290.4079895019531,0.0009015091961533446
2015-01-10,274.7959899902344,0.0007761865297712014
2015-01-11,265.6600036621094,0.000702848955951012
2015-01-12,267.7959899902344,0.0007199952223082135
2015-01-13,225.86099243164062,0.0003833691735547018
2015-01-14,178.10299682617188,0.0
2015-01-15,209.843994140625,0.00025479544846832903
2015-01-16,208.0970001220703,0.00024077175160652818
2015-01-17,199.25999450683594,0.0001698341945239874
2015-01-18,210.33900451660156,0.00025876905993031034
2015-01-19,214.86099243164062,0.00029506854754143526
2015-01-20,211.31500244140625,0.00026660371699830147
2015-01-21,226.89700317382812,0.000391685573290304
2015-01-22,233.406005859375,0.00044393548345901513
2015-01-23,232.87899780273438,0.0004397050160667058
2015-01-24,247.8470001220703,0.0005598581046999229
2015-01-25,253.71800231933594,0.0006069865746402699
2015-01-26,273.4729919433594,0.0007655663883390747
2015-01-27,263.4750061035156,0.0006853092602908952
2015-01-28,233.9149932861328,0.0004480212933149785
2015-01-29,233.51300048828125,0.0004447943646146951
2015-01-30,226.4250030517578,0.0003878966727214725
2015-01-31,217.46400451660156,0.00031596378359799427
2015-02-01,226.9720001220703,0.0003922875985156557
2015-02-02,238.22900390625,0.00048265127862263534
2015-02-03,227.26800537109375,0.00039466373022401793
2015-02-04,226.85299682617188,0.0003913323198315218
2015-02-05,217.11099243164062,0.0003131300392259671
2015-02-06,222.26600646972656,0.00035451103619598204
2015-02-07,227.75399780273438,0.00039856495167416126
2015-02-08,223.41200256347656,0.0003637103246038804
2015-02-09,220.11000061035156,0.0003372040664622472
2015-02-10,219.83900451660156,0.0003350286914872223
2015-02-11,219.18499755859375,0.0003297787620500294
2015-02-12,221.76400756835938,0.0003504813255370098
2015-02-13,235.427001953125,0.000460158685299787
2015-02-14,257.3210144042969,0.0006359091403343984
2015-02-15,234.8249969482422,0.00045532619268212593
2015-02-16,233.84300231933594,0.0004474433980935725
2015-02-17,243.61000061035156,0.0005258463129451348
2015-02-18,236.3260040283203,0.00046737527130223905
2015-02-19,240.2830047607422,0.000499139420557494
2015-02-20,243.7790069580078,0.0005272029826086132
2015-02-21,244.53399658203125,0.0005332635331935941
2015-02-22,235.9770050048828,0.00046457374109791635
2015-02-23,238.89199829101562,0.00048797335309700676
2015-02-24,238.73500061035156,0.0004867130809619825
2015-02-25,237.47000122070312,0.00047655851386995004
2015-02-26,236.42599487304688,0.00046817793077359813
2015-02-27,253.8280029296875,0.0006078695857998958
2015-02-28,254.26300048828125,0.000611361454594266
2015-03-01,260.2019958496094,0.0006590357280756439
2015-03-02,275.6700134277344,0.0007832026040149756
2015-03-03,281.7019958496094,0.0008316233152833921
2015-03-04,273.0920104980469,0.0007625081246917535
2015-03-05,276.1780090332031,0.0007872804521945099
2015-03-06,272.7229919433594,0.0007595458911108975
2015-03-07,276.260986328125,0.0007879465382932816
2015-03-08,274.35400390625,0.0007726385617798403
2015-03-09,289.60699462890625,0.000895079346269394
2015-03-10,291.760009765625,0.0009123623084865125
2015-03-11,296.3789978027344,0.0009494404480523803
2015-03-12,294.35400390625,0.0009331851545312335
2015-03-13,285.3370056152344,0.0008608027369078487
2015-03-14,281.885009765625,0.0008330924283155119
2015-03-15,286.39300537109375,0.000869279595045325
2015-03-16,290.5929870605469,0.000902994232538322
2015-03-17,285.5050048828125,0.0008621513224075685
2015-03-18,256.29901123046875,0.000627705183967438
2015-03-19,260.9280090332031,0.0006648636752215724
2015-03-20,261.7489929199219,0.0006714539835073971
2015-03-21,260.0249938964844,0.000657614875051416
2015-03-22,267.9599914550781,0.0007213117161275586
2015-03-23,266.739990234375,0.0007115183641707371
2015-03-24,245.59500122070312,0.0005417805671752037
2015-03-25,246.19700622558594,0.0005466130597928649
2015-03-26,248.53199768066406,0.0005653568059036855
2015-03-27,247.0290069580078,0.0005532918039307148
2015-03-28,252.79800415039062,0.0005996014460721854
2015-03-29,242.71299743652344,0.0005186457727828701
2015-03-30,247.5260009765625,0.0005572813387455533
2015-03-31,244.2239990234375,0.0005307750806039203
2015-04-01,247.27200317382812,0.0005552424146557861
2015-04-02,253.0050048828125,0.000601263109186554
2015-04-03,254.32200622558594,0.0006118351130981186
2015-04-04,253.69700622558594,0.0006068180320746373
2015-04-05,260.5979919433594,0.000662214519255365
2015-04-06,255.49200439453125,0.0006212270740755955
2015-04-07,253.17999267578125,0.0006026677938832652
2015-04-08,245.02200317382812,0.0005371809229712543
2015-04-09,243.67599487304688,0.0005263760706459783
2015-04-10,236.07200622558594,0.00046533634721247167
2015-04-11,236.552001953125,0.0004691894311420529
2015-04-12,236.1529998779297,0.0004659865099583857
2015-04-13,224.58700561523438,0.00037314246142549083
2015-04-14,219.15899658203125,0.00032957004364026344
2015-04-15,223.83299255371094,0.0003670897500296091
2015-04-16,228.572998046875,0.00040513933660712813
2015-04-17,222.8820037841797,0.00035945584969495487
2015-04-18,223.3560028076172,0.0003632607961039738
2015-04-19,222.60000610351562,0.0003571921613552344
2015-04-20,224.62600708007812,0.00037345553904013975
2015-04-21,235.2689971923828,0.00045889032900100417
2015-04-22,234.17599487304688,0.0004501164390890663
2015-04-23,236.46200561523438,0.00046846700087163065
2015-04-24,231.26800537109375,0.00042677304877429653
2015-04-25,226.38999938964844,0.0003876156867871985
2015-04-26,219.42999267578125,0.0003317454186152883
2015-04-27,229.28599548339844,0.00041086280206084386
2015-04-28,225.85499572753906,0.0003833210360341395
2015-04-29,225.80799865722656,0.0003829437750587411
2015-04-30,236.14500427246094,0.0004659223265976362
2015-05-01,232.07899475097656,0.0004332831278591842
2015-05-02,234.92999267578125,0.0004561690279976185
2015-05-03,240.35800170898438,0.0004997414457828459
2015-05-04,239.01800537109375,0.0004889848534654615
2015-05-05,236.12100219726562,0.00046572965402805764
2015-05-06,229.78199768066406,0.00041484437519925376
2015-05-07,237.33399963378906,0.0004754667843005582
2015-05-08,243.86300659179688,0.0005278772753584732
2015-05-09,241.83200073242188,0.0005115737218294345
2015-05-10,240.29600524902344,0.000499243779762377
2015-05-11,242.1580047607422,0.0005141906636279372
2015-05-12,241.11199951171875,0.0005057940346913979
2015-05-13,236.3769989013672,0.00046778462395801216
2015-05-14,236.9290008544922,0.0004722157255963289
2015-05-15,237.60499572753906,0.0004776421592755833
2015-05-16,236.1529998779297,0.0004659865099583857
2015-05-17,236.802001953125,0.0004711962635514453
2015-05-18,233.1280059814453,0.0004417038867996694
2015-05-19,231.94700622558594,0.00043222361245749685
2015-05-20,234.01800537109375,0.0004488482052776132
2015-05-21,235.343994140625,0.00045949235422635586
2015-05-22,240.34800720214844,0.0004996612165819089
2015-05-23,238.8719940185547,0.00048781277220780314
2015-05-24,240.9530029296875,0.0005045177167161861
2015-05-25,237.11000061035156,0.00047366867030093174
2015-05-26,237.11599731445312,0.00047371680782149405
2015-05-27,237.2830047607422,0.0004750574316447849
2015-05-28,237.4080047607422,0.0004760608478494811
2015-05-29,237.0959930419922,0.0004735562269322902
2015-05-30,233.34500122070312,0.000443445779114975
2015-05-31,230.19000244140625,0.0004181195639074292
2015-06-01,222.92599487304688,0.00035980898066640754
2015-06-02,225.80299377441406,0.0003829035992146076
2015-06-03,225.87399291992188,0.00038347353275958477
2015-06-04,224.32400512695312,0.00037103126981121544
2015-06-05,224.95199584960938,0.0003760723583513127
2015-06-06,225.61900329589844,0.0003814266469933886
2015-06-07,222.88099670410156,0.0003594477655311963
2015-06-08,228.48899841308594,0.000404465043857268
2015-06-09,229.04800415039062,0.0004089523671799056
2015-06-10,228.80299377441406,0.0004069855881273167
2015-06-11,229.7050018310547,0.0004142263041337147
2015-06-12,229.98199462890625,0.0004164498166293019
2015-06-13,232.40199279785156,0.00043587593965374095
2015-06-14,233.54299926757812,0.00044503517470483576
2015-06-15,236.822998046875,0.000471364806117078
2015-06-16,250.89500427246094,0.0005843254387517887
2015-06-17,249.28399658203125,0.0005713933489720502
2015-06-18,249.0070037841797,0.000569169836476463
2015-06-19,244.6060028076172,0.0005338415509023294
2015-06-20,245.21200561523438,0.0005387061352003654
2015-06-21,243.94400024414062,0.0005285274381043872
2015-06-22,246.99000549316406,0.0005529787263160656
2015-06-23,244.29600524902344,0.0005313530983126556
2015-06-24,240.51499938964844,0.0005010017179178702
2015-06-25,242.7989959716797,0.0005193361113729174
2015-06-26,243.593994140625,0.0005257178237363057
2015-06-27,250.99000549316406,0.0005850880448663445
2015-06-28,249.01100158691406,0.0005692019281568377
2015-06-29,257.0639953613281,0.0006338459637533556
2015-06-30,263.0719909667969,0.0006820741249395233
2015-07-01,258.6210021972656,0.0006463445708733753
2015-07-02,255.41200256347656,0.0006205848730061103
2015-07-03,256.33599853515625,0.0006280020932545695
2015-07-04,260.885986328125,0.000664526345115648
2015-07-05,271.9129943847656,0.0007530437737024388
2015-07-06,269.0299987792969,0.0007299010176336762
2015-07-07,266.2070007324219,0.0007072398817451954
2015-07-08,270.7850036621094,0.0007439890203435565
2015-07-09,269.2279968261719,0.0007314904132235368
2015-07-10,284.8940124511719,0.000857246684752729
2015-07-11,293.114990234375,0.0009232391833616375
2015-07-12,310.86700439453125,0.0010657404527560164
2015-07-13,292.0539855957031,0.0009147221493800279
2015-07-14,287.4639892578125,0.0008778767357405421
2015-07-15,285.8290100097656,0.0008647522183658841
2015-07-16,278.0889892578125,0.0008026205203883264
2015-07-17,279.47198486328125,0.0008137222820007344
2015-07-18,274.9010009765625,0.0007770294875740233
2015-07-19,273.614013671875,0.0007666984162399296
2015-07-20,278.9809875488281,0.0008097808847064576
2015-07-21,275.8330078125,0.0007845110136705622
2015-07-22,277.22198486328125,0.0007956607903162026
2015-07-23,276.04901123046875,0.0007862449443094388
2015-07-24,288.27801513671875,0.000884411189804035
2015-07-25,288.6969909667969,0.0008877744469022464
2015-07-26,292.6860046386719,0.0009197955745751595
2015-07-27,293.6239929199219,0.0009273251157049303
2015-07-28,294.427001953125,0.0009337711339163981
2015-07-29,289.5899963378906,0.0008949428953841361
2015-07-30,287.72198486328125,0.000879947751510684
2015-07-31,284.6499938964844,0.0008552878673765694
2015-08-01,281.60101318359375,0.000830812694135604
2015-08-02,282.614013671875,0.0008389443829780565
2015-08-03,281.22698974609375,0.0008278102847106147
2015-08-04,285.2179870605469,0.000859847335736385
2015-08-05,281.8819885253906,0.0008330681758242362
2015-08-06,278.5769958496094,0.0008065379101659866
2015-08-07,279.5849914550781,0.0008146294231643062
2015-08-08,260.99700927734375,0.0006654175629263622
2015-08-09,265.0830078125,0.0006982172200666879
2015-08-10,264.4700012207031,0.0006932964140843312
2015-08-11,270.385986328125,0.0007407859766725598
2015-08-12,266.3760070800781,0.0007085965514086739
2015-08-13,264.0799865722656,0.0006901656379378429
2015-08-14,265.67999267578125,0.0007030094143528861
2015-08-15,261.5509948730469,0.0006698645879175365
2015-08-16,258.5069885253906,0.000645429345546045
2015-08-17,257.97601318359375,0.0006411670314480204
2015-08-18,211.07899475097656,0.0002647092054702208
2015-08-19,226.6840057373047,0.00038997577265537315
2015-08-20,235.35000610351562,0.0004595406142342477
2015-08-21,232.56900024414062,0.000437216563477032
2015-08-22,230.38999938964844,0.0004197250053374771
2015-08-23,228.16900634765625,0.00040189636206665715
2015-08-24,210.4949951171875,0.00026002124790157604
2015-08-25,221.60899353027344,0.0003492369767548432
2015-08-26,225.83099365234375,0.0003831283634645609
2015-08-27,224.7689971923828,0.0003746033678065225
2015-08-28,231.39599609375,0.0004278004724956089
2015-08-29,229.77999877929688,0.0004148283293590664
2015-08-30,228.76100158691406,0.0004066485029960516
2015-08-31,230.05599975585938,0.00041704388017822476
2015-09-01,228.12100219726562,0.0004015110169275002
2015-09-02,229.28399658203125,0.0004108467562206565
2015-09-03,227.18299865722656,0.00039398135331039945
2015-09-04,230.29800415039062,0.0004189865292268675
2015-09-05,235.0189971923828,0.00045688349659161174
2015-09-06,239.83999633789062,0.0004955832459150446
2015-09-07,239.8470001220703,0.0004956394675993655
2015-09-08,243.60699462890625,0.0005258221829411889
2015-09-09,238.16799926757812,0.00048216157427859543
2015-09-10,238.4770050048828,0.0004846420651918404
2015-09-11,240.10699462890625,0.0004977265292096949
2015-09-12,235.22900390625,0.00045856928970992644
2015-09-13,230.51199340820312,0.0004207042915382274
2015-09-14,230.6439971923828,0.0004217639294272443
2015-09-15,230.3040008544922,0.0004190346667474298
2015-09-16,229.09100341796875,0.00040929753647492924
2015-09-17,229.80999755859375,0.00041506913944920707
2015-09-18,232.97500610351562,0.00044047570634501987
2015-09-19,231.4929962158203,0.00042857912445035183
2015-09-20,231.21200561523438,0.0004263235202743899
2015-09-21,227.0850067138672,0.0003931947396792275
2015-09-22,230.6179962158203,0.00042155521101747855
2015-09-23,230.2830047607422,0.00041886612418179717
2015-09-24,234.5290069580078,0.00045295018346109346
2015-09-25,235.1439971923828,0.00045788691279630795
2015-09-26,234.33999633789062,0.0004514329329084114
2015-09-27,232.7570037841797,0.0004387257298659555
2015-09-28,239.14199829101562,0.0004899801855063992
2015-09-29,236.68699645996094,0.00047027307654768616
2015-09-30,236.05999755859375,0.00046523994968401773
2015-10-01,237.5489959716797,0.0004771926307756767
2015-10-02,237.29299926757812,0.00047513766084572194
2015-10-03,238.72999572753906,0.0004866729051178492
2015-10-04,238.25900268554688,0.00048289208871277623
2015-10-05,240.38299560546875,0.0004999420800288531
2015-10-06,246.06300354003906,0.0005455373760636605
2015-10-07,242.968994140625,0.0005207007427128246
2015-10-08,242.3040008544922,0.0005153626223982659
2015-10-09,243.93099975585938,0.000528423078899504
2015-10-10,244.9409942626953,0.000536530637738011
2015-10-11,247.0500030517578,0.000553460346496347
2015-10-12,245.30799865722656,0.0005394767029913499
2015-10-13,249.50799560546875,0.0005731914629716766
2015-10-14,251.98899841308594,0.0005931072903401556
2015-10-15,254.32000732421875,0.0006118190672579312
2015-10-16,262.8689880371094,0.0006804445535055295
2015-10-17,270.6400146484375,0.0007428251457369864
2015-10-18,261.64300537109375,0.0006706031865154757
2015-10-19,263.43701171875,0.0006850042668400046
2015-10-20,269.4630126953125,0.0007333769630751888
2015-10-21,266.2720031738281,0.0007077616777696101
2015-10-22,274.02301025390625,0.0007699815666245338
2015-10-23,276.4960021972656,0.0007898330881449336
2015-10-24,281.65399169921875,0.000831237970144235
2015-10-25,283.67999267578125,0.0008475013478291403
2015-10-26,285.29998779296875,0.0008605055826460576
2015-10-27,293.7879943847656,0.0009286416095242755
2015-10-28,304.6180114746094,0.0010155777266849643
2015-10-29,313.8550109863281,0.0010897261666276009
2015-10-30,328.0150146484375,0.0012033931836925467
2015-10-31,314.1659851074219,0.0010922224584063742
2015-11-01,325.4309997558594,0.0011826504443614328
2015-11-02,361.1889953613281,0.0014696916622652988
2015-11-03,403.4169921875,0.0018086697127232263
2015-11-04,411.56298828125,0.0018740603085941126
2015-11-05,386.35400390625,0.0016716994811876442
2015-11-06,374.4700012207031,0.0015763026742169962
2015-11-07,386.48199462890625,0.0016727269049089568
2015-11-08,373.3680114746094,0.0015674566392678798
2015-11-09,380.2569885253906,0.0016227567289201536
2015-11-10,336.8190002441406,0.0012740656781936712
2015-11-11,311.0840148925781,0.001067482467558652
2015-11-12,338.1520080566406,0.0012847661713140644
2015-11-13,336.75299072265625,0.0012735357980054975
2015-11-14,332.906005859375,0.0012426547823971982
2015-11-15,320.1659851074219,0.001140386436231792
2015-11-16,330.7510070800781,0.001225355896827222
2015-11-17,335.093994140625,0.0012602184855739316
2015-11-18,334.5899963378906,0.001256172729074772
2015-11-19,326.14898681640625,0.0011884139631719523
2015-11-20,322.0220031738281,0.0011552853050641198
2015-11-21,326.927001953125,0.0011946593471374126
2015-11-22,324.5360107421875,0.0011754660725266854
2015-11-23,323.0459899902344,0.0011635051847839384
2015-11-24,320.0459899902344,0.0011394231958712293
2015-11-25,328.20599365234375,0.0012049262351107569
2015-11-26,352.6839904785156,0.001401419184501823
2015-11-27,358.0419921875,0.0014444296304185025
2015-11-28,357.3810119628906,0.0014391237242716481
2015-11-29,371.29400634765625,0.0015508079164438177
2015-11-30,377.3210144042969,0.00159918869684276
2015-12-01,362.4880065917969,0.0014801192536151762
2015-12-02,359.18701171875,0.0014536210796373017
2015-12-03,361.0459899902344,0.0014685437110115863
2015-12-04,363.1830139160156,0.0014856983065072054
2015-12-05,388.9490051269531,0.0016925304113961238
2015-12-06,388.7829895019531,0.001691197749249262
2015-12-07,395.5360107421875,0.0017454064767941327
2015-12-08,415.56298828125,0.0019061696271443914
2015-12-09,417.56298828125,0.0019222242864195308
2015-12-10,415.47900390625,0.0019054954568818612
2015-12-11,451.93798828125,0.0021981637427109886
2015-12-12,434.99700927734375,0.002062172919863486
2015-12-13,433.7550048828125,0.0020522029411772736
2015-12-14,444.1820068359375,0.0021359039229865906
2015-12-15,465.3210144042969,0.0023055937049488917
2015-12-16,454.9339904785156,0.002222213639943323
2015-12-17,456.0780029296875,0.0022313970049983632
2015-12-18,463.6159973144531,0.0022919069707310266
2015-12-19,462.3219909667969,0.0022815195552252825
2015-12-20,442.68499755859375,0.002123886936046853
2015-12-21,438.6390075683594,0.002091408440684934
2015-12-22,436.5719909667969,0.002074815817057863
2015-12-23,442.4010009765625,0.002121607201866945
2015-12-24,454.9849853515625,0.0022226229925990963
2015-12-25,455.65301513671875,0.0022279854878922605
2015-12-26,417.27398681640625,0.0019199043763954897
2015-12-27,422.822998046875,0.0019644481187050386
2015-12-28,422.27899169921875,0.0019600812004274713
2015-12-29,432.9830017089844,0.002046005817219705
2015-12-30,426.6199951171875,0.001994927865821323
2015-12-31,430.5669860839844,0.0020266116633883115
2016-01-01,434.3340148925781,0.0020568508453891144
2016-01-02,433.43798828125,0.002049658144415949
2016-01-03,430.010986328125,0.00202214847006962
2016-01-04,433.09100341796875,0.0020468727825391437
2016-01-05,431.9599914550781,0.002037793776688986
2016-01-06,429.1050109863281,0.002014875907357507
2016-01-07,458.0480041503906,0.0022472108541833624
2016-01-08,453.2300109863281,0.002208535234863875
2016-01-09,447.6109924316406,0.002163429520685778
2016-01-10,447.9909973144531,0.002166479945144
2016-01-11,448.4280090332031,0.0021699879822658875
2016-01-12,435.69000244140625,0.0020677358044279984
2016-01-13,432.3710021972656,0.002041093095401107
2016-01-14,430.3059997558594,0.002024516640101553
2016-01-15,364.33099365234375,0.0014949135182679618
2016-01-16,387.5360107421875,0.001681187839693575
2016-01-17,382.29901123046875,0.0016391487183012173
2016-01-18,387.1679992675781,0.0016782336902764776
2016-01-19,380.14898681640625,0.001621889763600715
2016-01-20,420.2300109863281,0.0019436333568240759
2016-01-21,410.2619934082031,0.0018636167938913771
2016-01-22,382.49200439453125,0.0016406979380469446
2016-01-23,387.4909973144531,0.0016808265020710346
2016-01-24,402.97100830078125,0.0018050896530514904
2016-01-25,391.72601318359375,0.001714822370472965
2016-01-26,392.15301513671875,0.0017182500559065853
2016-01-27,394.97198486328125,0.0017408788551400323
2016-01-28,380.28900146484375,0.0016230137073378113
2016-01-29,379.4739990234375,0.0016164714140852194
2016-01-30,378.2550048828125,0.0016066861462921565
2016-01-31,368.7669982910156,0.001530522789776369
2016-02-01,373.0559997558594,0.001564952018350689
2016-02-02,374.447998046875,0.001576126047487605
2016-02-03,369.9490051269531,0.0015400111482822998
2016-02-04,389.593994140625,0.0016977079508214792
2016-02-05,386.54901123046875,0.0016732648692608886
2016-02-06,376.5220031738281,0.0015927747703116675
2016-02-07,376.6199951171875,0.001593561383942839
2016-02-08,373.4469909667969,0.0015680906336862767
2016-02-09,376.02899169921875,0.0015888172046898735
2016-02-10,381.64898681640625,0.0016339307580570696
2016-02-11,379.65399169921875,0.0016179162746260635
2016-02-12,384.26300048828125,0.0016549143074783242
2016-02-13,391.8599853515625,0.00171589780922751
2016-02-14,407.2300109863281,0.0018392780715356697
2016-02-15,400.18499755859375,0.0017827254264501412
2016-02-16,407.4880065917969,0.001841349087305812
2016-02-17,416.3219909667969,0.0019122623918970767
2016-02-18,422.37298583984375,0.0019608357223782685
2016-02-19,420.7850036621094,0.0019480884659790088
2016-02-20,437.16400146484375,0.0020795680804745866
2016-02-21,438.7980041503906,0.002092684758660146
2016-02-22,437.74798583984375,0.002084255915555902
2016-02-23,420.7359924316406,0.001947695036676093
2016-02-24,424.9549865722656,0.001981562293381865
2016-02-25,424.54400634765625,0.0019782632196444034
2016-02-26,432.1520080566406,0.002039335157245614
2016-02-27,432.5190124511719,0.0020422812224989532
2016-02-28,433.5039978027344,0.002050188024604123
2016-02-29,437.6969909667969,0.0020838465629001287
2016-03-01,435.12298583984375,0.002063184175257282
2016-03-02,423.989013671875,0.0019738081104894705
2016-03-03,421.6510009765625,0.0019550401118873743
2016-03-04,410.9389953613281,0.0018690513117343903
2016-03-05,400.57000732421875,0.0017858160267524967
2016-03-06,407.7070007324219,0.0018431070254613052
2016-03-07,414.3210144042969,0.0018961998934328382
2016-03-08,413.97198486328125,0.0018933981182538563
2016-03-09,414.8599853515625,0.0019005263908916127
2016-03-10,417.1310119628906,0.0019187566701164363
2016-03-11,421.69000244140625,0.0019553531895020225
2016-03-12,411.6239929199219,0.0018745500129381525
2016-03-13,414.06500244140625,0.001894144801015554
2016-03-14,416.43798828125,0.0019131935405772647
2016-03-15,416.8299865722656,0.0019163402400766115
2016-03-16,417.010986328125,0.001917793184781214
2016-03-17,420.6210021972656,0.0019467719721596637
2016-03-18,409.5480041503906,0.0018578853667612328
2016-03-19,410.4440002441406,0.0018650778227597387
2016-03-20,413.7550048828125,0.0018916563484258802
2016-03-21,413.3070068359375,0.0018880601204266272
2016-03-22,418.0889892578125,0.0019264466696480816
2016-03-23,418.0409851074219,0.0019260613245089245
2016-03-24,416.3940124511719,0.0019128405320931422
2016-03-25,417.177001953125,0.0019191258469280763
2016-03-26,417.94500732421875,0.0019252908792052696
2016-03-27,426.7650146484375,0.0019960919854025523
2016-03-28,424.2309875488281,0.0019757505145634536
2016-03-29,416.5159912109375,0.0019138196958065625
2016-03-30,414.8160095214844,0.0019001733824074898
2016-03-31,416.72900390625,0.0019155296189288234
2016-04-01,417.9599914550781,0.0019254111617630105
2016-04-02,420.87298583984375,0.0019487947279219137
2016-04-03,420.90399169921875,0.001949043622175813
2016-04-04,421.4440002441406,0.0019533784487730053
2016-04-05,424.0299987792969,0.0019741371114569764
2016-04-06,423.4129943847656,0.001969184213794245
2016-04-07,422.7449951171875,0.0019638219634757403
2016-04-08,420.3489990234375,0.00194458851302088
2016-04-09,419.4110107421875,0.0019370589718911088
2016-04-10,421.5639953613281,0.001954341689133568
2016-04-11,422.4830017089844,0.001961718856025224
2016-04-12,425.19000244140625,0.0019834488432335165
2016-04-13,423.7340087890625,0.0019717611022359444
2016-04-14,424.2820129394531,0.0019761601121938864
2016-04-15,429.7130126953125,0.0020197565374957295
2016-04-16,430.5719909667969,0.002026651839232445
2016-04-17,427.39898681640625,0.0020011810889758825
2016-04-18,428.59100341796875,0.00201074979917008
2016-04-19,435.5090026855469,0.002066282859723396
2016-04-20,441.3890075683594,0.0021134835971882504
2016-04-21,449.42498779296875,0.0021779910594121816
2016-04-22,445.73699951171875,0.002148386361779093
2016-04-23,450.2820129394531,0.002184870682770698
2016-04-24,458.55499267578125,0.002251280618199138
2016-04-25,461.4259948730469,0.0022743270992267757
2016-04-26,466.0889892578125,0.002311758492251426
2016-04-27,444.68701171875,0.0021399577636495096
2016-04-28,449.010986328125,0.0021746677331834436
2016-04-29,455.09698486328125,0.0022235220495989095
2016-04-30,448.3179931640625,0.002169104848618932
2016-05-01,451.875,0.002197658115014091
2016-05-02,444.66900634765625,0.0021398132286004927
2016-05-03,450.3039855957031,0.00218504706452543
2016-05-04,446.72198486328125,0.002156293163884263
2016-05-05,447.97601318359375,0.00216635966258626
2016-05-06,459.6029968261719,0.002259693292975865
2016-05-07,458.5360107421875,0.002251128243961022
2016-05-08,458.5480041503906,0.0022512245190021473
2016-05-09,460.4830017089844,0.002266757382252871
2016-05-10,450.8949890136719,0.002189791243778395
2016-05-11,452.7279968261719,0.002204505401717573
2016-05-12,454.7659912109375,0.002220865054443603
2016-05-13,455.6700134277344,0.002228121938777518
2016-05-14,455.6709899902344,0.002228129777966617
2016-05-15,457.5679931640625,0.0022433576477664512
2016-05-16,454.1629943847656,0.002216024600149513
2016-05-17,453.7829895019531,0.002212974175691291
2016-05-18,454.6189880371094,0.0022196850115095155
2016-05-19,438.7149963378906,0.0020920184275867145
2016-05-20,442.6759948730469,0.002123814668522344
2016-05-21,443.18798828125,0.002127924608382254
2016-05-22,439.322998046875,0.002096899057724938
2016-05-23,444.1549987792969,0.0021356871204130665
2016-05-24,445.9809875488281,0.002150344934180594
2016-05-25,449.5989990234375,0.0021793879049197933
2016-05-26,453.3840026855469,0.0022097713769949536
2016-05-27,473.4639892578125,0.0023709600483285027
2016-05-28,530.0399780273438,0.0028251141597529696
2016-05-29,526.2329711914062,0.0027945540609484185
2016-05-30,533.864013671875,0.0028558109544174386
2016-05-31,531.385986328125,0.0028359190120782456
2016-06-01,536.9199829101562,0.002880342226855395
2016-06-02,537.9719848632812,0.0028887869933124964
2016-06-03,569.1939697265625,0.003139416157749266
2016-06-04,572.7269897460938,0.0031677768740621757
2016-06-05,574.9769897460938,0.003185838365746708
2016-06-06,585.5369873046875,0.003270606947121471
2016-06-07,576.5969848632812,0.0031988426005636252
2016-06-08,581.64501953125,0.0032393648388652895
2016-06-09,574.6300048828125,0.0031830530038699017
2016-06-10,577.469970703125,0.003205850345668982
2016-06-11,606.7269897460938,0.003440706081739545
2016-06-12,672.7839965820312,0.003970967450482809
2016-06-13,704.3759765625,0.004224566687689534
2016-06-14,685.5590209960938,0.004073516782582489
2016-06-15,694.468994140625,0.004145040074075535
2016-06-16,766.3079833984375,0.004721715321677823
2016-06-17,748.9089965820312,0.004582047919142801
2016-06-18,756.2269897460938,0.004640791862556212
2016-06-19,763.781005859375,0.004701430439985034
2016-06-20,737.2260131835938,0.004488264760253289
2016-06-21,666.6519775390625,0.003921743712281044
2016-06-22,596.1160278320312,0.0033555283926836677
2016-06-23,623.9769897460938,0.0035791775179876218
2016-06-24,665.2990112304688,0.003910883005733437
2016-06-25,665.1229858398438,0.003909469991898308
2016-06-26,629.3670043945312,0.003622444942321959
2016-06-27,655.2750244140625,0.0038304171592754913
2016-06-28,647.0009765625,0.0037639986497339734
2016-06-29,639.8900146484375,0.0037069166144095902
2016-06-30,673.3369750976562,0.003975406391310225
2016-07-01,676.2960205078125,0.003999159624230086
2016-07-02,703.7020263671875,0.004219156667312456
2016-07-03,658.6640014648438,0.003857621595196271
2016-07-04,683.6619873046875,0.004058288667807996
2016-07-05,670.6270141601562,0.0039536526415599755
2016-07-06,677.3309936523438,0.004007467694827271
2016-07-07,640.56201171875,0.0037123109564084697
2016-07-08,666.5230102539062,0.003920708449370633
2016-07-09,650.9600219726562,0.003795779212291405
2016-07-10,649.3599853515625,0.0037829351909017027
2016-07-11,647.6589965820312,0.003769280793338871
2016-07-12,664.551025390625,0.003904878676832776
2016-07-13,654.468017578125,0.0038239390493836484
2016-07-14,658.0780029296875,0.0038529175917874385
2016-07-15,663.2550048828125,0.003894475092999515
2016-07-16,660.7670288085938,0.0038745032889213743
2016-07-17,679.458984375,0.004024549777823723
2016-07-18,673.1060180664062,0.003973552423088267
2016-07-19,672.864013671875,0.003971609774039624
2016-07-20,665.6849975585938,0.003913981445224891
2016-07-21,665.0120239257812,0.003908579264036913
2016-07-22,650.6190185546875,0.003793041865447832
2016-07-23,655.5560302734375,0.003832672885938783
2016-07-24,661.2849731445312,0.003878660998839857
2016-07-25,654.0969848632812,0.0038209606474752756
2016-07-26,651.7839965820312,0.003802393528093846
2016-07-27,654.3519897460938,0.003823007655728801
2016-07-28,655.0349731445312,0.003828490188605047
2016-07-29,656.9920043945312,0.003844199923559822
2016-07-30,655.0469970703125,0.0038285867086208306
2016-07-31,624.6810302734375,0.003584829083378819
2016-08-01,606.27197265625,0.0034370535095686414
2016-08-02,547.4650268554688,0.0029649907706470763
2016-08-03,566.35498046875,0.0031166266551392856
2016-08-04,578.2890014648438,0.0032124249755766075
2016-08-05,575.0430297851562,0.0031863684909095406
2016-08-06,587.7780151367188,0.003288596416256154
2016-08-07,592.6900024414062,0.0033280265575264378
2016-08-08,591.0540161132812,0.0033148939559880216
2016-08-09,587.801025390625,0.0032887811271493034
2016-08-10,592.10302734375,0.003323314714928506
2016-08-11,589.1199951171875,0.003299368931926396
2016-08-12,587.5590209960938,0.003286838478100661
2016-08-13,585.5880126953125,0.003271016544751903
2016-08-14,570.4730224609375,0.003149683535671929
2016-08-15,567.239990234375,0.003123730920260426
2016-08-16,577.4390258789062,0.003205601941364401
2016-08-17,573.2160034179688,0.003171702348003595
2016-08-18,574.3179931640625,0.0031805483829527113
2016-08-19,575.6300048828125,0.0031910803335074714
2016-08-20,581.697021484375,0.0032397822756848214
2016-08-21,581.3079833984375,0.0032366593387274326
2016-08-22,586.7529907226562,0.003280368207397917
2016-08-23,583.4149780273438,0.003253572879158251
2016-08-24,580.1820068359375,0.003227620753696067
2016-08-25,577.760986328125,0.00320818642402054
2016-08-26,579.6510009765625,0.0032233581946233833
2016-08-27,569.947021484375,0.003145461152443378
2016-08-28,573.9119873046875,0.0031772892400847236
2016-08-29,574.1069946289062,0.0031788546281579675
2016-08-30,577.5029907226562,0.0032061154082503977
2016-08-31,575.4719848632812,0.0031898118547213595
2016-09-01,572.302978515625,0.003164373196145172
2016-09-02,575.5369873046875,0.003190333650745774
2016-09-03,598.2119750976562,0.0033723532522878024
2016-09-04,608.6339721679688,0.003456014058252987
2016-09-05,606.5900268554688,0.003439606635468384
2016-09-06,610.4359741210938,0.0034704793219382654
2016-09-07,614.5440063476562,0.003503455850782642
2016-09-08,626.3159790039062,0.003597953355778817
2016-09-09,622.8610229492188,0.0035702192846445236
2016-09-10,623.5089721679688,0.0035754205866118357
2016-09-11,606.718994140625,0.0034406418983787953
2016-09-12,608.2429809570312,0.003452875442917399
2016-09-13,609.2410278320312,0.00346088709417677
2016-09-14,610.6840209960938,0.0034724704759694592
2016-09-15,607.155029296875,0.0034441420963115836
2016-09-16,606.9730224609375,0.0034426810674432224
2016-09-17,605.9840087890625,0.0034347419286830183
2016-09-18,609.8740234375,0.003465968358561001
2016-09-19,609.2269897460938,0.003460774405833469
2016-09-20,608.31201171875,0.003453429575596848
2016-09-21,597.1489868164062,0.003363820294953335
2016-09-22,596.2979736328125,0.0033569889316027108
2016-09-23,602.8419799804688,0.0034095198277056963
2016-09-24,602.625,0.00340777805787772
2016-09-25,600.8259887695312,0.003393336801709057
2016-09-26,608.0430297851562,0.00345127036894934
2016-09-27,606.166015625,0.0034362029575513795
2016-09-28,604.72802734375,0.0034246597516028234
2016-09-29,605.6929931640625,0.00343240585033146
2016-09-30,609.7349853515625,0.0034648522540130034
2016-10-01,613.9829711914062,0.003498952236645158
2016-10-02,610.8920288085938,0.0034741402232475868
2016-10-03,612.1329956054688,0.003484101872795381
2016-10-04,610.2039794921875,0.0034686170245778894
2016-10-05,612.510986328125,0.003487136128926086
2016-10-06,613.02099609375,0.0034912301454331374
2016-10-07,617.1209716796875,0.003524142000967446
2016-10-08,619.1079711914062,0.0035400923010377025
2016-10-09,616.7520141601562,0.0035211802573359083
2016-10-10,618.9940185546875,0.003539177565659691
2016-10-11,641.072021484375,0.003716404972915521
2016-10-12,636.1920166015625,0.003677231565088236
2016-10-13,636.7860107421875,0.0036819997518578174
2016-10-14,640.3779907226562,0.0037108337592125914
2016-10-15,638.64599609375,0.003696930467395861
2016-10-16,641.6309814453125,0.00372089192877617
2016-10-17,639.1929931640625,0.0037013213931900444
2016-10-18,637.9600219726562,0.0036914239270029988
2016-10-19,630.52001953125,0.003631700574901508
2016-10-20,630.8569946289062,0.003634405585090047
2016-10-21,632.8280029296875,0.003650227518438804
2016-10-22,657.2940063476562,0.0038466241927887458
2016-10-23,657.0709838867188,0.0038448339179782184
2016-10-24,653.760986328125,0.003818263476475836
2016-10-25,657.5880126953125,0.00384898427865692
2016-10-26,678.3040161132812,0.004015278466865976
2016-10-27,688.31298828125,0.004095623785791522
2016-10-28,689.6510009765625,0.004106364454756048
2016-10-29,714.47900390625,0.0043056670185151955
2016-10-30,701.864013671875,0.004204402333529145
2016-10-31,700.9719848632812,0.004197241724236354
2016-11-01,729.7930297851562,0.004428597752323449
2016-11-02,740.8289794921875,0.0045171869584854285
2016-11-03,688.7000122070312,0.004098730554421393
2016-11-04,703.2349853515625,0.004215407575125769
2016-11-05,703.4180297851562,0.004216876933132548
2016-11-06,711.52197265625,0.004281929953922851
2016-11-07,703.1309814453125,0.004214572701486705
2016-11-08,709.8480224609375,0.0042684926039082026
2016-11-09,723.2730102539062,0.004376259406302712
2016-11-10,715.5339965820312,0.004314135792488913
2016-11-11,716.4110107421875,0.004321175874249303
2016-11-12,705.0540161132812,0.0042300095346709645
2016-11-13,702.031005859375,0.004205742834865106
2016-11-14,705.02099609375,0.004229744472089549
2016-11-15,711.6190185546875,0.004282708973339582
2016-11-16,744.197998046875,0.004544231180978994
2016-11-17,740.9769897460938,0.004518375085583275
2016-11-18,751.5850219726562,0.004603529257071854
2016-11-19,751.6160278320312,0.004603778151325753
2016-11-20,731.0260009765625,0.004438495218510493
2016-11-21,739.2479858398438,0.00450449580128316
2016-11-22,751.3469848632812,0.004601618454728926
2016-11-23,744.593994140625,0.004547409972158715
2016-11-24,740.2890014648438,0.004512852376862896
2016-11-25,741.6489868164062,0.004523769427582154
2016-11-26,735.3820190429688,0.004473462411436745
2016-11-27,732.0349731445312,0.0044465945706979116
2016-11-28,735.81298828125,0.004476921943576081
2016-11-29,735.60400390625,0.004475244357108854
2016-11-30,745.6909790039062,0.004556215831263698
2016-12-01,756.7739868164062,0.004645182788350396
2016-12-02,777.9439697265625,0.004815121219591936
2016-12-03,771.155029296875,0.004760624156873011
2016-12-04,773.8720092773438,0.004782434250794911
2016-12-05,758.7000122070312,0.004660643629051271
2016-12-06,764.2239990234375,0.004704986492140154
2016-12-07,768.1320190429688,0.004736357457067152
2016-12-08,770.8099975585938,0.004757854473374404
2016-12-09,772.7940063476562,0.004773780765928044
2016-12-10,774.6500244140625,0.0047886796347603715
2016-12-11,769.7310180664062,0.0047491931493184375
2016-12-12,780.0869750976562,0.004832323830120788
2016-12-13,780.5560302734375,0.004836089090634993
2016-12-14,781.4810180664062,0.004843514272559881
2016-12-15,778.0880126953125,0.004816277499984067
2016-12-16,784.906982421875,0.004871015617767792
2016-12-17,790.8289794921875,0.004918553440363913
2016-12-18,790.530029296875,0.004916153668600923
2016-12-19,792.7139892578125,0.004933685035122623
2016-12-20,800.8759765625,0.004999203997715008
2016-12-21,834.281005859375,0.0052673571794336965
2016-12-22,864.5399780273438,0.005510255923520028
2016-12-23,921.9840087890625,0.005971378094155037
2016-12-24,898.822021484375,0.005785449186999106
2016-12-25,896.1829833984375,0.005764264758357185
2016-12-26,907.6099853515625,0.005855993069804072
2016-12-27,933.197998046875,0.006061396482479663
2016-12-28,975.9210205078125,0.006404348266886901
2016-12-29,973.4970092773438,0.006384889929694759
2016-12-30,961.2379760742188,0.006286482629135362
2016-12-31,963.7429809570312,0.00630659112907342
2017-01-01,998.3250122070312,0.006584192493453906
2017-01-02,1021.75,0.006772232592224112
2017-01-03,1043.8399658203125,0.006949556029546407
2017-01-04,1154.72998046875,0.007839706730644347
2017-01-05,1013.3800048828125,0.0067050438823536
2017-01-06,902.2009887695312,0.005812573271231619
2017-01-07,908.5850219726562,0.005863820010170294
2017-01-08,911.198974609375,0.0058848030696422296
2017-01-09,902.8280029296875,0.005817606520582617
2017-01-10,907.6790161132812,0.005856547202483521
2017-01-11,777.7570190429688,0.004813620504828761
2017-01-12,804.833984375,0.005030976231134022
2017-01-13,823.9840087890625,0.005184699789673209
2017-01-14,818.4119873046875,0.00513997133647051
2017-01-15,821.7979736328125,0.005167151764874673
2017-01-16,831.5339965820312,0.0052453060304469955
2017-01-17,907.93798828125,0.005858626057442762
2017-01-18,886.6179809570312,0.005687483330775858
2017-01-19,899.072998046875,0.005787463858597598
2017-01-20,895.0260009765625,0.005754977279071921
2017-01-21,921.7890014648438,0.0059698127060817925
2017-01-22,924.6729736328125,0.005992963301339654
2017-01-23,921.0120239257812,0.00596357565125475
2017-01-24,892.68701171875,0.005736201441280725
2017-01-25,901.5419921875,0.005807283288437623
2017-01-26,917.5859985351562,0.00593607381609752
2017-01-27,919.75,0.005953444969192005
2017-01-28,921.5900268554688,0.0059682154713028325
2017-01-29,919.4959716796875,0.005951405800127578
2017-01-30,920.3820190429688,0.005958518394387136
2017-01-31,970.4030151367188,0.006360053418831253
2017-02-01,989.0230102539062,0.006509522257486854
2017-02-02,1011.7999877929688,0.006692360564340429
2017-02-03,1029.9100341796875,0.006837735876438299
2017-02-04,1042.9000244140625,0.006942010810038438
2017-02-05,1027.3399658203125,0.006817105090526508
2017-02-06,1038.1500244140625,0.006903880994259982
2017-02-07,1061.3499755859375,0.007090114649892144
2017-02-08,1063.0699462890625,0.00710392142169309
2017-02-09,994.3829956054688,0.006552548626756391
2017-02-10,988.6740112304688,0.0065067207272825325
2017-02-11,1004.4500122070312,0.0066333598874840196
2017-02-12,999.1810302734375,0.006591064032648663
2017-02-13,990.6420288085938,0.006522518653114672
2017-02-14,1004.5499877929688,0.006634162424468049
2017-02-15,1007.47998046875,0.006657682441512211
2017-02-16,1027.43994140625,0.006817907627510537
2017-02-17,1046.2099609375,0.006968580761591503
2017-02-18,1054.4200439453125,0.007034485804247022
2017-02-19,1047.8699951171875,0.0069819064031614855
2017-02-20,1079.97998046875,0.007239663840236012
2017-02-21,1115.300048828125,0.00752318967177821
2017-02-22,1117.43994140625,0.007540367294891809
2017-02-23,1166.719970703125,0.007935954334606915
2017-02-24,1173.6800537109375,0.007991825215215475
2017-02-25,1143.8399658203125,0.007752288993303376
2017-02-26,1165.199951171875,0.007923752636774029
2017-02-27,1179.969970703125,0.008042316452304715
2017-02-28,1179.969970703125,0.008042316452304715
2017-03-01,1222.5,0.008383719016966227
2017-03-02,1251.010009765625,0.008612578263325229
2017-03-03,1274.989990234375,0.008805073471250367
2017-03-04,1255.1500244140625,0.008645811525612604
2017-03-05,1267.1199951171875,0.00874189842619864
2017-03-06,1272.8299560546875,0.008787734164861599
2017-03-07,1223.5400390625,0.008392067753356863
2017-03-08,1150.0,0.007801737618242423
2017-03-09,1188.489990234375,0.00811070945760059
2017-03-10,1116.719970703125,0.007534587852728431
2017-03-11,1175.8299560546875,0.008009083190017339
2017-03-12,1221.3800048828125,0.008374728446968094
2017-03-13,1231.9200439453125,0.008459336814915642
2017-03-14,1240.0,0.008524197285623696
2017-03-15,1249.6099853515625,0.008601339805852903
2017-03-16,1187.81005859375,0.00810525142219028
2017-03-17,1100.22998046875,0.007402217265396798
2017-03-18,973.8179931640625,0.006387466573161798
2017-03-19,1036.739990234375,0.0068925621850993895
2017-03-20,1054.22998046875,0.007032960102068594
2017-03-21,1120.5400390625,0.007565252800687184
2017-03-22,1049.1400146484375,0.006992101268584982
2017-03-23,1038.5899658203125,0.006907412548949166
2017-03-24,937.52001953125,0.0060960907736354
2017-03-25,972.7789916992188,0.00637912616590958
2017-03-26,966.7249755859375,0.006330528582937113
2017-03-27,1045.77001953125,0.006965049206902318
2017-03-28,1047.1500244140625,0.006976126960998109
2017-03-29,1039.969970703125,0.006918490303044959
2017-03-30,1026.4300537109375,0.006809800926083339
2017-03-31,1071.7900390625,0.007173920480855662
2017-04-01,1080.5,0.007243838208431331
2017-04-02,1102.1700439453125,0.0074177907944409744
2017-04-03,1143.81005859375,0.007752048918137212
2017-04-04,1133.25,0.007667279846813132
2017-04-05,1124.780029296875,0.007599288599958588
2017-04-06,1182.6800537109375,0.008064071181953602
2017-04-07,1176.9000244140625,0.008017672981472776
2017-04-08,1175.949951171875,0.008010046430377902
2017-04-09,1187.8699951171875,0.008105732552421242
2017-04-10,1187.1300048828125,0.008099792406881332
2017-04-11,1205.010009765625,0.008243321099997022
2017-04-12,1200.3699951171875,0.008206074172890864
2017-04-13,1169.280029296875,0.00795650476883044
2017-04-14,1167.5400390625,0.00794253729365296
2017-04-15,1172.52001953125,0.007982513238464274
2017-04-16,1182.93994140625,0.008066157386152623
2017-04-17,1193.9100341796875,0.008154217936999728
2017-04-18,1211.6700439453125,0.008296783389754855
2017-04-19,1210.2900390625,0.008285705635659064
2017-04-20,1229.0799560546875,0.008436538493217925
2017-04-21,1222.050048828125,0.008380107110588774
2017-04-22,1231.7099609375,0.008457650409360678
2017-04-23,1207.2099609375,0.008260980833240221
2017-04-24,1250.1500244140625,0.008605674877424755
2017-04-25,1265.489990234375,0.008728813839693456
2017-04-26,1281.0799560546875,0.008853959634371548
2017-04-27,1317.72998046875,0.009148161461568204
2017-04-28,1316.47998046875,0.009138127299521242
2017-04-29,1321.7900390625,0.009180752890248084
2017-04-30,1347.8900146484375,0.009390265997808924
2017-05-01,1421.5999755859375,0.009981960151826622
2017-05-02,1452.8199462890625,0.010232573147935874
2017-05-03,1490.0899658203125,0.010531751880311878
2017-05-04,1537.6700439453125,0.01091369285160257
2017-05-05,1555.449951171875,0.011056418027835595
2017-05-06,1578.800048828125,0.011243856958791758
2017-05-07,1596.7099609375,0.011387625727073612
2017-05-08,1723.3499755859375,0.012404206869963273
2017-05-09,1755.3599853515625,0.01266116177005377
2017-05-10,1787.1300048828125,0.01291619018942314
2017-05-11,1848.5699462890625,0.013409388852004074
2017-05-12,1724.239990234375,0.012411351310928546
2017-05-13,1804.9100341796875,0.013058916345554802
2017-05-14,1808.9100341796875,0.013091025664105081
2017-05-15,1738.4300537109375,0.01252525962803295
2017-05-16,1734.449951171875,0.012493310032960569
2017-05-17,1839.0899658203125,0.013333289923823696
2017-05-18,1888.6500244140625,0.013731124851012995
2017-05-19,1987.7099609375,0.014526311615363358
2017-05-20,2084.72998046875,0.01530512329358415
2017-05-21,2041.199951171875,0.01495569339928507
2017-05-22,2173.39990234375,0.016016905985412326
2017-05-23,2320.419921875,0.0171970841455116
2017-05-24,2443.639892578125,0.018186211468277265
2017-05-25,2304.97998046875,0.017073142646258872
2017-05-26,2202.419921875,0.01624985924827838
2017-05-27,2038.8699951171875,0.014936990073993038
2017-05-28,2155.800048828125,0.015875626159669462
2017-05-29,2255.610107421875,0.016676834401146638
2017-05-30,2175.469970703125,0.01603352310650533
2017-05-31,2286.409912109375,0.016924074586145966
2017-06-01,2407.8798828125,0.01789915408204588
2017-06-02,2488.550048828125,0.018546720096570775
2017-06-03,2515.35009765625,0.018761852922817096
2017-06-04,2511.81005859375,0.018733435862332535
2017-06-05,2686.81005859375,0.020138218548907228
2017-06-06,2863.199951171875,0.021554158361367343
2017-06-07,2732.159912109375,0.02050225677209265
2017-06-08,2805.6201171875,0.02109194605349823
2017-06-09,2823.81005859375,0.021237962709254276
2017-06-10,2947.7099609375,0.02223254806743025
2017-06-11,2958.110107421875,0.022316033471539338
2017-06-12,2659.6298828125,0.01992003431830405
2017-06-13,2717.02001953125,0.020380723863690647
2017-06-14,2506.3701171875,0.018689767659455504
2017-06-15,2464.580078125,0.0183543052403339
2017-06-16,2518.56005859375,0.01878762033738613
2017-06-17,2655.8798828125,0.01988993183216316
2017-06-18,2548.2900390625,0.019026272690727295
2017-06-19,2589.60009765625,0.019357882148406644
2017-06-20,2721.7900390625,0.020419014382845636
2017-06-21,2689.10009765625,0.020156601447344828
2017-06-22,2705.409912109375,0.02028752570428766
2017-06-23,2744.909912109375,0.020604605224971664
2017-06-24,2608.719970703125,0.019511363671982394
2017-06-25,2589.409912109375,0.019356355466329578
2017-06-26,2478.449951171875,0.01846564328331241
2017-06-27,2552.449951171875,0.019059665676492567
2017-06-28,2574.7900390625,0.01923899692612289
2017-06-29,2539.320068359375,0.018954267779053968
2017-06-30,2480.840087890625,0.018484829698632677
2017-07-01,2434.550048828125,0.01811324429614201
2017-07-02,2506.469970703125,0.018690569216540893
2017-07-03,2564.06005859375,0.01915286383589555
2017-07-04,2601.639892578125,0.01945452955101327
2017-07-05,2601.989990234375,0.01945733990030533
2017-07-06,2608.56005859375,0.0195100800047674
2017-07-07,2518.659912109375,0.018788421894471524
2017-07-08,2571.340087890625,0.01921130303083273
2017-07-09,2518.43994140625,0.018786656117126932
2017-07-10,2372.56005859375,0.017615630210300957
2017-07-11,2337.7900390625,0.017336519802018877
2017-07-12,2398.840087890625,0.01782658866835196
2017-07-13,2357.89990234375,0.01749794830354393
2017-07-14,2233.340087890625,0.01649806561333418
2017-07-15,1998.8599853515625,0.014615816536801985
2017-07-16,1929.8199462890625,0.01406160938505661
2017-07-17,2228.409912109375,0.016458489467166923
2017-07-18,2318.8798828125,0.01718472174430218
2017-07-19,2273.429931640625,0.01681988000423409
2017-07-20,2817.60009765625,0.02118811330577253
2017-07-21,2667.760009765625,0.01998529752735207
2017-07-22,2810.1201171875,0.021128069036867293
2017-07-23,2730.39990234375,0.020488128593538636
2017-07-24,2754.860107421875,0.020684478722703303
2017-07-25,2576.47998046875,0.019252562642859038
2017-07-26,2529.449951171875,0.018875037094828465
2017-07-27,2671.780029296875,0.020017567549278883
2017-07-28,2809.010009765625,0.021119157838658788
2017-07-29,2726.449951171875,0.020456421033429692
2017-07-30,2757.179931640625,0.020703100716408424
2017-07-31,2875.340087890625,0.021651611240653915
2017-08-01,2718.260009765625,0.02039067767404934
2017-08-02,2710.669921875,0.02032974953657317
2017-08-03,2804.72998046875,0.021084800632634317
2017-08-04,2895.889892578125,0.02181657129686815
2017-08-05,3252.909912109375,0.02468248868085706
2017-08-06,3213.93994140625,0.024369663880056642
2017-08-07,3378.93994140625,0.02569417327025564
2017-08-08,3419.93994140625,0.026023293785395998
2017-08-09,3342.469970703125,0.025401416793549146
2017-08-10,3381.280029296875,0.025712957927134572
2017-08-11,3650.6201171875,0.02787503959724461
2017-08-12,3884.7099609375,0.029754155937833038
2017-08-13,4073.260009765625,0.03126770933295625
2017-08-14,4325.1298828125,0.03328955182967635
2017-08-15,4181.93017578125,0.0321400405773331
2017-08-16,4376.6298828125,0.033702959306011186
2017-08-17,4331.68994140625,0.03334221158245015
2017-08-18,4160.6201171875,0.031968977712405144
2017-08-19,4193.7001953125,0.032234522403951076
2017-08-20,4087.659912109375,0.03138330209581835
2017-08-21,4001.739990234375,0.030693594560493493
2017-08-22,4100.52001953125,0.03148653441726829
2017-08-23,4151.52001953125,0.03189592822878435
2017-08-24,4334.68017578125,0.033366215179471866
2017-08-25,4371.60009765625,0.03366258356255581
2017-08-26,4352.39990234375,0.03350845726567665
2017-08-27,4382.8798828125,0.033753130116246
2017-08-28,4382.66015625,0.033751366298698675
2017-08-29,4579.02001953125,0.03532761164884539
2017-08-30,4565.2998046875,0.03521747496159633
2017-08-31,4703.39013671875,0.03632597157657262
2017-09-01,4892.009765625,0.037840083513919154
2017-09-02,4578.77001953125,0.03532560481643599
2017-09-03,4582.9599609375,0.035359238857266065
2017-09-04,4236.31005859375,0.03257656582232144
2017-09-05,4376.52978515625,0.03370215578912852
2017-09-06,4597.1201171875,0.03547290709920431
2017-09-07,4599.8798828125,0.035495060647598616
2017-09-08,4228.75,0.03251587873991007
2017-09-09,4226.06005859375,0.03249428569353636
2017-09-10,4122.93994140625,0.03166650652060748
2017-09-11,4161.27001953125,0.03197419469275065
2017-09-12,4130.81005859375,0.031729682545557844
2017-09-13,3882.590087890625,0.029737139018095975
2017-09-14,3154.949951171875,0.0238961317831283
2017-09-15,3637.52001953125,0.027769880795073535
2017-09-16,3625.0400390625,0.027669699877980448
2017-09-17,3582.8798828125,0.027331266406190255
2017-09-18,4065.199951171875,0.0312030085857261
2017-09-19,3924.969970703125,0.030077336307433488
2017-09-20,3905.949951171875,0.029924656340943125
2017-09-21,3631.0400390625,0.027717863855805866
2017-09-22,3630.699951171875,0.027715133858202075
2017-09-23,3792.39990234375,0.029013152668637635
2017-09-24,3682.840087890625,0.02813367992299143
2017-09-25,3926.070068359375,0.03008616715395372
2017-09-26,3892.35009765625,0.029815485833750544
2017-09-27,4200.669921875,0.032290470696551984
2017-09-28,4174.72998046875,0.03208224223610478
2017-09-29,4163.06982421875,0.03198864231826046
2017-09-30,4338.7099609375,0.03339856359328967
2017-10-01,4403.740234375,0.033920583034593776
2017-10-02,4409.31982421875,0.03396537224151199
2017-10-03,4317.47998046875,0.03322814354186785
2017-10-04,4229.35986328125,0.03252077431350252
2017-10-05,4328.41015625,0.033315883665860524
2017-10-06,4370.81005859375,0.033656241658574566
2017-10-07,4426.89013671875,0.0341064149317846
2017-10-08,4610.47998046875,0.035580151125675766
2017-10-09,4772.02001953125,0.03687688626889633
2017-10-10,4781.990234375,0.036956920470004505
2017-10-11,4826.47998046875,0.037314054327390815
2017-10-12,5446.91015625,0.04229445186548221
2017-10-13,5647.2099609375,0.043902324424049594
2017-10-14,5831.7900390625,0.04538400955568733
2017-10-15,5678.18994140625,0.04415101093943772
2017-10-16,5725.58984375,0.044531505580339616
2017-10-17,5605.509765625,0.04356758321032512
2017-10-18,5590.68994140625,0.04344861959615037
2017-10-19,5708.52001953125,0.04439448047448034
2017-10-20,6011.4501953125,0.04682620085264336
2017-10-21,6031.60009765625,0.04698795076092148
2017-10-22,6008.419921875,0.04680187584886857
2017-10-23,5930.31982421875,0.04617494062025548
2017-10-24,5526.64013671875,0.04293447070070186
2017-10-25,5750.7998046875,0.04473387424693518
2017-10-26,5904.830078125,0.045970326025982985
2017-10-27,5780.89990234375,0.04497549765294494
2017-10-28,5753.08984375,0.04475225714537278
2017-10-29,6153.85009765625,0.04796929180911437
2017-10-30,6130.52978515625,0.047782091973425735
2017-10-31,6468.39990234375,0.05049428677877409
2017-11-01,6767.31005859375,0.052893737135010305
2017-11-02,7078.5,0.055391761374574265
2017-11-03,7207.759765625,0.05642937212212114
2017-11-04,7379.9501953125,0.057811601461657466
2017-11-05,7407.41015625,0.058032031619937564
2017-11-06,7022.759765625,0.05494431613917075
2017-11-07,7144.3798828125,0.05592060091039466
2017-11-08,7459.68994140625,0.05845169868876811
2017-11-09,7143.580078125,0.05591418061452243
2017-11-10,6618.14013671875,0.05169630100010916
2017-11-11,6357.60009765625,0.04960486022276919
2017-11-12,5950.06982421875,0.046333480380597473
2017-11-13,6559.490234375,0.05122549890078461
2017-11-14,6635.75,0.05183766117754029
2017-11-15,7315.5400390625,0.05729455990543135
2017-11-16,7871.68994140625,0.06175895849944681
2017-11-17,7708.990234375,0.06045291431917096
2017-11-18,7790.14990234375,0.06110440972723182
2017-11-19,8036.490234375,0.06308186477547503
2017-11-20,8200.6396484375,0.06439954623196864
2017-11-21,8071.259765625,0.06336097126416257
2017-11-22,8253.5498046875,0.06482427349736271
2017-11-23,8038.77001953125,0.06310016536242709
2017-11-24,8253.6904296875,0.06482540234059299
2017-11-25,8790.919921875,0.06913792056540621
2017-11-26,9330.5498046875,0.07346970751702525
2017-11-27,9818.349609375,0.07738543734639391
2017-11-28,10058.7998046875,0.07931561032558537
2017-11-29,9888.6103515625,0.07794944348451328
2017-11-30,10233.599609375,0.08071878597839473
2017-12-01,10975.599609375,0.08667506456947144
2017-12-02,11074.599609375,0.08746977020359083
2017-12-03,11323.2001953125,0.08946536905500412
2017-12-04,11657.2001953125,0.09214649715395239
2017-12-05,11916.7001953125,0.09422958919490172
2017-12-06,14291.5,0.11329289005036437
2017-12-07,17899.69921875,0.142257094577292
2017-12-08,16569.400390625,0.13157834736745996
2017-12-09,15178.2001953125,0.12041072480783523
2017-12-10,15455.400390625,0.12263590215120736
2017-12-11,16936.80078125,0.1345275914119787
2017-12-12,17415.400390625,0.13836946824084392
2017-12-13,16408.19921875,0.1302843324228568
2017-12-14,16564.0,0.13153499665174145
2017-12-15,17706.900390625,0.1407094348301955
2017-12-16,19497.400390625,0.155082368546264
2017-12-17,19140.80078125,0.15221982593318228
2017-12-18,19114.19921875,0.15200628642212038
2017-12-19,17776.69921875,0.14126973303187093
2017-12-20,16624.599609375,0.13202144969210253
2017-12-21,15802.900390625,0.1254253992002628
2017-12-22,13831.7998046875,0.10960272504813577
2017-12-23,14699.2001953125,0.11656563391143936
2017-12-24,13925.7998046875,0.11035729403406733
2017-12-25,14026.599609375,0.11116644729369653
2017-12-26,16099.7998046875,0.1278087086661438
2017-12-27,15838.5,0.12571116899968465
2017-12-28,14606.5,0.11582149888619882
2017-12-29,14656.2001953125,0.11622045873702386
2017-12-30,12952.2001953125,0.10254188903460512
2017-12-31,14156.400390625,0.11220840095200435
2018-01-01,13657.2001953125,0.10820115642909174
2018-01-02,14982.099609375,0.11883656076239435
2018-01-03,15201.0,0.120593746355734
2018-01-04,15599.2001953125,0.12379023058525206
2018-01-05,17429.5,0.13848265045305802
2018-01-06,17527.0,0.13926531509272105
2018-01-07,16477.599609375,0.1308414322353798
2018-01-08,15170.099609375,0.12034569873425745
2018-01-09,14595.400390625,0.11573239866289743
2018-01-10,14973.2998046875,0.11876592182942156
2018-01-11,13405.7998046875,0.1061830826225311
2018-01-12,13980.599609375,0.11079719013036832
2018-01-13,14360.2001953125,0.11384436916430322
2018-01-14,13772.0,0.10912269230364692
2018-01-15,13819.7998046875,0.10950639709248494
2018-01-16,11490.5,0.0908083397355317
2018-01-17,11188.599609375,0.08838488578227377
2018-01-18,11474.900390625,0.09068311652886125
2018-01-19,11607.400390625,0.09174673770583923
2018-01-20,12899.2001953125,0.10211644056381393
2018-01-21,11600.099609375,0.0916881319281337
2018-01-22,10931.400390625,0.08632026287084213
2018-01-23,10868.400390625,0.08581454110367524
2018-01-24,11359.400390625,0.08975595995572196
2018-01-25,11259.400390625,0.08895322699196499
2018-01-26,11171.400390625,0.08824682198385886
2018-01-27,11440.7001953125,0.09040858028741855
2018-01-28,11786.2998046875,0.09318282227448699
2018-01-29,11296.400390625,0.08925023818855507
2018-01-30,10106.2998046875,0.07969690848336992
2018-01-31,10221.099609375,0.0806184443579251
2018-02-01,9170.5400390625,0.0721852563831231
2018-02-02,8830.75,0.06945764973200574
2018-02-03,9174.91015625,0.07222033675434199
2018-02-04,8277.009765625,0.06501259433709253
2018-02-05,6955.27001953125,0.054402553700120336
2018-02-06,7754.0,0.060814222544752584
2018-02-07,7621.2998046875,0.05974899433400927
2018-02-08,8265.58984375,0.06492092285976661
2018-02-09,8736.98046875,0.06870493079470161
2018-02-10,8621.900390625,0.06778114507287496
2018-02-11,8129.97021484375,0.06383225939321127
2018-02-12,8926.5703125,0.07022683096641819
2018-02-13,8598.3095703125,0.06759177378180585
2018-02-14,9494.6298828125,0.07478683239109281
2018-02-15,10166.400390625,0.08017935569810132
2018-02-16,10233.900390625,0.08072120044863729
2018-02-17,11112.7001953125,0.0877756161662957
2018-02-18,10551.7998046875,0.08327308383690722
2018-02-19,11225.2998046875,0.0886794903478104
2018-02-20,11403.7001953125,0.09011156909082847
2018-02-21,10690.400390625,0.08438567642818784
2018-02-22,10005.0,0.07888374155892194
2018-02-23,10301.099609375,0.08126063072893068
2018-02-24,9813.0703125,0.0773430586901237
2018-02-25,9664.73046875,0.07615228586595688
2018-02-26,10366.7001953125,0.08178722825666872
2018-02-27,10725.599609375,0.08466823216007902
2018-02-28,10397.900390625,0.08203768250919871
2018-03-01,10951.0,0.08647759539606285
2018-03-02,11086.400390625,0.08756449896466544
2018-03-03,11489.7001953125,0.09080191943965947
2018-03-04,11512.599609375,0.09098574058484635
2018-03-05,11573.2998046875,0.09147300106168466
2018-03-06,10779.900390625,0.08510412243075033
2018-03-07,9965.5703125,0.07856722645985308
2018-03-08,9395.009765625,0.07398714887189543
2018-03-09,9337.5498046875,0.07352589882448823
2018-03-10,8866.0,0.06974061310173008
2018-03-11,9578.6298828125,0.07546112808064867
2018-03-12,9205.1201171875,0.0724628420691254
2018-03-13,9194.849609375,0.07238039731736923
2018-03-14,8269.8095703125,0.0649547959958642
2018-03-15,8300.8603515625,0.06520405085246202
2018-03-16,8338.349609375,0.06550498948279079
2018-03-17,7916.8798828125,0.06212171305541724
2018-03-18,8223.6796875,0.06458449622038581
2018-03-19,8630.650390625,0.06785138420720369
2018-03-20,8913.4697265625,0.07012166824465256
2018-03-21,8929.2802734375,0.07024858471616843
2018-03-22,8728.4697265625,0.06863661226170217
2018-03-23,8879.6201171875,0.06984994627209647
2018-03-24,8668.1201171875,0.06815216605375048
2018-03-25,8495.7802734375,0.06676873731828198
2018-03-26,8209.400390625,0.06446987159737746
2018-03-27,7833.0400390625,0.06144870299287366
2018-03-28,7954.47998046875,0.06242354143370877
2018-03-29,7165.7001953125,0.05609174608680816
2018-03-30,6890.52001953125,0.0538827841060877
2018-03-31,6973.52978515625,0.05454913085789698
2018-04-01,6844.22998046875,0.05351119870359704
2018-04-02,7083.7998046875,0.05543430465381557
2018-04-03,7456.10986328125,0.05842296022153048
2018-04-04,6853.83984375,0.053588340243927605
2018-04-05,6811.47021484375,0.05324822526607564
2018-04-06,6636.31982421875,0.05184223534437967
2018-04-07,6911.08984375,0.05404790486567847
2018-04-08,7023.52001953125,0.054950418947884466
2018-04-09,6770.72998046875,0.052921189975235663
2018-04-10,6834.759765625,0.05343517816730765
2018-04-11,6968.31982421875,0.0545073087840528
2018-04-12,7889.25,0.06189991887823388
2018-04-13,7895.9599609375,0.06195378194653441
2018-04-14,7986.240234375,0.06267849146118716
2018-04-15,8329.1103515625,0.06543082291472337
2018-04-16,8058.669921875,0.06325990843829582
2018-04-17,7902.08984375,0.06200298853651002
2018-04-18,8163.419921875,0.06410077121783124
2018-04-19,8294.3095703125,0.06515146557198466
2018-04-20,8845.830078125,0.06957870249007542
2018-04-21,8895.580078125,0.06997806213954451
2018-04-22,8802.4599609375,0.06923055626299134
2018-04-23,8930.8798828125,0.0702614253079129
2018-04-24,9697.5,0.07641533769536926
2018-04-25,8845.740234375,0.06957798128467829
2018-04-26,9281.509765625,0.07307604695803127
2018-04-27,8987.0498046875,0.07071231978652007
2018-04-28,9348.48046875,0.07361364286807547
2018-04-29,9419.080078125,0.07418036920481225
2018-04-30,9240.5498046875,0.07274724784964398
2018-05-01,9119.009765625,0.0717716058919262
2018-05-02,9235.919921875,0.07271008225412473
2018-05-03,9743.8603515625,0.07678748751947508
2018-05-04,9700.759765625,0.07644150490858236
2018-05-05,9858.150390625,0.07770493133732047
2018-05-06,9654.7998046875,0.07607256915200722
2018-05-07,9373.009765625,0.0738105476198689
2018-05-08,9234.8203125,0.07270125532719904
2018-05-09,9325.1796875,0.07342659981616881
2018-05-10,9043.9404296875,0.07116899958668242
2018-05-11,8441.490234375,0.06633293327869076
2018-05-12,8504.8896484375,0.06684186127419921
2018-05-13,8723.9404296875,0.06860025410266013
2018-05-14,8716.7900390625,0.06854285556007587
2018-05-15,8510.3798828125,0.06688593319531486
2018-05-16,8368.830078125,0.06574966625295468
2018-05-17,8094.31982421875,0.06354608195595626
2018-05-18,8250.9697265625,0.06480356235976265
2018-05-19,8247.1796875,0.06477313846686869
2018-05-20,8513.25,0.06690897257207737
2018-05-21,8418.990234375,0.06615231836184544
2018-05-22,8041.77978515625,0.06312432574323079
2018-05-23,7557.81982421875,0.05923941960540013
2018-05-24,7587.33984375,0.059476386533084964
2018-05-25,7480.14013671875,0.058615859147694224
2018-05-26,7355.8798828125,0.05761838112874065
2018-05-27,7368.22021484375,0.05771744104179256
2018-05-28,7135.990234375,0.05585325443684353
2018-05-29,7472.58984375,0.058555250457173844
2018-05-30,7406.52001953125,0.05802488619907366
2018-05-31,7494.169921875,0.058728480857887726
2018-06-01,7541.4501953125,0.05910801519812497
2018-06-02,7643.4501953125,0.059926802821157074
2018-06-03,7720.25,0.06054330016948461
2018-06-04,7514.47021484375,0.05889143800128712
2018-06-05,7633.759765625,0.05984901454772582
2018-06-06,7653.97998046875,0.060011328877619084
2018-06-07,7678.240234375,0.06020607393281569
2018-06-08,7624.919921875,0.05977805420799996
2018-06-09,7531.97998046875,0.059031994661835584
2018-06-10,6786.02001953125,0.05304392815896167
2018-06-11,6906.919921875,0.05401443152822493
2018-06-12,6582.35986328125,0.05140908095070397
2018-06-13,6349.89990234375,0.04954304821672209
2018-06-14,6675.35009765625,0.05215554421510696
2018-06-15,6456.580078125,0.05039940515351206
2018-06-16,6550.16015625,0.05115060328813096
2018-06-17,6499.27001953125,0.050742091385388564
2018-06-18,6734.81982421875,0.05263292731368028
2018-06-19,6769.93994140625,0.05291484807125442
2018-06-20,6776.5498046875,0.05296790762267228
2018-06-21,6729.740234375,0.05259215177158085
2018-06-22,6083.68994140625,0.04740609310747223
2018-06-23,6162.47998046875,0.048038566723183906
2018-06-24,6173.22998046875,0.04812486051678778
2018-06-25,6249.18017578125,0.04873453777059902
2018-06-26,6093.669921875,0.04748620570047139
2018-06-27,6157.1298828125,0.047995619725704
2018-06-28,5903.43994140625,0.04595916694030029
2018-06-29,6218.2998046875,0.04848665085249901
2018-06-30,6404.0,0.04997732753403352
2018-07-01,6385.81982421875,0.04983138927016846
2018-07-02,6614.18017578125,0.05166451308831195
2018-07-03,6529.58984375,0.05098547860894564
2018-07-04,6597.5498046875,0.05153101561754731
2018-07-05,6639.14013671875,0.051864874922498125
2018-07-06,6673.5,0.05214069287135854
2018-07-07,6856.93017578125,0.05361314735783199
2018-07-08,6773.8798828125,0.052946475279675095
2018-07-09,6741.75,0.05268855811912267
2018-07-10,6329.9501953125,0.0493829053422093
2018-07-11,6394.7099609375,0.04990275332813293
2018-07-12,6228.81005859375,0.04857102012517903
2018-07-13,6238.0498046875,0.04864519061284101
2018-07-14,6276.1201171875,0.0489507935606838
2018-07-15,6359.64013671875,0.0496212362887974
2018-07-16,6741.75,0.05268855811912267
2018-07-17,7321.0400390625,0.057338710218437984
2018-07-18,7370.77978515625,0.05773798755642153
2018-07-19,7466.85986328125,0.058509254015134356
2018-07-20,7354.1298828125,0.05760433330187491
2018-07-21,7419.2900390625,0.0581273953553292
2018-07-22,7418.490234375,0.058120975059456965
2018-07-23,7711.10986328125,0.06046992927911075
2018-07-24,8424.26953125,0.06619469701811566
2018-07-25,8181.39013671875,0.06424502405603998
2018-07-26,7951.580078125,0.06240026296167873
2018-07-27,8165.009765625,0.06411353341768472
2018-07-28,8192.150390625,0.06433140016112938
2018-07-29,8218.4599609375,0.06454259575465064
2018-07-30,8180.47998046875,0.06423771793179953
2018-07-31,7780.43994140625,0.061026464670018585
2018-08-01,7624.91015625,0.05977797581610897
2018-08-02,7567.14990234375,0.05931431521805378
2018-08-03,7434.39013671875,0.05824860881677541
2018-08-04,7032.85009765625,0.05502531456053812
2018-08-05,7068.47998046875,0.055311327374822035
2018-08-06,6951.7998046875,0.05437469714165637
2018-08-07,6753.1201171875,0.05277982979780454
2018-08-08,6305.7998046875,0.049189042195786355
2018-08-09,6568.22998046875,0.051295655723627806
2018-08-10,6184.7099609375,0.0482170141042433
2018-08-11,6295.72998046875,0.049108208397390066
2018-08-12,6322.68994140625,0.04932462489085138
2018-08-13,6297.56982421875,0.049122977429652936
2018-08-14,6199.7099609375,0.048337424048806844
2018-08-15,6308.52001953125,0.049210878257022146
2018-08-16,6334.72998046875,0.049421274253255286
2018-08-17,6580.6298828125,0.05139519382721476
2018-08-18,6423.759765625,0.05013594568626651
2018-08-19,6506.06982421875,0.050796675659086216
2018-08-20,6308.52978515625,0.04921095664891314
2018-08-21,6488.759765625,0.05065772211270854
2018-08-22,6376.7099609375,0.04975826139465668
2018-08-23,6534.8798828125,0.05102794349629595
2018-08-24,6719.9599609375,0.05251364229275247
2018-08-25,6763.18994140625,0.05286066359620083
2018-08-26,6707.259765625,0.05241169363851751
2018-08-27,6884.64013671875,0.05383558434852148
2018-08-28,7096.27978515625,0.055534485570908655
2018-08-29,7047.16015625,0.05514018611800309
2018-08-30,6978.22998046875,0.054586860875031375
2018-08-31,7037.580078125,0.05506328367294004
2018-09-01,7193.25,0.056312897450485386
2018-09-02,7272.72021484375,0.05695083106140465
2018-09-03,7260.06005859375,0.05684920381392276
2018-09-04,7361.66015625,0.05766478128901875
2018-09-05,6792.830078125,0.05309859474414486
2018-09-06,6529.169921875,0.05098210775763299
2018-09-07,6467.06982421875,0.050483609803221
2018-09-08,6225.97998046875,0.04854830215516958
2018-09-09,6300.85986328125,0.049149387657728104
2018-09-10,6329.7001953125,0.04938089850979991
2018-09-11,6321.2001953125,0.049312666207880565
2018-09-12,6351.7998046875,0.04955829935911456
2018-09-13,6517.31005859375,0.05088690472561788
2018-09-14,6512.7099609375,0.05084997822536615
2018-09-15,6543.2001953125,0.051094733387421036
2018-09-16,6517.18017578125,0.05088586211346769
2018-09-17,6281.2001953125,0.048991573022377784
2018-09-18,6371.2998046875,0.04971483228704717
2018-09-19,6398.5400390625,0.04993349862777995
2018-09-20,6519.669921875,0.05090584812607608
2018-09-21,6734.9501953125,0.05263397384542502
2018-09-22,6721.97998046875,0.05252985765540414
2018-09-23,6710.6298828125,0.05243874668009882
2018-09-24,6595.41015625,0.051513839954230985
2018-09-25,6446.47021484375,0.0503182499483627
2018-09-26,6495.0,0.05070781453105236
2018-09-27,6676.75,0.052166781692680644
2018-09-28,6644.1298828125,0.051904929259200434
2018-09-29,6601.9599609375,0.051566417395519246
2018-09-30,6625.56005859375,0.0517558631588848
2018-10-01,6589.6201171875,0.051467361402061894
2018-10-02,6556.10009765625,0.05119828515582678
2018-10-03,6502.58984375,0.050768740708731254
2018-10-04,6576.68994140625,0.05136356661879408
2018-10-05,6622.47998046875,0.05173113835646596
2018-10-06,6588.31005859375,0.05145684512988533
2018-10-07,6602.9501953125,0.05157436633326583
2018-10-08,6652.22998046875,0.051969951413183654
2018-10-09,6642.64013671875,0.05189297057622962
2018-10-10,6585.52978515625,0.05143452695851994
2018-10-11,6256.240234375,0.0487912111881916
2018-10-12,6274.580078125,0.048938431159474376
2018-10-13,6285.990234375,0.04903002424490931
2018-10-14,6290.93017578125,0.04906967878296755
2018-10-15,6596.5400390625,0.05152290989601875
2018-10-16,6596.10986328125,0.05151945673322055
2018-10-17,6544.43017578125,0.051104606846091465
2018-10-18,6476.7099609375,0.050560994358413644
2018-10-19,6465.41015625,0.050470287101346926
2018-10-20,6489.18994140625,0.05066117527550673
2018-10-21,6482.35009765625,0.050606269595056014
2018-10-22,6487.16015625,0.050644881520964066
2018-10-23,6475.740234375,0.05055321004363815
2018-10-24,6495.83984375,0.05071455623367766
2018-10-25,6476.2900390625,0.050557623507100996
2018-10-26,6474.75,0.050545261105891574
2018-10-27,6480.3798828125,0.0505904540310484
2018-10-28,6486.39013671875,0.05063870032035936
2018-10-29,6332.6298828125,0.04940441607709748
2018-10-30,6334.27001953125,0.049417581995189565
2018-10-31,6317.60986328125,0.0492838454291574
2018-11-01,6377.77978515625,0.04976684922631484
2018-11-02,6388.43994140625,0.04985242181452159
2018-11-03,6361.259765625,0.049634237583918404
2018-11-04,6376.1298828125,0.04975360491633176
2018-11-05,6419.66015625,0.050103036770428114
2018-11-06,6461.009765625,0.050434963715265985
2018-11-07,6530.14013671875,0.05098989599200303
2018-11-08,6453.72021484375,0.05037644808823508
2018-11-09,6385.6201171875,0.04982978615599768
2018-11-10,6409.22021484375,0.050019231919363236
2018-11-11,6411.27001953125,0.05003568637728243
2018-11-12,6371.27001953125,0.04971459319177964
2018-11-13,6359.490234375,0.049620032973270674
2018-11-14,5738.35009765625,0.04463393634470417
2018-11-15,5648.02978515625,0.04390890542329837
2018-11-16,5575.5498046875,0.0433270847279511
2018-11-17,5554.330078125,0.04315674698801482
2018-11-18,5623.5400390625,0.04371231815866345
2018-11-19,4871.490234375,0.037675366472566994
2018-11-20,4451.8701171875,0.034306937469347314
2018-11-21,4602.169921875,0.035513443546036215
2018-11-22,4365.93994140625,0.03361714762253691
2018-11-23,4347.10986328125,0.03346599237832634
2018-11-24,3880.760009765625,0.029722448377724094
2018-11-25,4009.969970703125,0.03075965932662691
2018-11-26,3779.1298828125,0.028906629847563304
2018-11-27,3820.719970703125,0.029240487192716845
2018-11-28,4257.419921875,0.032746021653484066
2018-11-29,4278.8466796875,0.03291802130150938
2018-11-30,4017.2685546875,0.03081824746615697
2018-12-01,4214.671875,0.032402868989856164
2018-12-02,4139.8779296875,0.031802473335938365
2018-12-03,3894.130859375,0.029829780595072918
2018-12-04,3956.893798828125,0.03033359939908598
2018-12-05,3753.994873046875,0.0287048628387311
2018-12-06,3521.101806640625,0.026835353424383725
2018-12-07,3419.937255859375,0.026023272227625974
2018-12-08,3476.11474609375,0.026474227459948655
2018-12-09,3614.234375,0.02758295925059792
2018-12-10,3502.656005859375,0.02668728290108369
2018-12-11,3424.588134765625,0.02606060636571086
2018-12-12,3486.9501953125,0.026561207182598707
2018-12-13,3313.67724609375,0.02517028810194593
2018-12-14,3242.48486328125,0.02459880337742594
2018-12-15,3236.76171875,0.024552861809710145
2018-12-16,3252.839111328125,0.02468192033964737
2018-12-17,3545.86474609375,0.027034133702169137
2018-12-18,3696.05908203125,0.02823979314643533
2018-12-19,3745.95068359375,0.028640289478323804
2018-12-20,4134.44140625,0.031758832570223175
2018-12-21,3896.543701171875,0.029849149271539737
2018-12-22,4014.1826171875,0.030793475628603535
2018-12-23,3998.980224609375,0.03067144101209918
2018-12-24,4078.59912109375,0.03131056813955879
2018-12-25,3815.49072265625,0.02919851029488796
2018-12-26,3857.297607421875,0.029534107940021526
2018-12-27,3654.83349609375,0.02790886177861306
2018-12-28,3923.918701171875,0.030068897420368206
2018-12-29,3820.40869140625,0.02923798845119148
2018-12-30,3865.95263671875,0.029603584713210365
2018-12-31,3742.700439453125,0.028614198697204427
2019-01-01,3843.52001953125,0.02942351070041289
2019-01-02,3943.409423828125,0.030225355876004372
2019-01-03,3836.7412109375,0.02936909496928087
2019-01-04,3857.717529296875,0.029537478791334178
2019-01-05,3845.194580078125,0.029436952949920724
2019-01-06,4076.632568359375,0.0312947819725103
2019-01-07,4025.248291015625,0.030882303440083723
2019-01-08,4030.847900390625,0.030927253350378475
2019-01-09,4035.29638671875,0.03096296281652255
2019-01-10,3678.924560546875,0.028102248694298233
2019-01-11,3687.365478515625,0.028170006725277072
2019-01-12,3661.301025390625,0.027960778768219716
2019-01-13,3552.953125,0.027091034456245604
2019-01-14,3706.05224609375,0.028320011568487333
2019-01-15,3630.67529296875,0.027714935918677318
2019-01-16,3655.0068359375,0.027910253234678165
2019-01-17,3678.56396484375,0.028099354073723357
2019-01-18,3657.83935546875,0.027932990802660363
2019-01-19,3728.568359375,0.028500755831952787
2019-01-20,3601.013671875,0.027476832308573097
2019-01-21,3576.032470703125,0.027276299972024014
2019-01-22,3604.5771484375,0.02750543750959604
2019-01-23,3585.123046875,0.027349273023551092
2019-01-24,3600.865478515625,0.027475642711627297
2019-01-25,3599.765869140625,0.027466815784701608
2019-01-26,3602.46044921875,0.027488446067223546
2019-01-27,3583.9658203125,0.02733998358446855
2019-01-28,3470.450439453125,0.026428758203376083
2019-01-29,3448.116943359375,0.026249479868272176
2019-01-30,3486.181640625,0.026555037740777644
2019-01-31,3457.792724609375,0.026327150553866942
2019-02-01,3487.9453125,0.026569195316290782
2019-02-02,3521.060791015625,0.02683502417844156
2019-02-03,3464.013427734375,0.026377086188428777
2019-02-04,3459.154052734375,0.02633807838347121
2019-02-05,3466.357421875,0.026395902202064104
2019-02-06,3413.767822265625,0.025973748150491846
2019-02-07,3399.4716796875,0.02585898830147154
2019-02-08,3666.7802734375,0.02800476249845799
2019-02-09,3671.20361328125,0.028040270105482767
2019-02-10,3690.188232421875,0.02819266590136828
2019-02-11,3648.4306640625,0.027857464135284227
2019-02-12,3653.528564453125,0.027898386662179267
2019-02-13,3632.070556640625,0.027726136160102787
2019-02-14,3616.880859375,0.02760420345305672
2019-02-15,3620.810791015625,0.027635750309789136
2019-02-16,3629.78759765625,0.027707810095786156
2019-02-17,3673.836181640625,0.028061402599496906
2019-02-18,3915.71435546875,0.03000303843294865
2019-02-19,3947.094482421875,0.03025493705607016
2019-02-20,3999.820556640625,0.030678186634319034
2019-02-21,3954.1181640625,0.030311318463868805
2019-02-22,4005.526611328125,0.0307239910162256
2019-02-23,4142.52685546875,0.03182373713636991
2019-02-24,3810.427490234375,0.029157866059205943
2019-02-25,3882.6962890625,0.02973799152991051
2019-02-26,3854.35791015625,0.02951051002103569
2019-02-27,3851.04736328125,0.02948393516998944
2019-02-28,3854.785400390625,0.029513941626063862
2019-03-01,3859.583740234375,0.029552459481702726
2019-03-02,3864.4150390625,0.02959124190997369
2019-03-03,3847.17578125,0.029452856704805703
2019-03-04,3761.55712890625,0.028765567559317945
2019-03-05,3896.375,0.02984779505162285
2019-03-06,3903.942626953125,0.02990854288774974
2019-03-07,3911.484375,0.02996908298536551
2019-03-08,3901.131591796875,0.02988597778192773
2019-03-09,3963.313720703125,0.03038513422822405
2019-03-10,3951.599853515625,0.030291103154979276
2019-03-11,3905.227294921875,0.029918855341009725
2019-03-12,3909.15625,0.029950394358553043
2019-03-13,3906.71728515625,0.02993081598377782
2019-03-14,3924.369140625,0.03007251324634021
2019-03-15,3960.9111328125,0.030365847863242767
2019-03-16,4048.725830078125,0.031070765385217327
2019-03-17,4025.22900390625,0.030882148616099014
2019-03-18,4032.50732421875,0.030940574092455268
2019-03-19,4071.190185546875,0.03125109417166052
2019-03-20,4087.476318359375,0.0313818283282677
2019-03-21,4029.326904296875,0.030915043813356486
2019-03-22,4023.96826171875,0.03087202822297196
2019-03-23,4035.826416015625,0.030967217536406137
2019-03-24,4022.168212890625,0.03085757863766488
2019-03-25,3963.070556640625,0.030383182270138347
2019-03-26,3985.080810546875,0.03055986583365042
2019-03-27,4087.066162109375,0.03137853586884604
2019-03-28,4069.107177734375,0.031234373181311958
2019-03-29,4098.37451171875,0.031469311718817373
2019-03-30,4106.66015625,0.03153582331872944
2019-03-31,4105.404296875,0.031525742121547885
2019-04-01,4158.18310546875,0.03194941501600811
2019-04-02,4879.8779296875,0.037742697267739926
2019-04-03,4973.02197265625,0.038490395204426035
2019-04-04,4922.798828125,0.03808723746783839
2019-04-05,5036.68115234375,0.03900140842423488
2019-04-06,5059.8173828125,0.03918713057277832
2019-04-07,5198.89697265625,0.04030356828631209
2019-04-08,5289.77099609375,0.041033044027937136
2019-04-09,5204.95849609375,0.040352226133050756
2019-04-10,5324.5517578125,0.041312240667299306
2019-04-11,5064.48779296875,0.039224621494645194
2019-04-12,5089.5390625,0.03942571629301214
2019-04-13,5096.58642578125,0.03948228780114644
2019-04-14,5167.72216796875,0.040053317852698674
2019-04-15,5067.1083984375,0.03924565795859287
2019-04-16,5235.5595703125,0.0405978710430684
2019-04-17,5251.93798828125,0.040729346003045445
2019-04-18,5298.3857421875,0.04110219743457563
2019-04-19,5303.8125,0.04114575980839982
2019-04-20,5337.88623046875,0.041419280874854185
2019-04-21,5314.53125,0.041231802747952524
2019-04-22,5399.365234375,0.04191279310499909
2019-04-23,5572.3623046875,0.043301497614731344
2019-04-24,5464.86669921875,0.04243859495504355
2019-04-25,5210.515625,0.04039683503861969
2019-04-26,5279.34814453125,0.04094937636268149
2019-04-27,5268.291015625,0.04086061714410592
2019-04-28,5285.13916015625,0.04099586275403968
2019-04-29,5247.3525390625,0.040692537090630206
2019-04-30,5350.7265625,0.04152235445272487
2019-05-01,5402.697265625,0.041939540418205516
2019-05-02,5505.28369140625,0.04276303547429169
2019-05-03,5768.28955078125,0.044874270204107114
2019-05-04,5831.16748046875,0.0453790120726366
2019-05-05,5795.70849609375,0.04509437111644504
2019-05-06,5746.80712890625,0.04470182372230315
2019-05-07,5829.50146484375,0.04536563841603339
2019-05-08,5982.45751953125,0.046593467087072085
2019-05-09,6174.52880859375,0.048135286638289705
2019-05-10,6378.84912109375,0.04977543313837845
2019-05-11,7204.771484375,0.05640538420347762
2019-05-12,6972.37158203125,0.05453983357962534
2019-05-13,7814.9150390625,0.06130320764319271
2019-05-14,7994.416015625,0.06274412115232557
2019-05-15,8205.16796875,0.06443589655182158
2019-05-16,7884.9091796875,0.06186507368268799
2019-05-17,7343.8955078125,0.0575221786001154
2019-05-18,7271.2080078125,0.05693869207708456
2019-05-19,8197.689453125,0.06437586404169998
2019-05-20,7978.30908203125,0.06261482548691809
2019-05-21,7963.32763671875,0.06249456448694742
2019-05-22,7680.06640625,0.06022073321643118
2019-05-23,7881.8466796875,0.06184048998567294
2019-05-24,7987.37158203125,0.06268757316175858
2019-05-25,8052.5439453125,0.0632107332050766
2019-05-26,8673.2158203125,0.06819307094247005
2019-05-27,8805.7783203125,0.06925719382755038
2019-05-28,8719.9619140625,0.06856831724627004
2019-05-29,8659.4873046875,0.06808286762211364
2019-05-30,8319.47265625,0.06535345795750347
2019-05-31,8574.501953125,0.06740066219075672
2019-06-01,8564.0166015625,0.06731649281739872
2019-06-02,8742.9580078125,0.06875291447117773
2019-06-03,8208.9951171875,0.0644666183339013
2019-06-04,7707.77099609375,0.06044312709158062
2019-06-05,7824.2314453125,0.061377993507198976
2019-06-06,7822.0234375,0.0613602691006457
2019-06-07,8043.951171875,0.06314175618019284
2019-06-08,7954.1279296875,0.06242071540603852
2019-06-09,7688.0771484375,0.060285038084611824
2019-06-10,8000.32958984375,0.06279159136191571
2019-06-11,7927.71435546875,0.06220868493887819
2019-06-12,8145.857421875,0.06395979124107143
2019-06-13,8230.923828125,0.06464264732512359
2019-06-14,8693.8330078125,0.06835857190273213
2019-06-15,8838.375,0.06951885812049222
2019-06-16,8994.48828125,0.07077203088988859
2019-06-17,9320.3525390625,0.07338785070445152
2019-06-18,9081.7626953125,0.07147261138049403
2019-06-19,9273.521484375,0.0730119223911999
2019-06-20,9527.16015625,0.0750479636191759
2019-06-21,10144.556640625,0.08000400871633066
2019-06-22,10701.69140625,0.08447631313255266
2019-06-23,10855.37109375,0.08570995064271386
2019-06-24,11011.1025390625,0.08696005828917246
2019-06-25,11790.9169921875,0.09321988596054796
2019-06-26,13016.2314453125,0.10305588898546075
2019-06-27,11182.806640625,0.08833838371253738
2019-06-28,12407.33203125,0.09816805267265803
2019-06-29,11959.37109375,0.09457212256259079
2019-06-30,10817.1552734375,0.08540317965569529
2019-07-01,10583.134765625,0.0835246198975329
2019-07-02,10801.677734375,0.08527893634766225
2019-07-03,11961.26953125,0.09458736194619961
2019-07-04,11215.4375,0.0886003223770977
2019-07-05,10978.4599609375,0.08669802555434296
2019-07-06,11208.55078125,0.08854504041557021
2019-07-07,11450.8466796875,0.09049002946215913
2019-07-08,12285.9580078125,0.09719374337708711
2019-07-09,12573.8125,0.0995044462735314
2019-07-10,12156.5126953125,0.0961546431836114
2019-07-11,11358.662109375,0.08975003352876297
2019-07-12,11815.986328125,0.09342112578391325
2019-07-13,11392.37890625,0.09002068937160157
2019-07-14,10256.05859375,0.08089907164929788
2019-07-15,10895.08984375,0.08602878614175608
2019-07-16,9477.6416015625,0.07465046185752332
2019-07-17,9693.802734375,0.07638565852543973
2019-07-18,10666.482421875,0.0841936790087705
2019-07-19,10530.732421875,0.08310396901047042
2019-07-20,10767.1396484375,0.08500168774679122
2019-07-21,10599.10546875,0.08365282199606104
2019-07-22,10343.1064453125,0.0815978334480323
2019-07-23,9900.767578125,0.07804703354960908
2019-07-24,9811.92578125,0.07733387116049946
2019-07-25,9911.841796875,0.07813592995399389
2019-07-26,9870.3037109375,0.07780249004565988
2019-07-27,9477.677734375,0.07465075190751999
2019-07-28,9552.8603515625,0.07525426755869927
2019-07-29,9519.1455078125,0.07498362739423886
2019-07-30,9607.423828125,0.07569226657123826
2019-07-31,10085.6279296875,0.07953096852851829
2019-08-01,10399.6689453125,0.08205187928065734
2019-08-02,10518.1748046875,0.08300316487784394
2019-08-03,10821.7265625,0.0854398748998686
2019-08-04,10970.1845703125,0.08663159626591643
2019-08-05,11805.6533203125,0.09333817932405472
2019-08-06,11478.1689453125,0.09070935429477624
2019-08-07,11941.96875,0.09443242821284324
2019-08-08,11966.4072265625,0.09462860392005044
2019-08-09,11862.9365234375,0.09379801047823495
2019-08-10,11354.0244140625,0.08971280521973092
2019-08-11,11523.5791015625,0.09107387658788853
2019-08-12,11382.6162109375,0.08994232099817698
2019-08-13,10895.830078125,0.08603472824709327
2019-08-14,10051.7041015625,0.07925865077759066
2019-08-15,10311.5458984375,0.08134448653472472
2019-08-16,10374.3388671875,0.08184854639380257
2019-08-17,10231.744140625,0.08070389151910627
2019-08-18,10345.810546875,0.08161954016264795
2019-08-19,10916.0537109375,0.08619707001414838
2019-08-20,10763.232421875,0.08497032315120537
2019-08-21,10138.0498046875,0.07995177619936276
2019-08-22,10131.0556640625,0.07989563192703437
2019-08-23,10407.96484375,0.08211847319205495
2019-08-24,10159.9609375,0.08012766408518128
2019-08-25,10138.517578125,0.07995553117094129
2019-08-26,10370.8203125,0.0818203017954782
2019-08-27,10185.5,0.08033267455850326
2019-08-28,9754.4228515625,0.0768722761887719
2019-08-29,9510.2001953125,0.07491182042209028
2019-08-30,9598.173828125,0.07561801377209074
2019-08-31,9630.6640625,0.07587882359342076
2019-09-01,9757.970703125,0.07690075596276925
2019-09-02,10346.7607421875,0.08162716769364146
2019-09-03,10623.5400390625,0.08384896634651186
2019-09-04,10594.4931640625,0.08361579750594557
2019-09-05,10575.533203125,0.08346359964958482
2019-09-06,10353.302734375,0.08167968242141693
2019-09-07,10517.2548828125,0.08299578036171251
2019-09-08,10441.2763671875,0.08238587577141739
2019-09-09,10334.974609375,0.08153255652040335
2019-09-10,10115.9755859375,0.0797745791689647
2019-09-11,10178.3720703125,0.08027545631726829
2019-09-12,10410.126953125,0.08213582915672056
2019-09-13,10360.546875,0.08173783352615473
2019-09-14,10358.048828125,0.081717780880439
2019-09-15,10347.712890625,0.08163481090301318
2019-09-16,10276.7939453125,0.08106552115144096
2019-09-17,10241.2724609375,0.08078037848714706
2019-09-18,10198.248046875,0.08043500733300409
2019-09-19,10266.4150390625,0.08098220624969478
2019-09-20,10181.6416015625,0.08030170192237238
2019-09-21,10019.716796875,0.07900187813864672
2019-09-22,10070.392578125,0.07940866933938184
2019-09-23,9729.32421875,0.07667080118973364
2019-09-24,8620.56640625,0.06777043674056546
2019-09-25,8486.9931640625,0.06669820029476747
2019-09-26,8118.9677734375,0.06374393916922526
2019-09-27,8251.845703125,0.06481059411238461
2019-09-28,8245.9150390625,0.06476298671698524
2019-09-29,8104.185546875,0.06362527736383082
2019-09-30,8293.8681640625,0.06514792225851183
2019-10-01,8343.2763671875,0.0655445381917962
2019-10-02,8393.0419921875,0.06594402326829088
2019-10-03,8259.9921875,0.06487598862785006
2019-10-04,8205.939453125,0.06444208951120994
2019-10-05,8151.50048828125,0.0640050899952811
2019-10-06,7988.15576171875,0.06269386803060521
2019-10-07,8245.623046875,0.06476064279944459
2019-10-08,8228.783203125,0.06462546382261818
2019-10-09,8595.740234375,0.06757114887528588
2019-10-10,8586.4736328125,0.06749676280992367
2019-10-11,8321.7568359375,0.06537179382080648
2019-10-12,8336.5556640625,0.06549058889241559
2019-10-13,8321.005859375,0.0653657654843892
2019-10-14,8374.6865234375,0.06579667786998253
2019-10-15,8205.369140625,0.06443751142477601
2019-10-16,8047.52685546875,0.06317045937107953
2019-10-17,8103.9111328125,0.06362307455169396
2019-10-18,7973.20751953125,0.06257387356306393
2019-10-19,7988.560546875,0.06269711737448683
2019-10-20,8222.078125,0.06457163995026313
2019-10-21,8243.720703125,0.06474537205907936
2019-10-22,8078.203125,0.0634167078986578
2019-10-23,7514.671875,0.05889305679383611
2019-10-24,7493.48876953125,0.05872301302349104
2019-10-25,8660.7001953125,0.06809260389497485
2019-10-26,9244.97265625,0.07278275153707421
2019-10-27,9551.71484375,0.07524507218988591
2019-10-28,9256.1484375,0.07287246321712533
2019-10-29,9427.6875,0.0742494638175325
2019-10-30,9205.7265625,0.072467710205556
2019-10-31,9199.5849609375,0.07241840954531119
2019-11-01,9261.1044921875,0.07291224710180372
2019-11-02,9324.7177734375,0.0734228918797249
2019-11-03,9235.3544921875,0.0727055433636363
2019-11-04,9412.6123046875,0.07412845025540832
2019-11-05,9342.52734375,0.0735658551713268
2019-11-06,9360.8798828125,0.07371317705206787
2019-11-07,9267.5615234375,0.07296407982012755
2019-11-08,8804.880859375,0.06924998961276822
2019-11-09,8813.58203125,0.069319836787642
2019-11-10,9055.5263671875,0.07126200372615521
2019-11-11,8757.7880859375,0.06887196039683803
2019-11-12,8815.662109375,0.06933653426042327
2019-11-13,8808.2626953125,0.06927713672461872
2019-11-14,8708.0947265625,0.06847305542033669
2019-11-15,8491.9921875,0.06673832910376622
2019-11-16,8550.7607421875,0.06721008366456632
2019-11-17,8577.9755859375,0.06742854618638253
2019-11-18,8309.2861328125,0.06527168737600983
2019-11-19,8206.1455078125,0.06444374358010986
2019-11-20,8027.26806640625,0.06300783539321685
2019-11-21,7642.75,0.059921182122572955
2019-11-22,7296.57763671875,0.057142342451097845
2019-11-23,7397.796875,0.05795486264244515
2019-11-24,7047.9169921875,0.05514626148955496
2019-11-25,7146.1337890625,0.05593468009401681
2019-11-26,7218.37109375,0.05651455275087293
2019-11-27,7531.66357421875,0.059029454764567446
2019-11-28,7463.10595703125,0.05847912017223707
2019-11-29,7761.24365234375,0.06087236972989582
2019-11-30,7569.6298828125,0.05933422283877117
2019-12-01,7424.29248046875,0.0581675516014898
2019-12-02,7321.98828125,0.05734632207105329
2019-12-03,7320.1455078125,0.057331529521223126
2019-12-04,7252.03466796875,0.05678478135790563
2019-12-05,7448.3076171875,0.05836032902022251
2019-12-06,7546.99658203125,0.05915253787261381
2019-12-07,7556.23779296875,0.05922672011905944
2019-12-08,7564.34521484375,0.05929180106696091
2019-12-09,7400.8994140625,0.05797976774621327
2019-12-10,7278.11962890625,0.056994173937934066
2019-12-11,7217.42724609375,0.056506976174608564
2019-12-12,7243.13427734375,0.05671333498845562
2019-12-13,7269.6845703125,0.05692646294208982
2019-12-14,7124.673828125,0.055762413913562126
2019-12-15,7152.3017578125,0.05598419241236729
2019-12-16,6932.48046875,0.05421961446370711
2019-12-17,6640.51513671875,0.051875912500749785
2019-12-18,7276.802734375,0.05698360279143381
2019-12-19,7202.84423828125,0.05638991356379037
2019-12-20,7218.81640625,0.05651812742110216
2019-12-21,7191.15869140625,0.05629610982702948
2019-12-22,7511.5888671875,0.05886830847384997
2019-12-23,7355.62841796875,0.05761636253754761
2019-12-24,7322.5322265625,0.05735068849938154
2019-12-25,7275.15576171875,0.05697038199901803
2019-12-26,7238.966796875,0.05667988124897483
2019-12-27,7290.08837890625,0.05709025103953373
2019-12-28,7317.990234375,0.057314228430881214
2019-12-29,7422.65283203125,0.05815438960299226
2019-12-30,7292.9951171875,0.05711358438588747
2019-12-31,7193.59912109375,0.05631569996058835
2020-01-01,7200.17431640625,0.05636848122079319
2020-01-02,6985.47021484375,0.05464498062301276
2020-01-03,7344.88427734375,0.05753011577907833
2020-01-04,7410.65673828125,0.05805809300409782
2020-01-05,7411.3173828125,0.05806339621552342
2020-01-06,7769.21923828125,0.060936392387268896
2020-01-07,8163.6923828125,0.06410295835158991
2020-01-08,8079.86279296875,0.06343003060053187
2020-01-09,7879.0712890625,0.06181821101025304
2020-01-10,8166.55419921875,0.06412593109524509
2020-01-11,8037.53759765625,0.06309027230578391
2020-01-12,8192.494140625,0.0643341595556923
2020-01-13,8144.1943359375,0.06394644110203551
2020-01-14,8827.7646484375,0.06943368533092953
2020-01-15,8807.0107421875,0.06926708688419356
2020-01-16,8723.7861328125,0.06859901551078246
2020-01-17,8929.0380859375,0.07024664059727183
2020-01-18,8942.80859375,0.0703571810027595
2020-01-19,8706.2451171875,0.06845820799618282
2020-01-20,8657.642578125,0.06806805939390528
2020-01-21,8745.89453125,0.068776486912799
2020-01-22,8680.8759765625,0.06825456154176408
2020-01-23,8406.515625,0.0660521805602924
2020-01-24,8445.4345703125,0.06636459576346238
2020-01-25,8367.84765625,0.0657417800287209
2020-01-26,8596.830078125,0.06757989741032057
2020-01-27,8909.8193359375,0.0700923653557998
2020-01-28,9358.58984375,0.07369479415363027
2020-01-29,9316.6298828125,0.0733579677156054
2020-01-30,9508.9931640625,0.07490213118436369
2020-01-31,9350.529296875,0.07363008948680556
2020-02-01,9392.875,0.0739700124045246
2020-02-02,9344.365234375,0.07358060852521148
2020-02-03,9293.521484375,0.0731724689839513
2020-02-04,9180.962890625,0.07226892404837876
2020-02-05,9613.423828125,0.07574043054906368
2020-02-06,9729.8017578125,0.07667463455320314
2020-02-07,9795.943359375,0.07720557499170212
2020-02-08,9865.119140625,0.07776087179073228
2020-02-09,10116.673828125,0.07978018418917061
2020-02-10,9856.611328125,0.07769257677530016
2020-02-11,10208.236328125,0.0805151865591106
2020-02-12,10326.0546875,0.08146095336717137
2020-02-13,10214.3798828125,0.08056450289773359
2020-02-14,10312.1162109375,0.08134906462115864
2020-02-15,9889.4248046875,0.077955981368222
2020-02-16,9934.43359375,0.07831728175461454
2020-02-17,9690.142578125,0.07635627724469597
2020-02-18,10141.99609375,0.07998345436251258
2020-02-19,9633.38671875,0.0759006792526293
2020-02-20,9608.4755859375,0.07570070937789808
2020-02-21,9686.44140625,0.07632656671801005
2020-02-22,9663.181640625,0.07613985291204556
2020-02-23,9924.515625,0.07823766695012317
2020-02-24,9650.1748046875,0.07603544275243346
2020-02-25,9341.705078125,0.07355925457410528
2020-02-26,8820.5224609375,0.06937554990456994
2020-02-27,8784.494140625,0.06908633870113355
2020-02-28,8672.455078125,0.06818696421416177
2020-02-29,8599.5087890625,0.06760140030601965
2020-03-01,8562.4541015625,0.06730395011484001
2020-03-02,8869.669921875,0.06977007277436482
2020-03-03,8787.7861328125,0.06911276460758692
2020-03-04,8755.24609375,0.06885155498761283
2020-03-05,9078.7626953125,0.07144852939158132
2020-03-06,9122.5458984375,0.07179999159565437
2020-03-07,8909.9541015625,0.07009344716389548
2020-03-08,8108.1162109375,0.06365683009995506
2020-03-09,7923.64453125,0.06217601511830733
2020-03-10,7909.7294921875,0.06206431451283297
2020-03-11,7911.43017578125,0.06207796646064922
2020-03-12,4970.7880859375,0.038472463059361646
2020-03-13,5563.70703125,0.04323201888174523
2020-03-14,5200.3662109375,0.04031536234631182
2020-03-15,5392.31494140625,0.04185619807929749
2020-03-16,5014.47998046875,0.03882319229925391
2020-03-17,5225.62939453125,0.04051815824871329
2020-03-18,5238.4384765625,0.040620980972532805
2020-03-19,6191.19287109375,0.048269054561078266
2020-03-20,6198.7783203125,0.04832994546240622
2020-03-21,6185.06640625,0.0482198754082645
2020-03-22,5830.2548828125,0.04537168635042341
2020-03-23,6416.31494140625,0.05007618362816884
2020-03-24,6734.8037109375,0.05263279796706014
2020-03-25,6681.06298828125,0.05220140347133722
2020-03-26,6716.4404296875,0.05248538985523899
2020-03-27,6469.79833984375,0.05050551249756413
2020-03-28,6242.19384765625,0.04867845621178342
2020-03-29,5922.04296875,0.046108499573045296
2020-03-30,6429.841796875,0.05018476815597626
2020-03-31,6438.64453125,0.050255430606516355
2020-04-01,6606.7763671875,0.05160508027615645
2020-04-02,6793.62451171875,0.05310497192447705
2020-04-03,6733.38720703125,0.05262142722327177
2020-04-04,6867.52734375,0.05369821431834184
2020-04-05,6791.12939453125,0.053084942796328624
2020-04-06,7271.78125,0.056943293681085784
2020-04-07,7176.41455078125,0.05617775375000992
2020-04-08,7334.0986328125,0.057443535855072336
2020-04-09,7302.08935546875,0.057186586834373665
2020-04-10,6865.4931640625,0.05368188528744823
2020-04-11,6859.0830078125,0.05363042885020115
2020-04-12,6971.091796875,0.05452956032231085
2020-04-13,6845.03759765625,0.05351768171298207
2020-04-14,6842.427734375,0.05349673148011448
2020-04-15,6642.10986328125,0.05188871389654876
2020-04-16,7116.80419921875,0.05569924180820631
2020-04-17,7096.1845703125,0.05553372124997148
2020-04-18,7257.6650390625,0.056829978202657006
2020-04-19,7189.4248046875,0.05628219134678386
2020-04-20,6881.95849609375,0.05381405793525511
2020-04-21,6880.3232421875,0.05380093121310852
2020-04-22,7117.20751953125,0.05570247939330428
2020-04-23,7429.724609375,0.05821115709085404
2020-04-24,7550.90087890625,0.059183878950632374
2020-04-25,7569.93603515625,0.05933668042455377
2020-04-26,7679.8671875,0.06021913402185494
2020-04-27,7795.60107421875,0.06114816808078349
2020-04-28,7807.05859375,0.06124014136688973
2020-04-29,8801.0380859375,0.06921914240366292
2020-04-30,8658.5537109375,0.06807537335733482
2020-05-01,8864.7666015625,0.0697307122058978
2020-05-02,8988.5966796875,0.07072473706205318
2020-05-03,8897.46875,0.06999322313126234
2020-05-04,8912.654296875,0.07011512252175474
2020-05-05,9003.0703125,0.07084092168369226
2020-05-06,9268.76171875,0.07297371418353045
2020-05-07,9951.5185546875,0.07845442836790485
2020-05-08,9842.666015625,0.07758063315496373
2020-05-09,9593.896484375,0.07558367812383629
2020-05-10,8756.4306640625,0.06886106392399015
2020-05-11,8601.7958984375,0.06761975968688995
2020-05-12,8804.4775390625,0.06924675202767026
2020-05-13,9269.9873046875,0.07298355236584994
2020-05-14,9733.7216796875,0.0767061010582473
2020-05-15,9328.197265625,0.0734508229104853
2020-05-16,9377.013671875,0.07384268829517557
2020-05-17,9670.7392578125,0.07620052039648419
2020-05-18,9726.5751953125,0.07664873387241943
2020-05-19,9729.0380859375,0.07666850430732758
2020-05-20,9522.9814453125,0.07501441972902047
2020-05-21,9081.76171875,0.07147260354130493
2020-05-22,9182.5771484375,0.07228188222795971
2020-05-23,9209.287109375,0.07249629188901163
2020-05-24,8790.3681640625,0.06913349142356517
2020-05-25,8906.9345703125,0.07006920839120079
2020-05-26,8835.052734375,0.06949218919917677
2020-05-27,9181.017578125,0.07226936304296831
2020-05-28,9525.7509765625,0.07503665166930577
2020-05-29,9439.1240234375,0.07434126856107309
2020-05-30,9700.4140625,0.07643872983564125
2020-05-31,9461.05859375,0.07451734458742999
2020-06-01,10167.2685546875,0.0801863247372105
2020-06-02,9529.8037109375,0.07506918430406741
2020-06-03,9656.7177734375,0.07608796531939803
2020-06-04,9800.63671875,0.07724325013451283
2020-06-05,9665.533203125,0.07615872967939641
2020-06-06,9653.6796875,0.07606357760211045
2020-06-07,9758.8525390625,0.07690783475052582
2020-06-08,9771.4892578125,0.07700927385746933
2020-06-09,9795.7001953125,0.07720362303361643
2020-06-10,9870.0947265625,0.07780081245919265
2020-06-11,9321.78125,0.07339931943810363
2020-06-12,9480.84375,0.07467616655857956
2020-06-13,9475.27734375,0.07463148318071418
2020-06-14,9386.7880859375,0.07392115073886936
2020-06-15,9450.7021484375,0.07443420998703308
2020-06-16,9538.0244140625,0.07513517459790438
2020-06-17,9480.2548828125,0.07467143952755274
2020-06-18,9411.8408203125,0.07412225729601996
2020-06-19,9288.0185546875,0.07312829515337736
2020-06-20,9332.3408203125,0.07348408458983316
2020-06-21,9303.6298828125,0.073253612430317
2020-06-22,9648.7177734375,0.07602374668229747
2020-06-23,9629.658203125,0.0758707492286486
2020-06-24,9313.6103515625,0.07333372894291072
2020-06-25,9264.8134765625,0.07294202034200244
2020-06-26,9162.91796875,0.07212407151220394
2020-06-27,9045.390625,0.07118064078249473
2020-06-28,9143.58203125,0.07196885556803999
2020-06-29,9190.8544921875,0.07234832719476444
2020-06-30,9137.9931640625,0.07192399188882534
2020-07-01,9228.3251953125,0.07264911688050033
2020-07-02,9123.41015625,0.07180692927800714
2020-07-03,9087.3037109375,0.07151709093944282
2020-07-04,9132.48828125,0.07187980237987321
2020-07-05,9073.9423828125,0.07140983515418772
2020-07-06,9375.474609375,0.07383033373315524
2020-07-07,9252.27734375,0.07284138867153614
2020-07-08,9428.3330078125,0.07425464552152707
2020-07-09,9277.9677734375,0.07304761421916851
2020-07-10,9278.8076171875,0.07305435592179381
2020-07-11,9240.3466796875,0.07274561729831135
2020-07-12,9276.5,0.07303583191795243
2020-07-13,9243.6142578125,0.07277184722503724
2020-07-14,9243.2138671875,0.07276863315750656
2020-07-15,9192.8369140625,0.0723642407486358
2020-07-16,9132.2275390625,0.07187770931638372
2020-07-17,9151.392578125,0.0720315534024553
2020-07-18,9159.0400390625,0.07209294209229106
2020-07-19,9185.8173828125,0.07230789265739082
2020-07-20,9164.2314453125,0.07213461522154235
2020-07-21,9374.8876953125,0.07382562238050663
2020-07-22,9525.36328125,0.0750335395112334
2020-07-23,9581.072265625,0.07548073389258574
2020-07-24,9536.892578125,0.07512608897773843
2020-07-25,9677.11328125,0.07625168678373459
2020-07-26,9905.1669921875,0.07808234909650093
2020-07-27,10990.873046875,0.08679766948698275
2020-07-28,10912.8232421875,0.08617113797660826
2020-07-29,11100.4677734375,0.08767742248363926
2020-07-30,11111.2138671875,0.08776368492048672
2020-07-31,11323.466796875,0.0894675091536282
2020-08-01,11759.5927734375,0.09296843613100236
2020-08-02,11053.6142578125,0.08730131386903836
2020-08-03,11246.3486328125,0.08884845622965433
2020-08-04,11205.892578125,0.08852370214284222
2020-08-05,11747.0224609375,0.0928675300889176
2020-08-06,11779.7734375,0.0931304329737371
2020-08-07,11601.47265625,0.09169915382800715
2020-08-08,11754.0458984375,0.09292390953691897
2020-08-09,11675.7392578125,0.09229531631981139
2020-08-10,11878.111328125,0.09391982363764725
2020-08-11,11410.525390625,0.09016635718344271
2020-08-12,11584.9345703125,0.09156639716061239
2020-08-13,11784.1376953125,0.0931654663098214
2020-08-14,11768.87109375,0.09304291626663376
2020-08-15,11865.6982421875,0.09382017970500746
2020-08-16,11892.8037109375,0.09403776423764455
2020-08-17,12254.40234375,0.09694043565972502
2020-08-18,11991.2333984375,0.09482789178533003
2020-08-19,11758.283203125,0.09295792377842035
2020-08-20,11878.3720703125,0.09392191670113674
2020-08-21,11592.4892578125,0.09162704112748371
2020-08-22,11681.8251953125,0.09234417014627753
2020-08-23,11664.84765625,0.09220788584378814
2020-08-24,11774.595703125,0.09308886959313321
2020-08-25,11366.134765625,0.08981001900374996
2020-08-26,11488.36328125,0.09079118758978268
2020-08-27,11323.3974609375,0.08946695257120214
2020-08-28,11542.5,0.09122576087668532
2020-08-29,11506.865234375,0.09093970886645592
2020-08-30,11711.505859375,0.09258242662056919
2020-08-31,11680.8203125,0.09233610362069447
2020-09-01,11970.478515625,0.09466128549940496
2020-09-02,11414.0341796875,0.09019452338987609
2020-09-03,10245.296875,0.08081268378542482
2020-09-04,10511.8134765625,0.08295210040005183
2020-09-05,10169.5673828125,0.08020477818834999
2020-09-06,10280.3515625,0.08109407931732932
2020-09-07,10369.5634765625,0.08181021275910753
2020-09-08,10131.5166015625,0.07989933202428919
2020-09-09,10242.34765625,0.08078900943434526
2020-09-10,10363.138671875,0.08175863873402398
2020-09-11,10400.9150390625,0.0820618820859479
2020-09-12,10442.1708984375,0.08239305646863225
2020-09-13,10323.755859375,0.08144249991603188
2020-09-14,10680.837890625,0.08430891508852859
2020-09-15,10796.951171875,0.08524099467242217
2020-09-16,10974.9052734375,0.08666949090602191
2020-09-17,10948.990234375,0.08646146234489673
2020-09-18,10944.5859375,0.08642610760205939
2020-09-19,11094.3466796875,0.08762828644636553
2020-09-20,10938.271484375,0.08637541940534403
2020-09-21,10462.259765625,0.08255431642759167
2020-09-22,10538.4599609375,0.0831660005138123
2020-09-23,10246.1865234375,0.08081982528669418
2020-09-24,10760.06640625,0.0849449085001458
2020-09-25,10692.716796875,0.08440427098473112
2020-09-26,10750.7236328125,0.08486991097803386
2020-09-27,10775.26953125,0.08506694899604197
2020-09-28,10709.65234375,0.08454021820208925
2020-09-29,10844.640625,0.08562381363289197
2020-09-30,10784.4912109375,0.08514097445870561
2020-10-01,10619.4521484375,0.08381615150094265
2020-10-02,10575.974609375,0.08346714296305766
2020-10-03,10549.3291015625,0.08325325068848627
2020-10-04,10669.5830078125,0.08421856843416042
2020-10-05,10793.33984375,0.08521200535113337
2020-10-06,10604.40625,0.08369537311449145
2020-10-07,10668.96875,0.08421363758421703
2020-10-08,10915.685546875,0.08619411463985797
2020-10-09,11064.4580078125,0.08738836022479575
2020-10-10,11296.361328125,0.0892499246209911
2020-10-11,11384.181640625,0.08995488721830298
2020-10-12,11555.36328125,0.09132901867549985
2020-10-13,11425.8994140625,0.09028976953743124
2020-10-14,11429.5068359375,0.09031872750196364
2020-10-15,11495.349609375,0.09084726914859827
2020-10-16,11322.123046875,0.0894567224294277
2020-10-17,11358.1015625,0.08974553383422003
2020-10-18,11483.359375,0.09075101958483843
2020-10-19,11742.037109375,0.09282751102856625
2020-10-20,11916.3349609375,0.09422665733817862
2020-10-21,12823.689453125,0.10151029094509732
2020-10-22,12965.8916015625,0.10265179446577576
2020-10-23,12931.5390625,0.10237603531083357
2020-10-24,13108.0625,0.103793047132403
2020-10-25,13031.173828125,0.10317583641786744
2020-10-26,13075.248046875,0.10352963470029206
2020-10-27,13654.21875,0.10817722338477193
2020-10-28,13271.28515625,0.10510328919844147
2020-10-29,13437.8828125,0.10644062350200675
2020-10-30,13546.5224609375,0.10731270977172425
2020-10-31,13780.9951171875,0.10919489907443955
2020-11-01,13737.109375,0.10884261375551109
2020-11-02,13550.4892578125,0.10734455255784515
2020-11-03,13950.30078125,0.11055397144937688
2020-11-04,14133.70703125,0.11202623387571739
2020-11-05,15579.8486328125,0.12363488921406253
2020-11-06,15565.880859375,0.12352276529237682
2020-11-07,14833.75390625,0.11764574090309293
2020-11-08,15479.5673828125,0.12282989856384499
2020-11-09,15332.3154296875,0.12164785859633466
2020-11-10,15290.90234375,0.12131542210420534
2020-11-11,15701.33984375,0.12461013921232535
2020-11-12,16276.34375,0.1292258851106843
2020-11-13,16317.80859375,0.12955873707983587
2020-11-14,16068.138671875,0.12755455431635898
2020-11-15,15955.587890625,0.12665107209429924
2020-11-16,16716.111328125,0.13275604442420935
2020-11-17,17645.40625,0.14021580109261955
2020-11-18,17804.005859375,0.14148893243746247
2020-11-19,17817.08984375,0.1415939618930134
2020-11-20,18621.314453125,0.14804973793511222
2020-11-21,18642.232421875,0.14821765336561685
2020-11-22,18370.001953125,0.1460323696555705
2020-11-23,18364.12109375,0.14598516205881518
2020-11-24,19107.46484375,0.15195222737409236
2020-11-25,18732.12109375,0.14893921936544083
2020-11-26,17150.623046875,0.13624401322200258
2020-11-27,17108.40234375,0.13590509372048823
2020-11-28,17717.4140625,0.14079383154003736
2020-11-29,18177.484375,0.14448696759493454
2020-11-30,19625.8359375,0.15611336301821116
2020-12-01,18802.998046875,0.14950817203188177
2020-12-02,19201.091796875,0.152703801789788
2020-12-03,19445.3984375,0.15466493172673218
2020-12-04,18699.765625,0.14867949135220648
2020-12-05,19154.23046875,0.15232763046167433
2020-12-06,19345.12109375,0.15385997243327104
2020-12-07,19191.630859375,0.15262785572579507
2020-12-08,18321.14453125,0.14564017502493806
2020-12-09,18553.916015625,0.14750870846024258
2020-12-10,18264.9921875,0.14518942165173468
2020-12-11,18058.904296875,0.1435350862193764
2020-12-12,18803.65625,0.14951345564533464
2020-12-13,19142.3828125,0.15223252541952298
2020-12-14,19246.64453125,0.1530694686045088
2020-12-15,19417.076171875,0.15443757956447748
2020-12-16,21310.59765625,0.16963750069537586
2020-12-17,22805.162109375,0.18163486222520428
2020-12-18,23137.9609375,0.18430634812156058
2020-12-19,23869.83203125,0.19018131864330048
2020-12-20,23477.294921875,0.1870302938713686
2020-12-21,22803.08203125,0.181618164752423
2020-12-22,23783.029296875,0.18948452448102995
2020-12-23,23241.345703125,0.18513625171473533
2020-12-24,23735.94921875,0.18910659717455805
2020-12-25,24664.791015625,0.1965627164592262
2020-12-26,26437.037109375,0.21078912005265268
2020-12-27,26272.294921875,0.20946668020837586
2020-12-28,27084.80859375,0.2159889952875486
2020-12-29,27362.4375,0.21821761403493528
2020-12-30,28840.953125,0.23008614633110766
2020-12-31,29001.720703125,0.23137668067575076
2021-01-01,29374.15234375,0.23436631222250853
2021-01-02,32127.267578125,0.25646647573905157
2021-01-03,32782.0234375,0.2617224168543849
2021-01-04,31971.9140625,0.2552194018587744
2021-01-05,33992.4296875,0.2714387468185095
2021-01-06,36824.36328125,0.2941716112872481
2021-01-07,39371.04296875,0.3146146486201135
2021-01-08,40797.609375,0.3260661674129654
2021-01-09,40254.546875,0.32170682571166276
2021-01-10,38356.44140625,0.30647010742713277
2021-01-11,35566.65625,0.2840755823599152
2021-01-12,33922.9609375,0.2708810982627496
2021-01-13,37316.359375,0.298121026112176
2021-01-14,39187.328125,0.31313990901001765
2021-01-15,36825.3671875,0.29417966997364203
2021-01-16,36178.140625,0.28898416900626345
2021-01-17,35791.27734375,0.28587868992299786
2021-01-18,36630.07421875,0.2926119889375862
2021-01-19,36069.8046875,0.28811452072435584
2021-01-20,35547.75,0.2839238156589549
2021-01-21,30825.69921875,0.24601835747251768
2021-01-22,33005.76171875,0.263518437790522
2021-01-23,32067.642578125,0.2559878462094115
2021-01-24,32289.37890625,0.2577677968078952
2021-01-25,32366.392578125,0.25838601093863545
2021-01-26,32569.849609375,0.2600192275955605
2021-01-27,30432.546875,0.24286239401145332
2021-01-28,33466.09765625,0.2672137061048541
2021-01-29,34316.38671875,0.2740392566967617
2021-01-30,34269.5234375,0.2736630696902698
2021-01-31,33114.359375,0.2643901869751082
2021-02-01,33537.17578125,0.2677842736442495
2021-02-02,35510.2890625,0.28362310436511
2021-02-03,37472.08984375,0.2993711259194455
2021-02-04,36926.06640625,0.29498801579679407
2021-02-05,38144.30859375,0.30476724741425054
2021-02-06,39266.01171875,0.3137715281541175
2021-02-07,38903.44140625,0.31086105673888337
2021-02-08,46196.46484375,0.36940455992621746
2021-02-09,46481.10546875,0.3716894640513363
2021-02-10,44918.18359375,0.35914337496294285
2021-02-11,47909.33203125,0.3831543094656568
2021-02-12,47504.8515625,0.37990741141104184
2021-02-13,47105.515625,0.3767018102046014
2021-02-14,48717.2890625,0.38964004688849274
2021-02-15,47945.05859375,0.38344109835966156
2021-02-16,49199.87109375,0.39351389193050446
2021-02-17,52149.0078125,0.41718758451817134
2021-02-18,51679.796875,0.4134210736533057
2021-02-19,55888.1328125,0.4472027734492491
2021-02-20,56099.51953125,0.4488996443216595
2021-02-21,57539.9453125,0.46046241688620715
2021-02-22,54207.3203125,0.43371033745280146
2021-02-23,48824.42578125,0.3905000686461866
2021-02-24,49705.33203125,0.397571393494732
2021-02-25,47093.8515625,0.3766081789300007
2021-02-26,46339.76171875,0.37055485117787607
2021-02-27,46188.453125,0.3693402472188477
2021-02-28,45137.76953125,0.3609060636670301
2021-03-01,49631.2421875,0.39697664989615467
2021-03-02,48378.98828125,0.38692439500075165
2021-03-03,50538.2421875,0.4042574378774304
2021-03-04,48561.16796875,0.38838681140558357
2021-03-05,48927.3046875,0.391325911539408
2021-03-06,48912.3828125,0.39120612872997235
2021-03-07,51206.69140625,0.40962330010231257
2021-03-08,52246.5234375,0.41797037458485997
2021-03-09,54824.1171875,0.43866156928784933
2021-03-10,56008.55078125,0.4481694081786919
2021-03-11,57805.12109375,0.46259107029420093
2021-03-12,57332.08984375,0.4587938925215793
2021-03-13,61243.0859375,0.4901887473773579
2021-03-14,59302.31640625,0.4746095505994626
2021-03-15,55907.19921875,0.4473558257772216
2021-03-16,56804.90234375,0.454561984678273
2021-03-17,58870.89453125,0.4711463849959792
2021-03-18,57858.921875,0.46302294690005347
2021-03-19,58346.65234375,0.4669381201469961
2021-03-20,58313.64453125,0.46667315555544353
2021-03-21,57523.421875,0.46032977780664885
2021-03-22,54529.14453125,0.43629372654206106
2021-03-23,54738.9453125,0.43797786657137444
2021-03-24,52774.265625,0.42220673508757456
2021-03-25,51704.16015625,0.4136166457429523
2021-03-26,55137.3125,0.4411756913022285
2021-03-27,55973.51171875,0.44788813807381295
2021-03-28,55950.74609375,0.44770539089753264
2021-03-29,57750.19921875,0.4621501942992625
2021-03-30,58917.69140625,0.47152203893761235
2021-03-31,58918.83203125,0.4715311951104802
2021-04-01,59095.80859375,0.4729518443157917
2021-04-02,59384.3125,0.4752677602729869
2021-04-03,57603.890625,0.46097572698842204
2021-04-04,58758.5546875,0.4702445960387649
2021-04-05,59057.87890625,0.47264737021117914
2021-04-06,58192.359375,0.4656995596260806
2021-04-07,56048.9375,0.44849360568307794
2021-04-08,58323.953125,0.46675590603557454
2021-04-09,58245.00390625,0.4661221546320397
2021-04-10,59793.234375,0.47855031095962497
2021-04-11,60204.96484375,0.4818554071541123
2021-04-12,59893.453125,0.4793547999017402
2021-04-13,63503.45703125,0.5083334912501231
2021-04-14,63109.6953125,0.5051726361350608
2021-04-15,63314.01171875,0.5068127512783931
2021-04-16,61572.7890625,0.49283538304426977
2021-04-17,60683.8203125,0.4856993378505215
2021-04-18,56216.18359375,0.4498361452082051
2021-04-19,55724.265625,0.44588735751840514
2021-04-20,56473.03125,0.451897946011561
2021-04-21,53906.08984375,0.4312922611832656
2021-04-22,51762.2734375,0.41408314020786685
2021-04-23,51093.65234375,0.4087158982857032
2021-04-24,50050.8671875,0.40034511809531986
2021-04-25,49004.25390625,0.3919436082836677
2021-04-26,54021.75390625,0.43222073474017353
2021-04-27,55033.1171875,0.4403392811821014
2021-04-28,54824.703125,0.4386662728013088
2021-04-29,53555.109375,0.4284748252642606
2021-04-30,57750.17578125,0.46215000615872415
2021-05-01,57828.05078125,0.4627751344542499
2021-05-02,56631.078125,0.4531666403753738
2021-05-03,57200.29296875,0.45773591556075277
2021-05-04,53333.5390625,0.4266962073279238
2021-05-05,57424.0078125,0.4595317483563514
2021-05-06,56396.515625,0.45128372986726134
2021-05-07,57356.40234375,0.4589890569733927
2021-05-08,58803.77734375,0.47060761320757016
2021-05-09,58232.31640625,0.466020307887263
2021-05-10,55859.796875,0.44697531153834696
2021-05-11,56704.57421875,0.45375661774697873
2021-05-12,49150.53515625,0.39311785609721345
2021-05-13,49716.19140625,0.3976585652775149
2021-05-14,49880.53515625,0.3989778067326393
2021-05-15,46760.1875,0.37392974751210256
2021-05-16,46456.05859375,0.3714884045293203
2021-05-17,43537.51171875,0.34806026670099643
2021-05-18,42909.40234375,0.3430182256994236
2021-05-19,37002.44140625,0.2956011030978634
2021-05-20,40782.73828125,0.32594679224136297
2021-05-21,37304.69140625,0.2980273634808189
2021-05-22,37536.6328125,0.2998892336053891
2021-05-23,34770.58203125,0.2776852321900382
2021-05-24,38705.98046875,0.30927597270302737
2021-05-25,38402.22265625,0.30683760861210274
2021-05-26,39294.19921875,0.3139977985082765
2021-05-27,38436.96875,0.30711652696025193
2021-05-28,35697.60546875,0.28512675490460365
2021-05-29,34616.06640625,0.2764448843340081
2021-05-30,35678.12890625,0.2849704101172094
2021-05-31,37332.85546875,0.29825344569443946
2021-06-01,36684.92578125,0.29305230051090947
2021-06-02,37575.1796875,0.3001986620775123
2021-06-03,39208.765625,0.3133119948891231
2021-06-04,36894.40625,0.2947338692861983
2021-06-05,35551.95703125,0.2839575868855942
2021-06-06,35862.37890625,0.2864494456029317
2021-06-07,33560.70703125,0.26797316674478355
2021-06-08,33472.6328125,0.2672661659583059
2021-06-09,37345.12109375,0.2983519059095253
2021-06-10,36702.59765625,0.2931941584768484
2021-06-11,37334.3984375,0.2982658316132162
2021-06-12,35552.515625,0.28396207090175896
2021-06-13,39097.859375,0.31242171386150636
2021-06-14,40218.4765625,0.3214172774230951
2021-06-15,40406.26953125,0.32292475348686916
2021-06-16,38347.0625,0.30639481985502415
2021-06-17,38053.50390625,0.3040383282550515
2021-06-18,35787.24609375,0.2858463297503964
2021-06-19,35615.87109375,0.28447064613375794
2021-06-20,35698.296875,0.28513230505048587
2021-06-21,31676.693359375,0.2528495679589549
2021-06-22,32505.66015625,0.2595039576960708
2021-06-23,33723.02734375,0.2692761654000944
2021-06-24,34662.4375,0.276817120389194
2021-06-25,31637.779296875,0.2525371919517304
2021-06-26,32186.27734375,0.2569401665795592
2021-06-27,34649.64453125,0.2767144270119946
2021-06-28,34434.3359375,0.27498607395616176
2021-06-29,35867.77734375,0.28649278064027195
2021-06-30,35040.8359375,0.2798546493813478
2021-07-01,33572.1171875,0.2680647598302185
2021-07-02,33897.046875,0.2706730775408135
2021-07-03,34668.546875,0.2768661623561985
2021-07-04,35287.78125,0.28183696080723797
2021-07-05,33746.00390625,0.2694606058412201
2021-07-06,34235.1953125,0.2733875065150551
2021-07-07,33855.328125,0.27033818738249615
2021-07-08,32877.37109375,0.26248780392127335
2021-07-09,33798.01171875,0.26987808969588656
2021-07-10,33520.51953125,0.26765056843497376
2021-07-11,34240.1875,0.2734275804497302
2021-07-12,33155.84765625,0.2647232270847981
2021-07-13,32702.025390625,0.26108024616175757
2021-07-14,32822.34765625,0.26204611265066863
2021-07-15,31780.73046875,0.2536847081304479
2021-07-16,31421.5390625,0.25080136030949696
2021-07-17,31533.068359375,0.25169664273975895
2021-07-18,31796.810546875,0.25381378821815515
2021-07-19,30817.83203125,0.24595520496513462
2021-07-20,29807.34765625,0.23784371379339603
2021-07-21,32110.693359375,0.2563334290216602
2021-07-22,32313.10546875,0.2579582577462491
2021-07-23,33581.55078125,0.2681404863969167
2021-07-24,34292.4453125,0.273847071136806
2021-07-25,35350.1875,0.28233791634743255
2021-07-26,37337.53515625,0.2982910110886028
2021-07-27,39406.94140625,0.31490281721139973
2021-07-28,39995.90625,0.3196306321571207
2021-07-29,40008.421875,0.3197310992046159
2021-07-30,42235.546875,0.33760896572368826
2021-07-31,41626.1953125,0.33271749986633264
2021-08-01,39974.89453125,0.31946196416446254
2021-08-02,39201.9453125,0.31325724599245436
2021-08-03,38152.98046875,0.3048368594134513
2021-08-04,39747.50390625,0.31763662466109455
2021-08-05,40869.5546875,0.3266436961522809
2021-08-06,42816.5,0.3422724679620395
2021-08-07,44555.80078125,0.3562344086720157
2021-08-08,43798.1171875,0.35015223270400603
2021-08-09,46365.40234375,0.3707606769268644
2021-08-10,45585.03125,0.3644963809177023
2021-08-11,45593.63671875,0.36456545985204436
2021-08-12,44428.2890625,0.3552108300729564
2021-08-13,47793.3203125,0.38222304515742955
2021-08-14,47096.9453125,0.376633013481067
2021-08-15,47047.00390625,0.3762321173505344
2021-08-16,46004.484375,0.36786346941958603
2021-08-17,44695.359375,0.35735469150780264
2021-08-18,44801.1875,0.35820420875210357
2021-08-19,46717.578125,0.37358770801332675
2021-08-20,49339.17578125,0.3946321365771256
2021-08-21,48905.4921875,0.3911508154116885
2021-08-22,49321.65234375,0.39449147016792974
2021-08-23,49546.1484375,0.3962935743148077
2021-08-24,47706.1171875,0.38152303692762835
2021-08-25,48960.7890625,0.39159470165524096
2021-08-26,46942.21875,0.3753909723601914
2021-08-27,49058.66796875,0.3923804079002745
2021-08-28,48902.40234375,0.39112601221737864
2021-08-29,48829.83203125,0.3905434663970397
2021-08-30,47054.984375,0.376296179203853
2021-08-31,47166.6875,0.3771928570097747
2021-09-01,48847.02734375,0.39068149883869824
2021-09-02,49327.72265625,0.3945401985673703
2021-09-03,50025.375,0.4001404839030746
2021-09-04,49944.625,0.39949227703484086
2021-09-05,51753.41015625,0.4140119917276026
2021-09-06,52633.53515625,0.4210770452248686
2021-09-07,46811.12890625,0.3743386709722727
2021-09-08,46091.390625,0.3685610945359011
2021-09-09,46391.421875,0.3709695442812232
2021-09-10,44883.91015625,0.3588682507823177
2021-09-11,45201.45703125,0.3614173042233228
2021-09-12,46063.26953125,0.3683353572466008
2021-09-13,44963.07421875,0.35950372680745435
2021-09-14,47092.4921875,0.37659726677877464
2021-09-15,48176.34765625,0.3852977319059135
2021-09-16,47783.359375,0.3821430854286178
2021-09-17,47267.51953125,0.3780022689626441
2021-09-18,48278.36328125,0.3861166449559712
2021-09-19,47260.21875,0.3779436631849386
2021-09-20,42843.80078125,0.3424916203324964
2021-09-21,40693.67578125,0.3252318581955169
2021-09-22,43574.5078125,0.3483572465408301
2021-09-23,44895.09765625,0.358958056532638
2021-09-24,42839.75,0.342459103376113
2021-09-25,42716.59375,0.3414704875604361
2021-09-26,43208.5390625,0.3454194947475308
2021-09-27,42235.73046875,0.3376104394912389
2021-09-28,41034.54296875,0.3279681114722107
2021-09-29,41564.36328125,0.33222115376932837
2021-09-30,43790.89453125,0.35009425406142847
2021-10-01,48116.94140625,0.38482085835463165
2021-10-02,47711.48828125,0.3815661524676739
2021-10-03,48199.953125,0.3854872207848191
2021-10-04,49112.90234375,0.39281576510608707
2021-10-05,51514.8125,0.4120966896901323
2021-10-06,55361.44921875,0.442974910627518
2021-10-07,53805.984375,0.4304886815870859
2021-10-08,53967.84765625,0.43178801150189833
2021-10-09,54968.22265625,0.43981835138808206
2021-10-10,54771.578125,0.43823982091431296
2021-10-11,57484.7890625,0.4600196594858849
2021-10-12,56041.05859375,0.44843035910542567
2021-10-13,57401.09765625,0.4593478409800844
2021-10-14,57321.5234375,0.45870907249552606
2021-10-15,61593.94921875,0.493005242593671
2021-10-16,60892.1796875,0.4873719072367245
2021-10-17,61553.6171875,0.49268148408387447
2021-10-18,62026.078125,0.4964740837700622
2021-10-19,64261.9921875,0.5144225029910272
2021-10-20,65992.8359375,0.5283165563234045
2021-10-21,62210.171875,0.4979518649855285
2021-10-22,60692.265625,0.4857671311578513
2021-10-23,61393.6171875,0.49139711134186337
2021-10-24,60930.8359375,0.4876822136980268
2021-10-25,63039.82421875,0.504611757833392
2021-10-26,60363.79296875,0.4831303728692044
2021-10-27,58482.38671875,0.4680277047182706
2021-10-28,60622.13671875,0.48520418331026033
2021-10-29,62227.96484375,0.49809469501091574
2021-10-30,61888.83203125,0.49537236413406216
2021-10-31,61318.95703125,0.4907977896568521
2021-11-01,61004.40625,0.4882727868480033
2021-11-02,63226.40234375,0.5061094819459266
2021-11-03,62970.046875,0.5040516320938767
2021-11-04,61452.23046875,0.4918676194715967
2021-11-05,61125.67578125,0.4892462573503406
2021-11-06,61527.48046875,0.4924716760268238
2021-11-07,63326.98828125,0.5069169184231431
2021-11-08,67566.828125,0.5409515104594264
2021-11-09,66971.828125,0.5361752493250724
2021-11-10,64995.23046875,0.520308448377506
2021-11-11,64949.9609375,0.519945054927624
2021-11-12,64155.94140625,0.5135711984116117
2021-11-13,64469.52734375,0.5160884561016305
2021-11-14,65466.83984375,0.5240942122907992
2021-11-15,63557.87109375,0.5087702908667299
2021-11-16,60161.24609375,0.4815044623365198
2021-11-17,60368.01171875,0.4831642381661129
2021-11-18,56942.13671875,0.45566361024400387
2021-11-19,58119.578125,0.4651153205408962
2021-11-20,59697.1953125,0.4777793737468543
2021-11-21,58730.4765625,0.470019203673785
2021-11-22,56289.2890625,0.4504229869041704
2021-11-23,57569.07421875,0.46069624421865774
2021-11-24,56280.42578125,0.45035183842390614
2021-11-25,57274.6796875,0.4583330422728162
2021-11-26,53569.765625,0.42859247581426124
2021-11-27,54815.078125,0.43858900975354725
2021-11-28,57248.45703125,0.45812254436712474
2021-11-29,57806.56640625,0.46260267229406776
2021-11-30,57005.42578125,0.45617165241114416
2021-12-01,57229.828125,0.4579730039958686
2021-12-02,56477.81640625,0.451936358038147
2021-12-03,53598.24609375,0.42882109792515
2021-12-04,49200.703125,0.39352057091961695
2021-12-05,49368.84765625,0.39487032249871534
2021-12-06,50582.625,0.40461371334361035
2021-12-07,50700.0859375,0.4055566110084608
2021-12-08,50504.796875,0.40398896132916134
2021-12-09,47672.12109375,0.3812501390767074
2021-12-10,47243.3046875,0.3778078884297406
2021-12-11,49362.5078125,0.39481943048308343
2021-12-12,50098.3359375,0.40072616539905326
2021-12-13,46737.48046875,0.37374747068716824
2021-12-14,46612.6328125,0.3727452773959715
2021-12-15,48896.72265625,0.39108041949357775
2021-12-16,47665.42578125,0.38119639359624335
2021-12-17,46202.14453125,0.36945015265001835
2021-12-18,46848.77734375,0.3746408873904246
2021-12-19,46707.015625,0.3735029193440299
2021-12-20,46880.27734375,0.37489374827400807
2021-12-21,48936.61328125,0.39140063468990144
2021-12-22,48628.51171875,0.38892740188586367
2021-12-23,50784.5390625,0.4062345440817587
2021-12-24,50822.1953125,0.4065368232134234
2021-12-25,50429.859375,0.403387413314446
2021-12-26,50809.515625,0.40643503918215956
2021-12-27,50640.41796875,0.40507763655450035
2021-12-28,47588.85546875,0.3805817384573541
2021-12-29,46444.7109375,0.3713973131519877
2021-12-30,47178.125,0.37728466959250434
2021-12-31,46306.4453125,0.3702874094025681
2022-01-01,47686.8125,0.3813680718375156
2022-01-02,47345.21875,0.378625986204132
2022-01-03,46458.1171875,0.3715049295399414
2022-01-04,45897.57421875,0.36700526635376324
2022-01-05,43569.00390625,0.34831306487106706
2022-01-06,43160.9296875,0.34503731860056713
2022-01-07,41557.90234375,0.33216928969424814
2022-01-08,41733.94140625,0.33358241327802435
2022-01-09,41911.6015625,0.3350085499157053
2022-01-10,41821.26171875,0.33428336221051747
2022-01-11,42735.85546875,0.34162510772622845
2022-01-12,43949.1015625,0.3513642340522535
2022-01-13,42591.5703125,0.34046688321520147
2022-01-14,43099.69921875,0.34454580144404795
2022-01-15,43177.3984375,0.34516951868553586
2022-01-16,43113.87890625,0.34465962646976817
2022-01-17,42250.55078125,0.3377294070250082
2022-01-18,42375.6328125,0.33873348172158874
2022-01-19,41744.328125,0.33366579089328335
2022-01-20,40680.41796875,0.3251254333643063
2022-01-21,36457.31640625,0.29122520502918325
2022-01-22,35030.25,0.2797696725715126
2022-01-23,36276.8046875,0.28977617795933275
2022-01-24,36654.328125,0.2928066830380537
2022-01-25,36954.00390625,0.29521227931854366
2022-01-26,36852.12109375,0.29439443239820345
2022-01-27,37138.234375,0.2966911580204839
2022-01-28,37784.33203125,0.30187759688526383
2022-01-29,38138.1796875,0.304718048663464
2022-01-30,37917.6015625,0.30294739534325194
2022-01-31,38483.125,0.307487038393836
2022-02-01,38743.2734375,0.3095753356563472
2022-02-02,36952.984375,0.2952040952051241
2022-02-03,37154.6015625,0.29682254282978626
2022-02-04,41500.875,0.3317115124076119
2022-02-05,41441.1640625,0.33123219302933105
2022-02-06,42412.43359375,0.3390288937236026
2022-02-07,43840.28515625,0.35049072888930904
2022-02-08,44118.4453125,0.3527236121555657
2022-02-09,44338.796875,0.3544924467839067
2022-02-10,43565.11328125,0.3482818335416959
2022-02-11,42407.9375,0.33899280209698995
2022-02-12,42244.46875,0.3376805845552985
2022-02-13,42197.515625,0.33730367634340946
2022-02-14,42586.91796875,0.3404295373183329
2022-02-15,44575.203125,0.35639015768103843
2022-02-16,43961.859375,0.3514666452186453
2022-02-17,40538.01171875,0.3239822914531062
2022-02-18,40030.9765625,0.31991215311605076
2022-02-19,40122.15625,0.3206440825238639
2022-02-20,38431.37890625,0.30707165544184817
2022-02-21,37075.28125,0.29618581253439374
2022-02-22,38286.02734375,0.30590487053632487
2022-02-23,37296.5703125,0.29796217278427
2022-02-24,38332.609375,0.30627879985635614
2022-02-25,39214.21875,0.31335576892105294
2022-02-26,39105.1484375,0.3124802255689427
2022-02-27,37709.78515625,0.30127918454618813
2022-02-28,43193.234375,0.3452966389759683
2022-03-01,44354.63671875,0.35461959843109553
2022-03-02,43924.1171875,0.35116367623833983
2022-03-03,42451.7890625,0.3393448130442999
2022-03-04,39137.60546875,0.31274076885784335
2022-03-05,39400.5859375,0.3148517997687422
2022-03-06,38419.984375,0.30698018778343883
2022-03-07,38062.0390625,0.30410684276777844
2022-03-08,38737.26953125,0.30952714032176537
2022-03-09,41982.92578125,0.3355810929307536
2022-03-10,39437.4609375,0.3151478075491276
2022-03-11,38794.97265625,0.30999034232725825
2022-03-12,38904.01171875,0.3108656348253173
2022-03-13,37849.6640625,0.30240203863599957
2022-03-14,39666.75390625,0.3169884177928608
2022-03-15,39338.78515625,0.3143557045257891
2022-03-16,41143.9296875,0.32884619472158905
2022-03-17,40951.37890625,0.3273005261285237
2022-03-18,41801.15625,0.33412196898534335
2022-03-19,42190.65234375,0.33724858252242035
2022-03-20,41247.82421875,0.3296801903714736
2022-03-21,41077.99609375,0.3283169240303682
2022-03-22,42358.80859375,0.3385984281717879
2022-03-23,42892.95703125,0.34288621375499323
2022-03-24,43960.93359375,0.35145921366737926
2022-03-25,44348.73046875,0.35457218701542365
2022-03-26,44500.828125,0.35579312503924415
2022-03-27,46820.4921875,0.3744138331173557
2022-03-28,47128.00390625,0.3768823310511776
2022-03-29,47465.73046875,0.37959337349572836
2022-03-30,47062.6640625,0.376357826586929
2022-03-31,45538.67578125,0.36412427028954203
2022-04-01,46281.64453125,0.3700883253562051
2022-04-02,45868.94921875,0.3667754840428878
2022-04-03,46453.56640625,0.3714683989187392
2022-04-04,46622.67578125,0.37282589561666757
2022-04-05,45555.9921875,0.36426327479064885
2022-04-06,43206.73828125,0.3454050392828319
2022-04-07,43503.84765625,0.34779003417436916
2022-04-08,42287.6640625,0.3380273275675338
2022-04-09,42782.13671875,0.3419966225760172
2022-04-10,42207.671875,0.337385203910041
2022-04-11,39521.90234375,0.3158256465521563
2022-04-12,40127.18359375,0.3206844386693465
2022-04-13,41166.73046875,0.3290292241086769
2022-04-14,39935.515625,0.3191458567032268
2022-04-15,40553.46484375,0.32410633878141176
2022-04-16,40424.484375,0.32307097004194724
2022-04-17,39716.953125,0.3173913834693155
2022-04-18,40826.21484375,0.3262957929400589
2022-04-19,41502.75,0.3317265636506823
2022-04-20,41374.37890625,0.3306960865652157
2022-04-21,40527.36328125,0.32389681293516864
2022-04-22,39740.3203125,0.3175789595860809
2022-04-23,39486.73046875,0.3155433103175599
2022-04-24,39469.29296875,0.31540333375700474
2022-04-25,40458.30859375,0.32334248819558675
2022-04-26,38117.4609375,0.3045517324275356
2022-04-27,39241.12109375,0.3135717229023574
2022-04-28,39773.828125,0.3178479378424523
2022-04-29,38609.82421875,0.3085040947875648
2022-04-30,37714.875,0.30132004239977306
2022-05-01,38469.09375,0.30737440492485885
2022-05-02,38529.328125,0.3078579261084968
2022-05-03,37750.453125,0.30160563973703475
2022-05-04,39698.37109375,0.31724221937913616
2022-05-05,36575.140625,0.2921710188723786
2022-05-06,36040.921875,0.2878826688675582
2022-05-07,35501.953125,0.28355618904695934
2022-05-08,34059.265625,0.271975260920458
2022-05-09,30296.953125,0.2417739382834091
2022-05-10,31022.90625,0.24760140331920794
2022-05-11,28936.35546875,0.23085197239258565
2022-05-12,29047.751953125,0.23174618869313016
2022-05-13,29283.103515625,0.23363543326603473
2022-05-14,30101.265625,0.2402030902149572
2022-05-15,31305.11328125,0.2498667721850916
2022-05-16,29862.91796875,0.2382897950098963
2022-05-17,30425.857421875,0.24280869556612386
2022-05-18,28720.271484375,0.22911739502060804
2022-05-19,30314.333984375,0.24191346017099646
2022-05-20,29200.740234375,0.2329742760574091
2022-05-21,29432.2265625,0.2348324931198591
2022-05-22,30323.72265625,0.2419888261349961
2022-05-23,29098.91015625,0.23215685245328027
2022-05-24,29655.5859375,0.23662547245062565
2022-05-25,29562.361328125,0.23587712778083886
2022-05-26,29267.224609375,0.2335079680512819
2022-05-27,28627.57421875,0.22837328351293482
2022-05-28,28814.900390625,0.2298770124443195
2022-05-29,29445.95703125,0.23494271211859372
2022-05-30,31726.390625,0.25324850429221263
2022-05-31,31792.310546875,0.2537776652347861
2022-06-01,29799.080078125,0.2377773472184823
2022-06-02,30467.48828125,0.2431428801974223
2022-06-03,29704.390625,0.2370172437650467
2022-06-04,29832.9140625,0.2380489437640128
2022-06-05,29906.662109375,0.23864094364640537
2022-06-06,31370.671875,0.2503930326276984
2022-06-07,31155.478515625,0.24866560459617923
2022-06-08,30214.35546875,0.2411108996693997
2022-06-09,30111.998046875,0.24028924290315729
2022-06-10,29083.8046875,0.23203559587629402
2022-06-11,28360.810546875,0.22623188358346571
2022-06-12,26762.6484375,0.21340290951723892
2022-06-13,22487.388671875,0.17908399009232814
2022-06-14,22206.79296875,0.17683155588845814
2022-06-15,22572.83984375,0.17976993481688539
2022-06-16,20381.650390625,0.16218053477828498
2022-06-17,20471.482421875,0.16290164610514118
2022-06-18,19017.642578125,0.15123119443912714
2022-06-19,20553.271484375,0.1635581938705765
2022-06-20,20599.537109375,0.16392958329333968
2022-06-21,20710.59765625,0.16482110291283406
2022-06-22,19987.029296875,0.15901278117681544
2022-06-23,21085.876953125,0.16783359353500504
2022-06-24,21231.65625,0.1690038120053538
2022-06-25,21502.337890625,0.17117666276148885
2022-06-26,21027.294921875,0.1673633362593229
2022-06-27,20735.478515625,0.1650208297727032
2022-06-28,20280.634765625,0.16136964905786486
2022-06-29,20104.0234375,0.1599519317092765
2022-06-30,19784.7265625,0.1573888304414056
2022-07-01,19269.3671875,0.15325187085646874
2022-07-02,19242.255859375,0.15303423928869705
2022-07-03,19297.076171875,0.15347430000796913
2022-07-04,20231.26171875,0.16097331533538806
2022-07-05,20190.115234375,0.16064301894188282
2022-07-06,20548.24609375,0.16351785340347205
2022-07-07,21637.587890625,0.17226235909497015
2022-07-08,21731.1171875,0.1730131495917559
2022-07-09,21592.20703125,0.17189807197753082
2022-07-10,20860.44921875,0.16602401080172643
2022-07-11,19970.556640625,0.15888054973509033
2022-07-12,19323.9140625,0.15368973660279303
2022-07-13,20212.07421875,0.16081929094796718
2022-07-14,20569.919921875,0.16369183636633947
2022-07-15,20836.328125,0.16583038283097645
2022-07-16,21190.31640625,0.16867196345240693
2022-07-17,20779.34375,0.16537295046866057
2022-07-18,22485.689453125,0.17907034990329557
2022-07-19,23389.43359375,0.18632500202811456
2022-07-20,23231.732421875,0.1850590827372429
2022-07-21,23164.62890625,0.18452042069748123
2022-07-22,22714.978515625,0.18091092879027237
2022-07-23,22465.478515625,0.17890811004569873
2022-07-24,22609.1640625,0.18006152129461883
2022-07-25,21361.701171875,0.17004772546093644
2022-07-26,21239.75390625,0.16906881456136427
2022-07-27,22930.548828125,0.18264138274878378
2022-07-28,23843.88671875,0.18997304706731322
2022-07-29,23804.6328125,0.1896579430222822
2022-07-30,23656.20703125,0.18846648034947466
2022-07-31,23336.896484375,0.1859032693329564
2022-08-01,23314.19921875,0.18572107089991302
2022-08-02,22978.1171875,0.18302322964980527
2022-08-03,22846.5078125,0.18196675781328575
2022-08-04,22630.95703125,0.18023646063855633
2022-08-05,23289.314453125,0.1855213126832875
2022-08-06,22961.279296875,0.18288806635135707
2022-08-07,23175.890625,0.18461082222617306
2022-08-08,23809.486328125,0.1896969037921052
2022-08-09,23164.318359375,0.18451792783534768
2022-08-10,23947.642578125,0.19080592955234565
2022-08-11,23957.529296875,0.19088529350278585
2022-08-12,24402.818359375,0.19445977559147773
2022-08-13,24424.068359375,0.19463035634627607
2022-08-14,24319.333984375,0.19378961899376623
2022-08-15,24136.97265625,0.19232574449976186
2022-08-16,23883.291015625,0.1902893583474655
2022-08-17,23335.998046875,0.18589605727898512
2022-08-18,23212.73828125,0.18490661050926369
2022-08-19,20877.552734375,0.16616130635960963
2022-08-20,21166.060546875,0.16847725367356128
2022-08-21,21534.12109375,0.17143179700991107
2022-08-22,21398.908203125,0.17034639856561554
2022-08-23,21528.087890625,0.17138336649965627
2022-08-24,21395.01953125,0.17031518291462255
2022-08-25,21600.904296875,0.1719678877956482
2022-08-26,20260.01953125,0.16120416377598099
2022-08-27,20041.73828125,0.15945194822853023
2022-08-28,19616.814453125,0.15604094458931284
2022-08-29,20297.994140625,0.16150899848329203
2022-08-30,19796.80859375,0.15748581688894078
2022-08-31,20049.763671875,0.15951637068454735
2022-09-01,20127.140625,0.1601375009936325
2022-09-02,19969.771484375,0.15887424702705458
2022-09-03,19832.087890625,0.1577690154343381
2022-09-04,19986.712890625,0.1590102412795473
2022-09-05,19812.37109375,0.15761074220642546
2022-09-06,18837.66796875,0.14978647892328117
2022-09-07,19290.32421875,0.15342009985453733
2022-09-08,19329.833984375,0.15373725776711233
2022-09-09,21381.15234375,0.17020386642941407
2022-09-10,21680.5390625,0.17260714230993068
2022-09-11,21769.255859375,0.17331930128283562
2022-09-12,22370.44921875,0.17814527855445664
2022-09-13,20296.70703125,0.16149866643205932
2022-09-14,20241.08984375,0.1610522089344823
2022-09-15,19701.2109375,0.15671842298964297
2022-09-16,19772.583984375,0.1572913579641463
2022-09-17,20127.576171875,0.16014099727197076
2022-09-18,19419.505859375,0.15445708346695627
2022-09-19,19544.12890625,0.1554574737446602
2022-09-20,18890.7890625,0.15021289945352068
2022-09-21,18547.400390625,0.1474564053905728
2022-09-22,19413.55078125,0.15440928009182942
2022-09-23,19297.638671875,0.15347881538089025
2022-09-24,18937.01171875,0.1505839439519635
2022-09-25,18802.09765625,0.1495009442995323
2022-09-26,19222.671875,0.15287703219050192
2022-09-27,19110.546875,0.1519769678548894
2022-09-28,19426.720703125,0.1545149993960211
2022-09-29,19573.05078125,0.1556896391690218
2022-09-30,19431.7890625,0.15455568478744589
2022-10-01,19312.095703125,0.15359486673631464
2022-10-02,19044.107421875,0.15144363646371517
2022-10-03,19623.580078125,0.15609525449139203
2022-10-04,20336.84375,0.161820857104036
2022-10-05,20160.716796875,0.16040702799324083
2022-10-06,19955.443359375,0.15875923044459128
2022-10-07,19546.849609375,0.15547931372549054
2022-10-08,19416.568359375,0.1544335031861459
2022-10-09,19446.42578125,0.15467317855366453
2022-10-10,19141.484375,0.15222531336555173
2022-10-11,19051.41796875,0.1515023206333117
2022-10-12,19157.4453125,0.15235343707218887
2022-10-13,19382.904296875,0.15416327065951865
2022-10-14,19185.65625,0.15257989556688625
2022-10-15,19067.634765625,0.15163249820749283
2022-10-16,19268.09375,0.1532416485538834
2022-10-17,19550.7578125,0.15551068616026548
2022-10-18,19334.416015625,0.1537740392423657
2022-10-19,19139.53515625,0.15220966634410973
2022-10-20,19053.740234375,0.15152096222498956
2022-10-21,19172.46875,0.1524740351572908
2022-10-22,19208.189453125,0.15276077701616092
2022-10-23,19567.0078125,0.155641130266876
2022-10-24,19345.572265625,0.15386359413863487
2022-10-25,20095.857421875,0.1598863804100291
2022-10-26,20770.44140625,0.16530148842083237
2022-10-27,20285.8359375,0.16141140057900713
2022-10-28,20595.3515625,0.16389598452886053
2022-10-29,20818.4765625,0.16568708245424327
2022-10-30,20635.603515625,0.16421910022515093
2022-10-31,20495.7734375,0.16309663809479444
2022-11-01,20485.2734375,0.16301235113359994
2022-11-02,20159.50390625,0.16039729172037964
2022-11-03,20209.98828125,0.16080254644005132
2022-11-04,21147.23046875,0.1683260984293507
2022-11-05,21282.69140625,0.16941348802767742
2022-11-06,20926.486328125,0.1665541124469918
2022-11-07,20602.81640625,0.16395590729033474
2022-11-08,18541.271484375,0.1474072066397863
2022-11-09,15880.7802734375,0.12605056669173403
2022-11-10,17586.771484375,0.13974512050072602
2022-11-11,17034.29296875,0.13531019333812896
2022-11-12,16799.185546875,0.13342290856249917
2022-11-13,16353.365234375,0.12984416195493734
2022-11-14,16618.19921875,0.13197007164674646
2022-11-15,16884.61328125,0.13410866514651804
2022-11-16,16669.439453125,0.1323813938987809
2022-11-17,16687.517578125,0.1325265129673851
2022-11-18,16697.77734375,0.1326088714880612
2022-11-19,16711.546875,0.13271940405435975
2022-11-20,16291.83203125,0.12935021464979743
2022-11-21,15787.2841796875,0.1253000427273777
2022-11-22,16189.76953125,0.12853092531866298
2022-11-23,16610.70703125,0.13190992938797746
2022-11-24,16604.46484375,0.13185982129125545
2022-11-25,16521.841796875,0.13119657885832947
2022-11-26,16464.28125,0.13073452137444505
2022-11-27,16444.626953125,0.13057674985463477
2022-11-28,16217.322265625,0.12875210019990752
2022-11-29,16444.982421875,0.13057960331946689
2022-11-30,17168.56640625,0.13638805048251107
2022-12-01,16967.1328125,0.13477107662539953
2022-12-02,17088.66015625,0.13574661667365903
2022-12-03,16908.236328125,0.13429829513082742
2022-12-04,17130.486328125,0.1360823691427773
2022-12-05,16974.826171875,0.13483283375712293
2022-12-06,17089.50390625,0.1357533897330407
2022-12-07,16848.126953125,0.13381577736339414
2022-12-08,17233.474609375,0.1369090900251778
2022-12-09,17133.15234375,0.1361037701290181
2022-12-10,17128.724609375,0.13606822724564235
2022-12-11,17104.193359375,0.13587130681547072
2022-12-12,17206.4375,0.13669205423577763
2022-12-13,17781.318359375,0.1413068123963101
2022-12-14,17815.650390625,0.1415824069282812
2022-12-15,17364.865234375,0.1379638058833391
2022-12-16,16647.484375,0.13220515324945295
2022-12-17,16795.091796875,0.13339004668179538
2022-12-18,16757.9765625,0.1330921104608916
2022-12-19,16439.6796875,0.13053703652265827
2022-12-20,16906.3046875,0.13428278921478923
2022-12-21,16817.53515625,0.13357020692567295
2022-12-22,16830.341796875,0.13367301005151971
2022-12-23,16796.953125,0.13340498817621843
2022-12-24,16847.755859375,0.13381279847153646
2022-12-25,16841.986328125,0.13376648454233844
2022-12-26,16919.8046875,0.1343911581648964
2022-12-27,16717.173828125,0.13276457346194928
2022-12-28,16552.572265625,0.13144326246090274
2022-12-29,16642.341796875,0.1321638720796566
2022-12-30,16602.5859375,0.13184473869142863
2022-12-31,16547.49609375,0.13140251435596517
2023-01-01,16625.080078125,0.13202530657313935
2023-01-02,16688.470703125,0.1325341640159459
2023-01-03,16679.857421875,0.13246502236809105
2023-01-04,16863.23828125,0.133937080975515
2023-01-05,16836.736328125,0.1337243410617412
2023-01-06,16951.96875,0.13464934969706732
2023-01-07,16955.078125,0.13467430967515914
2023-01-08,17091.14453125,0.13576655957072736
2023-01-09,17196.5546875,0.13661272164209384
2023-01-10,17446.29296875,0.13861745314880766
2023-01-11,17934.896484375,0.14253963463080496
2023-01-12,18869.587890625,0.1500427106581773
2023-01-13,19909.57421875,0.15839102373260236
2023-01-14,20976.298828125,0.16695397380456323
2023-01-15,20880.798828125,0.16618736382417534
2023-01-16,21169.6328125,0.1685059294272861
2023-01-17,21161.51953125,0.16844080144425005
2023-01-18,20688.78125,0.16464597542835815
2023-01-19,21086.79296875,0.1678409466943801
2023-01-20,22676.552734375,0.18060247237759747
2023-01-21,22777.625,0.18141381277098537
2023-01-22,22720.416015625,0.18095457739517665
2023-01-23,22934.431640625,0.18267255136464217
2023-01-24,22636.46875,0.18028070502183216
2023-01-25,23117.859375,0.18414498625314285
2023-01-26,23032.77734375,0.1834620047420651
2023-01-27,23078.728515625,0.18383086994593834
2023-01-28,23031.08984375,0.1834484586233017
2023-01-29,23774.56640625,0.18941659006829636
2023-01-30,22840.138671875,0.18191563062198085
2023-01-31,23139.283203125,0.18431696238360087
2023-02-01,23723.76953125,0.18900882680811296
2023-02-02,23471.87109375,0.18698675501511172
2023-02-03,23449.322265625,0.18680574813881143
2023-02-04,23331.84765625,0.18586274072531359
2023-02-05,22955.666015625,0.18284300669241493
2023-02-06,22760.109375,0.1812732090753023
2023-02-07,23264.291015625,0.18532044130180986
2023-02-08,22939.3984375,0.18271242148040062
2023-02-09,21819.0390625,0.17371892746473408
2023-02-10,21651.18359375,0.17237149628560908
2023-02-11,21870.875,0.17413503162211905
2023-02-12,21788.203125,0.1734713972297381
2023-02-13,21808.1015625,0.17363112854682317
2023-02-14,22220.8046875,0.1769440325736533
2023-02-15,24307.841796875,0.193697367416447
2023-02-16,23623.474609375,0.18820372640924804
2023-02-17,24565.6015625,0.19576649002242155
2023-02-18,24641.27734375,0.19637396446409594
2023-02-19,24327.642578125,0.19385631481462215
2023-02-20,24829.1484375,0.19788206766299793
2023-02-21,24436.353515625,0.19472897334514389
2023-02-22,24188.84375,0.1927421308679544
2023-02-23,23947.4921875,0.1908047223172244
2023-02-24,23198.126953125,0.1847893205619616
2023-02-25,23175.375,0.1846066831343287
2023-02-26,23561.212890625,0.18770393106904013
2023-02-27,23522.87109375,0.18739614882662775
2023-02-28,23147.353515625,0.18438174544231656
2023-03-01,23646.55078125,0.18838896644766187
2023-03-02,23475.466796875,0.18701561890937493
2023-03-03,22362.6796875,0.1780829099659835
2023-03-04,22353.349609375,0.17800801435332983
2023-03-05,22435.513671875,0.1786675723673792
2023-03-06,22429.7578125,0.1786213681868286
2023-03-07,22219.76953125,0.17693572303320815
2023-03-08,21718.080078125,0.17290849641728173
2023-03-09,20363.021484375,0.16203099440702884
2023-03-10,20187.244140625,0.1606199717259312
2023-03-11,20632.41015625,0.16419346607679658
2023-03-12,22163.94921875,0.1764876349842985
2023-03-13,24197.533203125,0.19281188397255897
2023-03-14,24746.07421875,0.19721520352470812
2023-03-15,24375.9609375,0.19424418221287182
2023-03-16,25052.7890625,0.19967730468022504
2023-03-17,27423.9296875,0.21871123209413304
2023-03-18,26965.87890625,0.21503430748229296
2023-03-19,28038.67578125,0.2236460016320726
2023-03-20,27767.236328125,0.22146706766519658
2023-03-21,28175.81640625,0.22474687463564993
2023-03-22,27307.4375,0.21777611090486895
2023-03-23,28333.97265625,0.22601644698864182
2023-03-24,27493.28515625,0.21926797130395745
2023-03-25,27494.70703125,0.21927938516328588
2023-03-26,27994.330078125,0.22329002405507842
2023-03-27,27139.888671875,0.2164311412311211
2023-03-28,27268.130859375,0.2174605835436266
2023-03-29,28348.44140625,0.2261325924143354
2023-03-30,28033.5625,0.22360495563794924
2023-03-31,28478.484375,0.22717649019153982
2023-04-01,28411.03515625,0.22663505307883702
2023-04-02,28199.30859375,0.22493545416862
2023-04-03,27790.220703125,0.2216515708198351
2023-04-04,28168.08984375,0.22468485097149715
2023-04-05,28177.984375,0.22476427763545012
2023-04-06,28044.140625,0.22368986973427166
2023-04-07,27925.859375,0.22274038715057787
2023-04-08,27947.794921875,0.22291647101612386
2023-04-09,28333.05078125,0.22600904679413217
2023-04-10,29652.98046875,0.236604557494109
2023-04-11,30235.05859375,0.2412770904783025
2023-04-12,30139.052734375,0.24050641979796122
2023-04-13,30399.06640625,0.24259363525237673
2023-04-14,30485.69921875,0.243289065395744
2023-04-15,30318.49609375,0.2419468707949372
2023-04-16,30315.35546875,0.24192165996279422
2023-04-17,29445.044921875,0.23493539031597507
2023-04-18,30397.552734375,0.24258148450927297
2023-04-19,28822.6796875,0.22993945942468363
2023-04-20,28245.98828125,0.22531016740756127
2023-04-21,27276.91015625,0.2175310578536283
2023-04-22,27817.5,0.22187055072813186
2023-04-23,27591.384765625,0.2200554492057274
2023-04-24,27525.33984375,0.21952528484694922
2023-04-25,28307.59765625,0.2258047261694509
2023-04-26,28422.701171875,0.22672870003181594
2023-04-27,29473.787109375,0.2351661133295424
2023-04-28,29340.26171875,0.23409426100401026
2023-04-29,29248.48828125,0.23335756536922486
2023-04-30,29268.806640625,0.2335206675376226
2023-05-01,28091.568359375,0.22407058779206288
2023-05-02,28680.537109375,0.22879843409454026
2023-05-03,29006.30859375,0.23141350918613876
2023-05-04,28847.7109375,0.23014039351967405
2023-05-05,29534.384765625,0.23565255069152527
2023-05-06,28904.623046875,0.23059724578199658
2023-05-07,28454.978515625,0.22698780090992232
2023-05-08,27694.2734375,0.22088137049083975
2023-05-09,27658.775390625,0.22059641596708424
2023-05-10,27621.755859375,0.2202992479867122
2023-05-11,27000.7890625,0.21531454281421078
2023-05-12,26804.990234375,0.21374280107820157
2023-05-13,26784.078125,0.2135749326828315
2023-05-14,26930.638671875,0.21475142250445964
2023-05-15,27192.693359375,0.21685502186409245
2023-05-16,27036.650390625,0.2156024135163112
2023-05-17,27398.802734375,0.2185095297586109
2023-05-18,26832.208984375,0.21396129495677416
2023-05-19,26890.12890625,0.21442623726224705
2023-05-20,27129.5859375,0.21634843778612464
2023-05-21,26753.826171875,0.21333209028291683
2023-05-22,26851.27734375,0.21411436296312492
2023-05-23,27225.7265625,0.21712019027456161
2023-05-24,26334.818359375,0.20996857645126235
2023-05-25,26476.20703125,0.21110354992742114
2023-05-26,26719.291015625,0.2130548651996131
2023-05-27,26868.353515625,0.21425143902371335
2023-05-28,28085.646484375,0.2240230509493654
2023-05-29,27745.884765625,0.2212956716347319
2023-05-30,27702.349609375,0.22094620058469006
2023-05-31,27219.658203125,0.21707147755349926
2023-06-01,26819.97265625,0.21386306991736131
2023-06-02,27249.58984375,0.2173117486993894
2023-06-03,27075.12890625,0.21591129324519745
2023-06-04,27119.06640625,0.21626399404114818
2023-06-05,25760.09765625,0.20535510391774214
2023-06-06,27238.783203125,0.21722500023281777
2023-06-07,26345.998046875,0.21005831948806986
2023-06-08,26508.216796875,0.21136050286771438
2023-06-09,26480.375,0.21113700758649648
2023-06-10,25851.240234375,0.20608673543636946
2023-06-11,25940.16796875,0.20680058767411982
2023-06-12,25902.5,0.20649821447218591
2023-06-13,25918.728515625,0.20662848611663623
2023-06-14,25124.67578125,0.20025436306819455
2023-06-15,25576.39453125,0.2038804583779155
2023-06-16,26327.462890625,0.20990953167896725
2023-06-17,26510.67578125,0.21138024194586613
2023-06-18,26336.212890625,0.209979770813296
2023-06-19,26851.029296875,0.21411237180909373
2023-06-20,28327.48828125,0.22596439477302319
2023-06-21,30027.296875,0.23960931867582821
2023-06-22,29912.28125,0.2386860503404821
2023-06-23,30695.46875,0.2449729545710062
2023-06-24,30548.6953125,0.24379475580615448
2023-06-25,30480.26171875,0.2432454167908397
2023-06-26,30271.130859375,0.24156665444524836
2023-06-27,30688.1640625,0.24491431743654427
2023-06-28,30086.24609375,0.24008252348661166
2023-06-29,30445.3515625,0.24296518145892188
2023-06-30,30477.251953125,0.243221256410036
2023-07-01,30590.078125,0.2441269492834217
2023-07-02,30620.76953125,0.24437331931843104
2023-07-03,31156.439453125,0.24867331835825288
2023-07-04,30777.58203125,0.24563210494722243
2023-07-05,30514.166015625,0.24351757775798535
2023-07-06,29909.337890625,0.23866242302453716
2023-07-07,30342.265625,0.2421376766576115
2023-07-08,30292.541015625,0.24173852082705896
2023-07-09,30171.234375,0.24076475243553588
2023-07-10,30414.470703125,0.24271729062122732
2023-07-11,30620.951171875,0.2443747774076035
2023-07-12,30391.646484375,0.2425340730936011
2023-07-13,31476.048828125,0.2512389281666355
2023-07-14,30334.068359375,0.2420718745043129
2023-07-15,30295.806640625,0.24176473507540666
2023-07-16,30249.1328125,0.2413900688716
2023-07-17,30145.888671875,0.24056129412165553
2023-07-18,29856.5625,0.23823877756723877
2023-07-19,29913.923828125,0.23869923585654695
2023-07-20,29792.015625,0.23772063852453876
2023-07-21,29908.744140625,0.23865765679756484
2023-07-22,29771.802734375,0.23755838298856374
2023-07-23,30084.5390625,0.24006882058406628
2023-07-24,29176.916015625,0.2327830312001453
2023-07-25,29227.390625,0.233188207527926
2023-07-26,29354.97265625,0.23421235054860046
2023-07-27,29210.689453125,0.23305414171595165
2023-07-28,29319.24609375,0.23392556165459572
2023-07-29,29356.91796875,0.23422796621328604
2023-07-30,29275.30859375,0.233572860858645
2023-07-31,29230.111328125,0.23321004750875632
2023-08-01,29675.732421875,0.2367871949217419
2023-08-02,29151.958984375,0.23258269288352643
2023-08-03,29178.6796875,0.23279718877565844
2023-08-04,29074.091796875,0.23195762730151348
2023-08-05,29042.126953125,0.2317010349639188
2023-08-06,29041.85546875,0.23169885566934925
2023-08-07,29180.578125,0.23281242815926725
2023-08-08,29765.4921875,0.2375077261486048
2023-08-09,29561.494140625,0.23587016658091878
2023-08-10,29429.591796875,0.23481134298766948
2023-08-11,29397.71484375,0.23455545617709375
2023-08-12,29415.96484375,0.2347019549429794
2023-08-13,29282.9140625,0.2336339124633495
2023-08-14,29408.443359375,0.23464157750853745
2023-08-15,29170.34765625,0.23273030481426416
2023-08-16,28701.779296875,0.2289689521358258
2023-08-17,26664.55078125,0.21261544729384715
2023-08-18,26049.556640625,0.2076786866018764
2023-08-19,26096.205078125,0.20805314898676647
2023-08-20,26189.583984375,0.20880273224843093
2023-08-21,26124.140625,0.20827739683013788
2023-08-22,26031.65625,0.20753499426568828
2023-08-23,26431.640625,0.21074580069369056
2023-08-24,26162.373046875,0.20858430108337114
2023-08-25,26047.66796875,0.20766352561015858
2023-08-26,26008.462890625,0.20734881352458254
2023-08-27,26089.693359375,0.20800087727385308
2023-08-28,26106.150390625,0.20813298328855262
2023-08-29,27727.392578125,0.22114722874994966
2023-08-30,27297.265625,0.2176944579112118
2023-08-31,25931.47265625,0.20673078753438065
2023-09-01,25800.724609375,0.20568122986264661
2023-09-02,25868.798828125,0.2062276840563729
2023-09-03,25969.56640625,0.2070365786227618
2023-09-04,25812.416015625,0.2057750806345421
2023-09-05,25779.982421875,0.20551472548617983
2023-09-06,25753.236328125,0.20530002577513123
2023-09-07,26240.1953125,0.20920900606268553
2023-09-08,25905.654296875,0.2065235350529763
2023-09-09,25895.677734375,0.20644344989713898
2023-09-10,25832.2265625,0.20593410642460827
2023-09-11,25162.654296875,0.200559229132262
2023-09-12,25833.34375,0.20594307445693774
2023-09-13,26228.32421875,0.20911371287999578
2023-09-14,26539.673828125,0.21161301882697744
2023-09-15,26608.693359375,0.21216706135575175
2023-09-16,26568.28125,0.2118426600324491
2023-09-17,26534.1875,0.2115689782626182
2023-09-18,26754.28125,0.21333574334503705
2023-09-19,27211.1171875,0.21700291600563773
2023-09-20,27132.0078125,0.21636787897509063
2023-09-21,26567.6328125,0.21183745481088723
2023-09-22,26579.568359375,0.21193326538005752
2023-09-23,26579.390625,0.21193183864764148
2023-09-24,26256.826171875,0.2093425074530447
2023-09-25,26298.48046875,0.2096768802248815
2023-09-26,26217.25,0.20902481647561097
2023-09-27,26352.716796875,0.21011225310907228
2023-09-28,27021.546875,0.21548117261770314
2023-09-29,26911.720703125,0.21459956173323014
2023-09-30,26967.916015625,0.21505066003075388
2023-10-01,27983.75,0.2232050942803778
2023-10-02,27530.78515625,0.21956899616536632
2023-10-03,27429.978515625,0.2187597880314134
2023-10-04,27799.39453125,0.22172521216223287
2023-10-05,27415.912109375,0.2186468723516287
2023-10-06,27946.59765625,0.22290686017028824
2023-10-07,27968.83984375,0.2230854055412114
2023-10-08,27935.08984375,0.2228144831659434
2023-10-09,27583.677734375,0.2199935823253566
2023-10-10,27391.01953125,0.21844705142149037
2023-10-11,26873.3203125,0.2142913091394718
2023-10-12,26756.798828125,0.21335595277453476
2023-10-13,26862.375,0.2142034475080481
2023-10-14,26861.70703125,0.21419808550270425
2023-10-15,27159.65234375,0.21658979074011048
2023-10-16,28519.466796875,0.22750546960127638
2023-10-17,28415.748046875,0.2266728850054297
2023-10-18,28328.341796875,0.22597124622429587
2023-10-19,28719.806640625,0.22911366356659685
2023-10-20,29682.94921875,0.23684512652918494
2023-10-21,29918.412109375,0.23873526476964682
2023-10-22,29993.896484375,0.23934120273025775
2023-10-23,33086.234375,0.2641644183290515
2023-10-24,33901.52734375,0.27070904374040056
2023-10-25,34502.8203125,0.2755358206093097
2023-10-26,34156.6484375,0.27275698485742916
2023-10-27,33909.80078125,0.2707754573504489
2023-10-28,34089.57421875,0.27221855799334044
2023-10-29,34538.48046875,0.2758220764384557
2023-10-30,34502.36328125,0.2755321518688113
2023-10-31,34667.78125,0.27686001643194474
2023-11-01,35437.25390625,0.28303682709075983
2023-11-02,34938.2421875,0.27903109553134336
2023-11-03,34732.32421875,0.27737812411788837
2023-11-04,35082.1953125,0.28018665471807663
2023-11-05,35049.35546875,0.27992303846704913
2023-11-06,35037.37109375,0.2798268359384239
2023-11-07,35443.5625,0.2830874682523406
2023-11-08,35655.27734375,0.2847869730922884
2023-11-09,36693.125,0.2931181183425863
2023-11-10,37313.96875,0.2981018357772612
2023-11-11,37138.05078125,0.29668968425293324
2023-11-12,37054.51953125,0.296019151374145
2023-11-13,36502.35546875,0.29158674843043786
2023-11-14,35537.640625,0.2838426643734001
2023-11-15,37880.58203125,0.3026502273628799
2023-11-16,36154.76953125,0.2887965615327417
2023-11-17,36596.68359375,0.29234395138390673
2023-11-18,36585.703125,0.29225580754167546
2023-11-19,37386.546875,0.2986844443111129
2023-11-20,37476.95703125,0.29941019643791583
2023-11-21,35813.8125,0.28605958705065077
2023-11-22,37432.33984375,0.29905203956635207
2023-11-23,37289.62109375,0.2979063891146402
2023-11-24,37720.28125,0.3013634401506262
2023-11-25,37796.79296875,0.3019776249381695
2023-11-26,37479.12109375,0.29942756808095966
2023-11-27,37254.16796875,0.2976217951935832
2023-11-28,37831.0859375,0.3022529059025766
2023-11-29,37858.4921875,0.30247290490545625
2023-11-30,37712.74609375,0.30130295296753684
2023-12-01,38688.75,0.30913765805056126
2023-12-02,39476.33203125,0.3154598386320317
2023-12-03,39978.390625,0.31949002846143765
2023-12-04,41980.09765625,0.3355583906391224
2023-12-05,44080.6484375,0.35242020418067066
2023-12-06,43746.4453125,0.34973744553038977
2023-12-07,43292.6640625,0.34609479385329134
2023-12-08,44166.6015625,0.3531101782484249
2023-12-09,43725.984375,0.3495731988403835
2023-12-10,43779.69921875,0.35000438559759534
2023-12-11,41243.83203125,0.32964814376643614
2023-12-12,41450.22265625,0.33130490934741513
2023-12-13,42890.7421875,0.34286843447411625
2023-12-14,43023.97265625,0.34393791936454043
2023-12-15,41929.7578125,0.33515429611943737
2023-12-16,42240.1171875,0.3376456531286725
2023-12-17,41364.6640625,0.33061810231205696
2023-12-18,42623.5390625,0.3407235069095525
2023-12-19,42270.52734375,0.3378897654772212
2023-12-20,43652.25,0.34898130870663835
2023-12-21,43869.15234375,0.3507224553190811
2023-12-22,43997.90234375,0.35175597400991815
2023-12-23,43739.54296875,0.3496820381418367
2023-12-24,43016.1171875,0.34387486092742653
2023-12-25,43613.140625,0.34866736486159405
2023-12-26,42520.40234375,0.33989559447040896
2023-12-27,43442.85546875,0.3473004297799902
2023-12-28,42627.85546875,0.3407581561253709
2023-12-29,42099.40234375,0.3365160886929921
2023-12-30,42156.90234375,0.33697766014715236
2023-12-31,42265.1875,0.33784690079122687
2024-01-01,44167.33203125,0.3531160419618711
2024-01-02,44957.96875,0.3594627435268438
2024-01-03,42848.17578125,0.3425267398996608
2024-01-04,44179.921875,0.3532171047877378
2024-01-05,44162.69140625,0.3530787901352717
2024-01-06,43989.1953125,0.3516860797999098
2024-01-07,43943.09765625,0.35131603871767164
2024-01-08,46970.50390625,0.3756180266332603
2024-01-09,46139.73046875,0.36894913439631094
2024-01-10,46627.77734375,0.37286684754052174
2024-01-11,46368.5859375,0.3707862326833277
2024-01-12,42853.16796875,0.34256681383433585
2024-01-13,42842.3828125,0.3424802378299244
2024-01-14,41796.26953125,0.33408274168309104
2024-01-15,42511.96875,0.33982789523334833
2024-01-16,43154.9453125,0.34498928004976726
2024-01-17,42742.65234375,0.3416796684823588
2024-01-18,41262.05859375,0.3297944543917834
2024-01-19,41618.40625,0.3326549744940775
2024-01-20,41665.5859375,0.3330337013978375
2024-01-21,41545.78515625,0.3320720210359054
2024-01-22,39507.3671875,0.3157089680616039
2024-01-23,39845.55078125,0.31842367924665316
2024-01-24,40077.07421875,0.3202821941982889
2024-01-25,39933.80859375,0.31913215380068144
2024-01-26,41816.87109375,0.3342481172163275
2024-01-27,42120.0546875,0.3366818718640618
2024-01-28,42035.59375,0.33600387607725113
2024-01-29,43288.24609375,0.3460593293618066
2024-01-30,42952.609375,0.3433650627819281
2024-01-31,42582.60546875,0.3403949194592709
2024-02-01,43075.7734375,0.34435374131111784
2024-02-02,43185.859375,0.3452374374198912
2024-02-03,42992.25,0.34368327114584235
2024-02-04,42583.58203125,0.3404027586483701
2024-02-05,42658.66796875,0.34100549821982856
2024-02-06,43084.671875,0.34442517200218964
2024-02-07,44318.22265625,0.354327290747965
2024-02-08,45301.56640625,0.3622209151762589
2024-02-09,47147.19921875,0.37703641815211125
2024-02-10,47771.27734375,0.38204609898108266
2024-02-11,48293.91796875,0.3862415075599431
2024-02-12,49958.22265625,0.399601429903858
2024-02-13,49742.44140625,0.39786928268050115
2024-02-14,51826.6953125,0.41460027583436215
2024-02-15,51938.5546875,0.41549820791053965
2024-02-16,52160.203125,0.4172774529820044
2024-02-17,51662.99609375,0.4132862082440433
2024-02-18,52122.546875,0.4169751738503397
2024-02-19,51779.14453125,0.41421857003874446
2024-02-20,52284.875,0.4182782352191633
2024-02-21,51839.1796875,0.4147004920278062
2024-02-22,51304.97265625,0.41041223609325495
2024-02-23,50731.94921875,0.40581238807038916
2024-02-24,51571.1015625,0.41254854054980955
2024-02-25,51733.23828125,0.41385006543756975
2024-02-26,54522.40234375,0.43623960478052026
2024-02-27,57085.37109375,0.4568133997875602
2024-02-28,62504.7890625,0.5003168542664846
2024-02-29,61198.3828125,0.4898299006571534
2024-03-01,62440.6328125,0.49980185089942436
2024-03-02,62029.84765625,0.4965043430399851
2024-03-03,63167.37109375,0.5056356186432589
2024-03-04,68330.4140625,0.5470810664863516
2024-03-05,63801.19921875,0.5107235659361966
2024-03-06,66106.8046875,0.5292314210480362
2024-03-07,66925.484375,0.5358032327671812
2024-03-08,68300.09375,0.5468376753431999
2024-03-09,68498.8828125,0.5484334206762308
2024-03-10,69019.7890625,0.5526149068552512
2024-03-11,72123.90625,0.5775326787529593
2024-03-12,71481.2890625,0.5723741787581289
2024-03-13,73083.5,0.5852356541023609
2024-03-14,71396.59375,0.5716943015659344
2024-03-15,69403.7734375,0.5556972760090523
2024-03-16,65315.1171875,0.5228762845155928
2024-03-17,68390.625,0.5475643995294511
2024-03-18,67548.59375,0.5408051371205663
2024-03-19,61912.7734375,0.49556454969401786
2024-03-20,67913.671875,0.5437357395734072
2024-03-21,65491.390625,0.5242912895047528
2024-03-22,63778.76171875,0.5105434527274536
2024-03-23,64062.203125,0.5128187303283587
2024-03-24,67234.171875,0.5382811690846786
2024-03-25,69958.8125,0.5601527575254674
2024-03-26,69987.8359375,0.5603857382254953
2024-03-27,69455.34375,0.5561112479070023
2024-03-28,70744.953125,0.5664633674638275
2024-03-29,69892.828125,0.5596230791964134
2024-03-30,69645.3046875,0.5576361269705765
2024-03-31,71333.6484375,0.571189018793357
2024-04-01,69702.1484375,0.5580924304896622
2024-04-02,65446.97265625,0.5239347318277653
2024-04-03,65980.8125,0.5282200402272152
2024-04-04,68508.84375,0.5485133804050426
2024-04-05,67837.640625,0.5431254116669006
2024-04-06,68896.109375,0.551622089234217
2024-04-07,69362.5546875,0.5553663995155537
2024-04-08,71631.359375,0.5735788426253795
2024-04-09,69139.015625,0.5535719777739929
2024-04-10,70587.8828125,0.5652025122891139
2024-04-11,70060.609375,0.5609699145971669
2024-04-12,67195.8671875,0.5379736847314519
2024-04-13,63821.47265625,0.5108863075018958
2024-04-14,65738.7265625,0.5262767366062826
2024-04-15,63426.2109375,0.5077134113923771
2024-04-16,63811.86328125,0.5108091698811598
2024-04-17,61276.69140625,0.49045850955263925
2024-04-18,63512.75390625,0.5084081203303473
2024-04-19,63843.5703125,0.5110636926728322
2024-04-20,64994.44140625,0.5203021143127139
2024-04-21,64926.64453125,0.5197578864486917
2024-04-22,66837.6796875,0.535098395596895
2024-04-23,66407.2734375,0.5316433827500747
2024-04-24,64276.8984375,0.5145421603734373
2024-04-25,64481.70703125,0.5161862264680755
2024-04-26,63755.3203125,0.5103552808323167
2024-04-27,63419.140625,0.5076566556632991
2024-04-28,63113.23046875,0.5052010139995998
2024-04-29,63841.12109375,0.5110440319865714
2024-04-30,60636.85546875,0.4853223355683633
2024-05-01,58254.01171875,0.46619446331229064
2024-05-02,59123.43359375,0.4731735992970295
2024-05-03,62889.8359375,0.5034077524580257
2024-05-04,63891.47265625,0.5114482205765256
2024-05-05,64031.1328125,0.512569318687979
2024-05-06,63161.94921875,0.5055920954653802
2024-05-07,62334.81640625,0.49895242772539267
2024-05-08,61187.94140625,0.4897460840473049
2024-05-09,63049.9609375,0.5046931286162416
2024-05-10,60792.77734375,0.4865739718566962
2024-05-11,60793.7109375,0.48658146612147507
2024-05-12,61448.39453125,0.49183682713681504
2024-05-13,62901.44921875,0.5035009760947933
2024-05-14,61552.7890625,0.4926748364515184
2024-05-15,66267.4921875,0.5305213125791732
2024-05-16,65231.58203125,0.5222057202800482
2024-05-17,67051.875,0.5368178119771547
2024-05-18,66940.8046875,0.5359262139657693
2024-05-19,66278.3671875,0.5306086097889818
2024-05-20,71448.1953125,0.5721085243179356
2024-05-21,70136.53125,0.5615793645144943
2024-05-22,69122.3359375,0.5534380844241787
2024-05-23,67929.5625,0.5438632988584292
2024-05-24,68526.1015625,0.5486519145548034
2024-05-25,69265.9453125,0.5545908842163492
2024-05-26,68518.09375,0.5485876332041901
2024-05-27,69394.5546875,0.555623274063956
2024-05-28,68296.21875,0.5468065694408543
2024-05-29,67578.09375,0.5410419433448745
2024-05-30,68364.9921875,0.5473586364939756
2024-05-31,67491.4140625,0.5403461369204305
2024-06-01,67706.9375,0.5420762145978653
2024-06-02,67751.6015625,0.5424347477505057
2024-06-03,68804.78125,0.5508889682696608
2024-06-04,70567.765625,0.5650410249936706
2024-06-05,71082.8203125,0.5691755387516085
2024-06-06,70757.1640625,0.5665613886843237
2024-06-07,69342.5859375,0.5552061037768535
2024-06-08,69305.7734375,0.5549105977045704
2024-06-09,69647.9921875,0.5576577004189776
2024-06-10,69512.28125,0.5565683039882414
2024-06-11,67332.03125,0.5390667185459301
2024-06-12,68241.1875,0.5463648154567368
2024-06-13,66756.3984375,0.5344459242097913
2024-06-14,66011.09375,0.5284631178028029
2024-06-15,66191.0,0.5299072845754119
2024-06-16,66639.046875,0.5335039045341199
2024-06-17,66490.296875,0.5323098392505314
2024-06-18,65140.74609375,0.521476550266798
2024-06-19,64960.296875,0.5200280249050498
2024-06-20,64828.65625,0.5189713022144791
2024-06-21,64096.19921875,0.5130916281792797
2024-06-22,64252.578125,0.514346933208111
2024-06-23,63180.796875,0.5057433918149945
2024-06-24,60277.4140625,0.4824369809150029
2024-06-25,61804.640625,0.4946965319634429
2024-06-26,60811.27734375,0.48672247745499125
2024-06-27,61604.80078125,0.4930923516629412
2024-06-28,60320.13671875,0.4827799297597143
2024-06-29,60887.37890625,0.48733336978311287
2024-06-30,62678.29296875,0.5017096273153594
2024-07-01,62851.98046875,0.5031038741317848
2024-07-02,62029.015625,0.49649766405087253
2024-07-03,60173.921875,0.4816062150110273
2024-07-04,56977.703125,0.4559491135109964
2024-07-05,56662.375,0.45341787070762457
2024-07-06,58303.5390625,0.4665920356266451
2024-07-07,55849.109375,0.44688951945284544
2024-07-08,56705.09765625,0.45376081955233594
2024-07-09,58009.2265625,0.4642294921726879
2024-07-10,57742.49609375,0.46208835877564813
2024-07-11,57344.9140625,0.4588968367528299
2024-07-12,57899.46484375,0.4633483986746954
2024-07-13,59231.953125,0.47404472134648784
2024-07-14,60787.79296875,0.48653396063553395
2024-07-15,64870.15234375,0.5193044050376818
2024-07-16,65097.1484375,0.5211265775086538
2024-07-17,64118.79296875,0.5132729956582786
2024-07-18,63974.06640625,0.5121112278337787
2024-07-19,66710.15625,0.5340747229275664
2024-07-20,67163.6484375,0.5377150542046915
2024-07-21,68154.5234375,0.5456691344593184
2024-07-22,67585.25,0.5410993889225935
2024-07-23,65927.671875,0.5277934629131937
2024-07-24,65372.1328125,0.5233339677319598
2024-07-25,65777.2265625,0.5265857887973291
2024-07-26,67912.0625,0.5437228205897717
2024-07-27,67813.3359375,0.5429303099286
2024-07-28,68255.8671875,0.5464826541472758
2024-07-29,66819.9140625,0.5349557850688025
2024-07-30,66201.015625,0.5299876832988132
2024-07-31,64619.25,0.5172903292175618
2024-08-01,65357.5,0.5232165053224976
2024-08-02,61415.06640625,0.49156929129123794
2024-08-03,60680.09375,0.485669423504919
2024-08-04,58116.9765625,0.465094436941136
2024-08-05,53991.45703125,0.4319775317375603
2024-08-06,56034.31640625,0.4483762373438849
2024-08-07,55027.4609375,0.4402938765988389
2024-08-08,61710.13671875,0.4939379179559361
2024-08-09,60880.11328125,0.4872750462162149
2024-08-10,60945.8125,0.487802435502052
2024-08-11,58719.484375,0.4699309657612845
2024-08-12,59354.515625,0.47502857093519246
2024-08-13,60609.56640625,0.48510327726817554
2024-08-14,58737.26953125,0.470073733073159
2024-08-15,57560.09765625,0.460624186392458
2024-08-16,58894.10546875,0.47133270684248874
2024-08-17,59478.97265625,0.4760276285507495
2024-08-18,58483.96484375,0.4680403728478549
2024-08-19,59493.453125,0.47614386804671227
2024-08-20,59012.79296875,0.4722854505288478
2024-08-21,61175.19140625,0.4896437355944259
2024-08-22,60381.9140625,0.483275836862129
2024-08-23,64094.35546875,0.5130768277902604
2024-08-24,64178.9921875,0.513756234631109
2024-08-25,64333.54296875,0.5149968646979466
2024-08-26,62880.66015625,0.5033340954372497
2024-08-27,59504.1328125,0.476229597418701
2024-08-28,59027.625,0.47240451213288626
2024-08-29,59388.1796875,0.4752988034618197
2024-08-30,59119.4765625,0.4731418349027996
2024-08-31,58969.8984375,0.471941121986855
2024-09-01,57325.48828125,0.4587408996032688
2024-09-02,59112.48046875,0.473085674952093
2024-09-03,57431.0234375,0.45958806509083994
2024-09-04,57971.5390625,0.46392696218697194
2024-09-05,56160.48828125,0.4493890605755001
2024-09-06,53948.75390625,0.43163473967663096
2024-09-07,54139.6875,0.43316742657254803
2024-09-08,54841.56640625,0.43880163991867366
2024-09-09,57019.53515625,0.4562849130152492
2024-09-10,57648.7109375,0.4613355144113184
2024-09-11,57343.171875,0.4588828516394769
2024-09-12,58127.01171875,0.4651749924483193
2024-09-13,60571.30078125,0.4847961064825129
2024-09-14,60005.12109375,0.48025119549685424
2024-09-15,59182.8359375,0.473650441491555
2024-09-16,58192.5078125,0.46570075118282367
2024-09-17,60308.5390625,0.48268683154997233
2024-09-18,61649.6796875,0.49345260943718355
2024-09-19,62940.45703125,0.5038141046641713
2024-09-20,63192.9765625,0.5058411621814396
2024-09-21,63394.83984375,0.5074615852817548
2024-09-22,63648.7109375,0.5094994922367364
2024-09-23,63329.80078125,0.5069394952877488
2024-09-24,64301.96875,0.5147434080359916
2024-09-25,63143.14453125,0.5054411440400862
2024-09-26,65181.01953125,0.5217998384252486
2024-09-27,65790.6640625,0.5266936560393339
2024-09-28,65887.6484375,0.5274721815871526
2024-09-29,65635.3046875,0.5254465351239221
2024-09-30,63329.5,0.5069370808175063
2024-10-01,60837.0078125,0.4869290244093767
2024-10-02,60632.78515625,0.4852896618281979
2024-10-03,60759.40234375,0.4863060597300423
2024-10-04,62067.4765625,0.496806402674355
2024-10-05,62089.94921875,0.49698679809390556
2024-10-06,62818.953125,0.5028387527564502
2024-10-07,62236.66015625,0.4981644951506549
2024-10-08,62131.96875,0.49732410272246547
2024-10-09,60582.1015625,0.48488280791394994
2024-10-10,60274.5,0.48241358877473095
2024-10-11,62445.08984375,0.4998376289584731
2024-10-12,63193.0234375,0.5058415384625164
2024-10-13,62851.375,0.5030990138345433
2024-10-14,66046.125,0.528744325194169
2024-10-15,67041.109375,0.5367313927565253
2024-10-16,67612.71875,0.5413198896335755
2024-10-17,67399.8359375,0.539611009123465
2024-10-18,68418.7890625,0.5477904817430718
2024-10-19,68362.734375,0.5473405122887783
2024-10-20,69001.703125,0.5524697250731342
2024-10-21,67367.8515625,0.5393542600020883
2024-10-22,67361.40625,0.5393025213540337
2024-10-23,66432.1953125,0.531843438855886
2024-10-24,68161.0546875,0.5457215629560137
2024-10-25,66642.4140625,0.5335309340581339
2024-10-26,67014.6953125,0.5365193583697704
2024-10-27,67929.296875,0.5438611665989942
2024-10-28,69907.7578125,0.5597429247193618
2024-10-29,72720.4921875,0.5823216707304103
2024-10-30,72339.5390625,0.5792636344195731
2024-10-31,70215.1875,0.5622107641612993
2024-11-01,69482.46875,0.5563289892234213
2024-11-02,69289.2734375,0.5547781467655506
2024-11-03,68741.1171875,0.5503779158539065
2024-11-04,67811.5078125,0.5429156349666063
2024-11-05,69359.5625,0.5553423802401538
2024-11-06,75639.078125,0.6057501221262982
2024-11-07,75904.859375,0.6078836358315335
2024-11-08,76545.4765625,0.6130260811670888
2024-11-09,76778.8671875,0.6148995846482822
2024-11-10,80474.1875,0.6445631389131267
2024-11-11,88701.484375,0.7106063629548987
2024-11-12,87955.8125,0.704620609012809
2024-11-13,90584.1640625,0.7257192534084178
2024-11-14,87250.4296875,0.6989582686561955
2024-11-15,91066.0078125,0.7295871720234705
2024-11-16,90558.4765625,0.7255130513783528
2024-11-17,89845.8515625,0.7197925755953796
2024-11-18,90542.640625,0.7253859310879203
2024-11-19,92343.7890625,0.7398443433219263
2024-11-20,94339.4921875,0.7558645101650292
2024-11-21,98504.7265625,0.7893002195108908
2024-11-22,98997.6640625,0.7932571913141103
2024-11-23,97777.28125,0.7834607761941484
2024-11-24,98013.8203125,0.7853595532209976
2024-11-25,93102.296875,0.7459331355655358
2024-11-26,91985.3203125,0.7369667965009088
2024-11-27,95962.53125,0.7688931797343688
2024-11-28,95652.46875,0.7664042058386199
2024-11-29,97461.5234375,0.7809260841475729
2024-11-30,96449.0546875,0.7727986637435849
2024-12-01,97279.7890625,0.7794672424129703
2024-12-02,95865.3046875,0.7681127100676536
2024-12-03,96002.1640625,0.7692113253847703
2024-12-04,98768.53125,0.7914178666973893
2024-12-05,96593.5703125,0.7739587383032392
2024-12-06,99920.7109375,0.8006667928506639
2024-12-07,99923.3359375,0.8006878645909625
2024-12-08,101236.015625,0.8112251771510669
2024-12-09,97432.71875,0.7806948594259033
2024-12-10,96675.4296875,0.7746158504902897
2024-12-11,101173.03125,0.8107195808109257
2024-12-12,100043.0,0.8016484474664207
2024-12-13,101459.2578125,0.8130172157791415
2024-12-14,101372.96875,0.8123245450303372
2024-12-15,104298.6953125,0.8358103165769183
2024-12-16,106029.71875,0.8497058123200898
2024-12-17,106140.6015625,0.8505959052071681
2024-12-18,100041.5390625,0.8016367200395283
2024-12-19,97490.953125,0.7811623259502661
2024-12-20,97755.9296875,0.7832893801636838
2024-12-21,97224.7265625,0.7790252375748016
2024-12-22,95104.9375,0.7620089920079993
2024-12-23,94686.2421875,0.7586479867168565
2024-12-24,98676.09375,0.7906758404140165
2024-12-25,99299.1953125,0.7956776820538887
2024-12-26,95795.515625,0.7675524902578691
2024-12-27,94164.859375,0.7544626750135559
2024-12-28,95163.9296875,0.7624825417431031
2024-12-29,93530.2265625,0.7493682682288004
2024-12-30,92643.2109375,0.7422479014132505
2024-12-31,93429.203125,0.7485573197948675
2025-01-01,94419.7578125,0.7565088287954698
2025-01-02,96886.875,0.7763131917140461
2025-01-03,98107.4296875,0.7861109865312894
2025-01-04,98236.2265625,0.7871448815032033
2025-01-05,98314.9609375,0.7877769082851364
2025-01-06,102078.0859375,0.8179847531275157
2025-01-07,96922.703125,0.7766007958837171
2025-01-08,95043.5234375,0.7615160010839295
2025-01-09,92484.0390625,0.7409701763035955
2025-01-10,94701.453125,0.7587700899262655
2025-01-11,94566.59375,0.7576875292684239
2025-01-12,94488.4375,0.7570601432864376
2025-01-13,94516.5234375,0.7572855983649303
2025-01-14,96534.046875,0.7734809240492655
2025-01-15,100504.4921875,0.8053529973806464
2025-01-16,99756.90625,0.7993518786279222
2025-01-17,104462.0390625,0.8371215307024051
2025-01-18,104408.0703125,0.8366883057560275
2025-01-19,101089.609375,0.8100499259213165
2025-01-20,102016.6640625,0.8174916994899332
2025-01-21,106146.265625,0.8506413725039434
2025-01-22,103653.0703125,0.8306276718796624
2025-01-23,103960.171875,0.8330928773540626
2025-01-24,104819.484375,0.8399908620532467
2025-01-25,104714.6484375,0.8391493094250706
2025-01-26,102682.5,0.8228365840447859
2025-01-27,102087.6875,0.8180618280347389
2025-01-28,101332.4765625,0.8119995008935285
2025-01-29,103703.2109375,0.8310301672047712
2025-01-30,104735.3046875,0.8393151239528966
2025-01-31,102405.0234375,0.8206091882108987
2025-02-01,100655.90625,0.8065684479720974
2025-02-02,97688.9765625,0.7827519253590434
2025-02-03,101405.421875,0.8125850569624815
2025-02-04,97871.8203125,0.7842196724124627
2025-02-05,96615.4453125,0.7741343361390611
2025-02-06,96593.296875,0.7739565433302915
2025-02-07,96529.0859375,0.7734411009686416
2025-02-08,96482.453125,0.7730667640107771
2025-02-09,96500.09375,0.7732083711226648
2025-02-10,97437.5546875,0.7807336790903224
2025-02-11,95747.4296875,0.7671664885866251
2025-02-12,97885.859375,0.7843323685949526
2025-02-13,96623.8671875,0.7742019413058525
2025-02-14,97508.96875,0.781306943310768
2025-02-15,97580.3515625,0.7818799566771623
2025-02-16,96175.03125,0.7705989872823523
2025-02-17,95773.3828125,0.767374822876125
2025-02-18,95539.546875,0.7654977447247024
2025-02-19,96635.609375,0.7742961997155812
2025-02-20,98333.9375,0.7879292394077118
2025-02-21,96125.546875,0.7702017598923182
2025-02-22,96577.7578125,0.7738318061533451
2025-02-23,96273.921875,0.7713928149272926
2025-02-24,91418.171875,0.7324141090396636
2025-02-25,88736.171875,0.7108848109517019
2025-02-26,84347.0234375,0.6756516696156654
2025-02-27,84704.2265625,0.6785190568476104
2025-02-28,84373.0078125,0.6758602547592166
2025-03-01,86031.9140625,0.6891768420657912
2025-03-02,94248.3515625,0.7551328943247801
2025-03-03,86065.671875,0.689447827154572
2025-03-04,87222.1953125,0.6987316220209597
2025-03-05,90623.5625,0.7260355176534354
2025-03-06,89961.7265625,0.720722742417133
2025-03-07,86742.671875,0.6948823293192067
2025-03-08,86154.59375,0.6901616323571877
2025-03-09,80601.0390625,0.645581418220355
2025-03-10,78532.0,0.6289725596326593
2025-03-11,82862.2109375,0.6637325902281814
2025-03-12,83722.359375,0.6706372852732345
2025-03-13,81066.703125,0.6493194571504123
2025-03-14,83969.1015625,0.672617966147792
2025-03-15,84343.109375,0.6756202501457559
2025-03-16,82579.6875,0.6614646814650297
2025-03-17,84075.6875,0.6734735666028339
2025-03-18,82718.5,0.6625789751603448
2025-03-19,86854.2265625,0.6957778155683852
2025-03-20,84167.1953125,0.6742081299781844
2025-03-21,84043.2421875,0.6732131173842024
2025-03-22,83832.484375,0.6715212949495718
2025-03-23,86054.375,0.6893571434150726
2025-03-24,87498.9140625,0.7009529346441059
2025-03-25,87471.703125,0.7007345034790461
2025-03-26,86900.8828125,0.6961523406667881
2025-03-27,87177.1015625,0.6983696396251156
2025-03-28,84353.1484375,0.6757008370096955
2025-03-29,82597.5859375,0.6616083581228396
2025-03-30,82334.5234375,0.6594966687200564
2025-03-31,82548.9140625,0.6612176529381361
2025-04-01,85169.171875,0.6822513261344908
2025-04-02,82485.7109375,0.6607103006196365
2025-04-03,83102.828125,0.6656641037087089
2025-04-04,83843.8046875,0.6716121668296097
2025-04-05,83504.796875,0.6688908393689608
2025-04-06,78214.484375,0.6264237570457054
2025-04-07,79235.3359375,0.6346184690489209
2025-04-08,76271.953125,0.6108304183706751
2025-04-09,82573.953125,0.6614186497466392
2025-04-10,79626.140625,0.6377555870993908
2025-04-11,83404.8359375,0.6680884199727677
2025-04-12,85287.109375,0.6831980493236216
2025-04-13,83684.9765625,0.6703372011145176
2025-04-14,84542.390625,0.6772199464300928
2025-04-15,83668.9921875,0.670208889267342
2025-04-16,84033.8671875,0.6731378611688502
2025-04-17,84895.75,0.6800564786137434
2025-04-18,84450.8046875,0.6764847559196144
2025-04-19,85063.4140625,0.681402373311805
2025-04-20,85174.3046875,0.6822925289123961
2025-04-21,87518.90625,0.7011134185233445
2025-04-22,93441.890625,0.7486591665396441
2025-04-23,93699.109375,0.7507239462348578
2025-04-24,93943.796875,0.7526881334555506
2025-04-25,94720.5,0.7589229854704561
2025-04-26,94646.9296875,0.7583324123204795
2025-04-27,93754.84375,0.7511713444351267
2025-04-28,94978.75,0.7609960433493584
2025-04-29,94284.7890625,0.7554253901484491
2025-04-30,94207.3125,0.7548034602420758
2025-05-01,96492.3359375,0.7731460966044609
2025-05-02,96910.0703125,0.77649938813353
2025-05-03,95891.796875,0.7683253715895364
2025-05-04,94315.9765625,0.7556757424915208
2025-05-05,94748.0546875,0.7591441760300788
2025-05-06,96802.4765625,0.7756356976353378
2025-05-07,97032.3203125,0.777480729181723
2025-05-08,103241.4609375,0.8273235477446234
2025-05-09,102970.8515625,0.8251512770884817
2025-05-10,104696.328125,0.8390022462375698
2025-05-11,104106.359375,0.8342663726054548
2025-05-12,102812.953125,0.823883774281412
2025-05-13,104169.8125,0.8347757317563638
2025-05-14,103539.4140625,0.8297153156955424
2025-05-15,103744.640625,0.8313627369631151
2025-05-16,103489.2890625,0.8293129457974592
2025-05-17,103191.0859375,0.8269191710141308
2025-05-18,106446.0078125,0.8530475018492921
2025-05-19,105606.1796875,0.8463059246510151
2025-05-20,106791.0859375,0.8558175577093816
2025-05-21,109678.078125,0.8789923956595325
2025-05-22,111673.28125,0.8950085488378167
2025-05-23,107287.796875,0.8598048201392804
2025-05-24,107791.15625,0.8638454517685664
2025-05-25,109035.390625,0.8738333312430869
2025-05-26,109440.3671875,0.8770842116057643
2025-05-27,108994.640625,0.873506217560356
2025-05-28,107802.328125,0.8639351320918612
2025-05-29,105641.7578125,0.8465915219882768
2025-05-30,103998.5703125,0.8334011142694427
2025-05-31,104638.09375,0.8385347797132069
2025-06-01,105652.1015625,0.8466745546792154
2025-06-02,105881.53125,0.8485162624094225
2025-06-03,105432.46875,0.8449114896940513
2025-06-04,104731.984375,0.8392884707099594
2025-06-05,101575.953125,0.8139539675197383
2025-06-06,104390.34375,0.836546008795499
2025-06-07,105615.625,0.8463817452879825
2025-06-08,105793.6484375,0.8478107981040083
2025-06-09,110294.1015625,0.8839374188568139
2025-06-10,110257.234375,0.8836414737899412
2025-06-11,108686.625,0.871033674604959
2025-06-12,105929.0546875,0.8488977487077454
2025-06-13,106090.96875,0.8501974862603909
2025-06-14,105472.40625,0.8452320811714518
2025-06-15,105552.0234375,0.8458711945803304
2025-06-16,106796.7578125,0.8558630877196697
2025-06-17,104601.1171875,0.8382379566571552
2025-06-18,104883.328125,0.8405033568797953
2025-06-19,104684.2890625,0.8389056047143549
2025-06-20,103309.6015625,0.8278705350032084
2025-06-21,102257.40625,0.8194242163866653
2025-06-22,100987.140625,0.8092273754875168
2025-06-23,105577.7734375,0.8460778983184979
2025-06-24,106045.6328125,0.8498335597456502
2025-06-25,107361.2578125,0.8603945153000778
2025-06-26,106960.0,0.8571734865694902
2025-06-27,107088.4296875,0.8582044340063028
2025-06-28,107327.703125,0.8601251607626297
2025-06-29,108385.5703125,0.868617009389461
2025-06-30,107135.3359375,0.858580965937115
2025-07-01,105698.28125,0.8470452542533379
2025-07-02,108859.3203125,0.8724199568052595
2025-07-03,109647.9765625,0.8787507604947391
2025-07-04,108034.3359375,0.8657975352812901
2025-07-05,108231.1796875,0.8673776649496355
2025-07-06,109232.0703125,0.8754121439276636
2025-07-07,108299.8515625,0.8679289167270905
2025-07-08,108950.2734375,0.8731500675212016
2025-07-09,111326.5546875,0.8922252604265277
2025-07-10,115987.203125,0.9296378217591643
2025-07-11,117516.9921875,0.9419179428398005
2025-07-12,117435.2265625,0.9412615832149036
2025-07-13,119116.1171875,0.9547546463464791
2025-07-14,119849.703125,0.9606433824842772
2025-07-15,117777.1875,0.9440066163833885
2025-07-16,118738.5078125,0.9517234514191174
2025-07-17,119289.84375,0.9561492067304684
2025-07-18,118003.2265625,0.9458211064490432
2025-07-19,117939.9765625,0.9453133778494669
2025-07-20,117300.7890625,0.9401824090867529
2025-07-21,117439.5390625,0.9412962010739656
2025-07-22,119995.4140625,0.961813052211389
2025-07-23,118754.9609375,0.9518555260770606
2025-07-24,118368.0,0.948749263074885
2025-07-25,117635.8828125,0.9428723170774922
2025-07-26,117947.3671875,0.9453727048325695
2025-07-27,119448.4921875,0.9574227300347663
2025-07-28,117924.4765625,0.9451889542400845
2025-07-29,117922.1484375,0.9451702656132721
2025-07-30,117831.1875,0.9444400921838172
2025-07-31,115758.203125,0.9277995632721608
2025-08-01,113320.0859375,0.9082279929130741
2025-08-02,112526.9140625,0.9018609408131999
2025-08-03,114217.671875,0.9154332111114336
2025-08-04,115071.8828125,0.9222902438867635
2025-08-05,114141.4453125,0.9148213153671073
2025-08-06,115028.0,0.9219379820854023
2025-08-07,117496.8984375,0.9417566436848956
2025-08-08,116688.7265625,0.9352691816404578
2025-08-09,116500.359375,0.9337570961334934
2025-08-10,119306.7578125,0.9562849814856664
2025-08-11,118731.4453125,0.9516667584035521
2025-08-12,120172.90625,0.9632378405085449
2025-08-13,123344.0625,0.9886937570595342
2025-08-14,118359.578125,0.9486816579080937
2025-08-15,117398.3515625,0.9409655754345182
2025-08-16,117491.3515625,0.9417121170908122
2025-08-17,117453.0625,0.9414047581646112
2025-08-18,116252.3125,0.9317659421022993
2025-08-19,112831.1796875,0.904303381282456
2025-08-20,114274.7421875,0.9158913333223903
2025-08-21,112419.03125,0.9009949299150343
2025-08-22,116874.0859375,0.9367571224449968
2025-08-23,115374.328125,0.9247180721075388
2025-08-24,113458.4296875,0.9093385237976216
2025-08-25,110124.3515625,0.8825747796508364
2025-08-26,111802.65625,0.8960470846096772
2025-08-27,111222.0625,0.8913864671929145
2025-08-28,112544.8046875,0.902004554757497
2025-08-29,108410.8359375,0.8688198248898351
2025-08-30,108808.0703125,0.8720085561613341
2025-08-31,108236.7109375,0.8674220661166933
2025-09-01,109250.59375,0.8755608376664971
2025-09-02,111200.5859375,0.8912140677462451
2025-09-03,111723.2109375,0.89540935089808
2025-09-04,110723.6015625,0.8873851569361499
2025-09-05,110650.984375,0.8868022348347343
2025-09-06,110224.6953125,0.8833802720091563
2025-09-07,111167.6171875,0.8909494167222565
2025-09-08,112071.4296875,0.8982046175903124
2025-09-09,111530.546875,0.8938627729590791
2025-09-10,113955.359375,0.9133275422058786
2025-09-11,115507.5390625,0.925787400214181
2025-09-12,116101.578125,0.9305559475864613
2025-09-13,115950.5078125,0.9293432563895732
2025-09-14,115407.65625,0.9249856079531159
2025-09-15,115444.875,0.9252843751280643
2025-09-16,116843.1875,0.9365090905018983
2025-09-17,116468.5078125,0.9335014131418343
2025-09-18,117137.203125,0.9388692508423695
2025-09-19,115688.859375,0.9272429181326056
2025-09-20,115721.9609375,0.9275086352863118
2025-09-21,115306.09375,0.9241703322868002
2025-09-22,112748.5078125,0.9036397468900751
2025-09-23,112014.5,0.8977476242225861
2025-09-24,113328.6328125,0.9082966014960702
2025-09-25,109049.2890625,0.8739448985823466
2025-09-26,109712.828125,0.8792713453644381
2025-09-27,109681.9453125,0.8790234388483653
2025-09-28,112122.640625,0.898615704666674
2025-09-29,114400.3828125,0.9168998920351354
2025-09-30,114056.0859375,0.9141361075263253
2025-10-01,118648.9296875,0.951004378281427
2025-10-02,120681.2578125,0.967318546072506
2025-10-03,122266.53125,0.9800440585210016
2025-10-04,122425.4296875,0.981319588657709
2025-10-05,123513.4765625,0.9900536995844615
2025-10-06,124752.53125,1.0
2025-10-07,121451.3828125,0.9735005933096393
2025-10-08,123354.8671875,0.9887804898477276
2025-10-09,121705.5859375,0.9755411655889147
2025-10-10,113214.3671875,0.9073793536579523
2025-10-11,110807.8828125,0.8880617103121664
2025-10-12,115169.765625,0.9230759814885534
2025-10-13,115271.078125,0.9238892503224597
2025-10-14,113118.6640625,0.9066111131262318
2025-10-15,110783.1640625,0.8878632847576877
2025-10-16,108186.0390625,0.8670153062727146
2025-10-17,106467.7890625,0.8532223471229605
2025-10-18,107198.265625,0.8590861232826668
2025-10-19,108666.7109375,0.8708738178608483
2025-10-20,110588.9296875,0.8863041014026154
2025-10-21,108476.890625,0.8693500676405043
2025-10-22,107688.5859375,0.8630220860591005
2025-10-23,110069.7265625,0.8821362867693842
2025-10-24,111033.921875,0.8898762003778211
2025-10-25,111641.7265625,0.8947552489596436
2025-10-26,114472.4453125,0.9174783614771429
2025-10-27,114119.328125,0.9146437734123889
2025-10-28,112956.1640625,0.9053066720601266
2025-10-29,110055.3046875,0.8820205176247673
2025-10-30,108305.546875,0.8679746348779169
2025-10-31,109556.1640625,0.8780137512923898
2025-11-01,110064.015625,0.8820904431915321
2025-11-02,110639.625,0.8867110493871325
2025-11-03,106547.5234375,0.853862401234531
2025-11-04,101590.5234375,0.8140709282210982
2025-11-05,103891.8359375,0.8325443222576577
2025-11-06,101301.2890625,0.8117491485504568
2025-11-07,103372.40625,0.8283746889325554
2025-11-08,102282.1171875,0.8196225792276312
2025-11-09,104719.640625,0.8391893833597456
2025-11-10,105996.59375,0.8494399070258454
2025-11-11,102997.46875,0.8253649420265692
2025-11-12,101663.1875,0.8146542266035907
2025-11-13,99697.4921875,0.7988749423631276
2025-11-14,94397.7890625,0.7563324783974944
2025-11-15,95549.1484375,0.7655748196319256
2025-11-16,94177.078125,0.7545607589475649
2025-11-17,92093.875,0.7378382007611747
2025-11-18,92948.875,0.7447015676012967
2025-11-19,91465.9921875,0.7327979784514728
2025-11-20,86631.8984375,0.6939931144213074
2025-11-21,85090.6875,0.6816213061849671
2025-11-22,84648.359375,0.678070592517624
2025-11-23,86805.0078125,0.695382720437786
2025-11-24,88270.5625,0.707147211016234
2025-11-25,87341.890625,0.6996924557504691
2025-11-26,90518.3671875,0.7251910802036708
2025-11-27,91285.375,0.7313481047491995
2025-11-28,90919.265625,0.72840922411267
2025-11-29,90851.7578125,0.7278673166486211
2025-11-30,90394.3125,0.7241952523340226
2025-12-01,86321.5703125,0.6915020082661235
2025-12-02,91350.203125,0.7318685014783601
2025-12-03,93527.8046875,0.7493488270398344
2025-12-04,92141.625,0.7382215057513686
2025-12-05,89387.7578125,0.7161153060592191
2025-12-06,89272.375,0.7151890901887717
2025-12-07,90405.640625,0.7242861869275732
2025-12-08,90640.203125,0.7261690974356857
2025-12-09,92691.7109375,0.7426372269006727
2025-12-10,92020.9453125,0.7372527701192472
2025-12-11,92511.3359375,0.741189297317296
2025-12-12,90270.4140625,0.7232006787346303
2025-12-13,90298.7109375,0.7234278270779684
2025-12-14,88175.1796875,0.706381541738538
2025-12-15,86419.78125,0.6922903798354507
2025-12-16,87843.984375,0.7037229277906826
2025-12-17,86143.7578125,0.6900746487149432
2025-12-18,85462.5078125,0.6846060303993488
2025-12-19,88103.3828125,0.7058052045559656
2025-12-20,88344.0,0.7077367180364931
2025-12-21,88621.75,0.709966308843328
2025-12-22,88490.015625,0.7089088335906037
2025-12-23,87414.0,0.7002713014735532
2025-12-24,87611.9609375,0.701860399174228
2025-12-25,87234.7421875,0.698832339922506
2025-12-26,87301.4296875,0.6993676624677115
2025-12-27,87802.15625,0.7033871596431861
2025-12-28,87835.8359375,0.7036575175968389
2025-12-29,87138.140625,0.6980568873368143
2025-12-30,88430.1328125,0.7084281345150415
2025-12-31,87508.828125,0.7010325180918409
2026-01-01,88731.984375,0.7108511965088444
2026-01-02,89944.6953125,0.7205860269592431
2026-01-03,90603.1875,0.72587196081207
2026-01-04,91413.4921875,0.7323765436455004
2026-01-05,93882.5546875,0.7521965222287622
2026-01-06,93729.03125,0.7509641389888569
2026-01-07,91308.0546875,0.7315301620768391
2026-01-08,91027.125,0.7292750468702972
2026-01-09,90513.1015625,0.725148811296048
2026-01-10,90386.6484375,0.7241337303779721
2026-01-11,90827.4609375,0.7276722776238334
2026-01-12,91192.9921875,0.7306065174604163
2026-01-13,95321.78125,0.7637496682690961
2026-01-14,96929.328125,0.7766539769425661
2026-01-15,95551.1875,0.7655911878587648
2026-01-16,95525.1171875,0.7653819128665728
2026-01-17,95099.921875,0.7619687299327859
2026-01-18,93634.4296875,0.7502047410624403
2026-01-19,92553.59375,0.7415285147079961
2026-01-20,88310.90625,0.7074710635962997
2026-01-21,89376.9609375,0.7160286359845386
2026-01-22,89462.453125,0.716714909955038
2026-01-23,89503.875,0.7170474169998692
2026-01-24,89110.734375,0.713891547609074
2026-01-25,86572.21875,0.6935140458970778
2026-01-26,88267.140625,0.7071197424976304
2026-01-27,89102.5703125,0.7138260119882048
2026-01-28,89184.5703125,0.7144842530184855
2026-01-29,84561.5859375,0.6773740335310264
2026-01-30,84128.65625,0.673898764219574
2026-01-31,78621.1171875,0.629687932673095
2026-02-01,76974.4453125,0.616469554727555
2026-02-02,78688.765625,0.630230968980374
2026-02-03,75633.546875,0.6057057209592404
2026-02-04,73019.703125,0.5847235355568892
2026-02-05,62702.09765625,0.5019007153888412
2026-02-06,70555.390625,0.5649416867894057
2026-02-07,69281.96875,0.5547195096310886
2026-02-08,70264.7265625,0.562608430545923
2026-02-09,70120.78125,0.5614529340727026
2026-02-10,68793.9609375,0.5508021100544418
2026-02-11,66991.96875,0.5363369247610541
2026-02-12,66221.84375,0.5301548775239208
2026-02-13,68857.84375,0.5513149184485544
2026-02-14,69767.625,0.5586180324403845
2026-02-15,68788.1875,0.5507557647684874
2026-02-16,68843.15625,0.5511970170445026
2026-02-17,67494.21875,0.5403686510715234
2026-02-18,66425.3203125,0.5317882509646278
2026-02-19,66957.5234375,0.5360604208831474
2026-02-20,68005.421875,0.5444722470676542
2026-02-21,68003.765625,0.5444589518029419
2026-02-22,67659.390625,0.5416945401590039
2026-02-23,64616.73828125,0.5172701668231987
2026-02-24,64080.04296875,0.5129619366348227
2026-02-25,67960.125,0.5441086341204774
2026-02-26,67453.7734375,0.5400439832157914
2026-02-27,65881.796875,0.5274252091660703
2026-02-28,66995.859375,0.5363681560904252
2026-03-01,65738.1015625,0.5262717195252592
2026-03-02,68775.8515625,0.5506567401317864
2026-03-03,68293.6484375,0.5467859366951453
2026-03-04,72710.578125,0.5822420872826753
2026-03-05,70841.125,0.5672353708063156
2026-03-06,68136.4921875,0.5455243916717909
2026-03-07,67272.59375,0.538589594140597
2026-03-08,65969.78125,0.5281314887471508
2026-03-09,68402.3828125,0.5476587833662053
2026-03-10,69926.921875,0.5598967609662443
2026-03-11,70204.8828125,0.5621280450379247
2026-03-12,70493.4609375,0.5644445567734915
2026-03-13,70968.265625,0.5682559705135173
2026-03-14,71214.625,0.5702335784259479
2026-03-15,72789.9140625,0.5828789430050935
2026-03-16,74861.0859375,0.5995049223817818
2026-03-17,73922.4765625,0.5919703955277436
2026-03-18,71245.578125,0.5704820493636358
2026-03-19,69912.7890625,0.5597833122216008
2026-03-20,70522.5859375,0.5646783527491858
2026-03-21,68711.5234375,0.5501403570674447
2026-03-22,67845.2109375,0.5431861810607976
