=== KEYS TRONG CHECKPOINT ===
epoch: int = 45
model_state: OrderedDict = OrderedDict([('rnn.cells.0.W_Cr', tensor([ 0.0181,  0.0917, -0.0743, -0.1592, -0.0331,  0.1007, -0.2846,  0.1240,
         0.0296,  0.0095, -0.0273, -0.0140,  0.1244,  0.0867,  0.0370, -0.0682,
         0.1657, -0.1330, -0.0048, -0.0265,  0.0491,  0.0944,  0.0189,  0.1507,
         0.0406, -0.0698,  0.1021,  0.0104,  0.0031,  0.0403, -0.1655,  0.1151,
         0.0247,  0.3710,  0.0576, -0.0676,  0.1230, -0.1288,  0.1044, -0.0682,
        -0.0840, -0.0951,  0.0246,  0.0294, -0.1505, -0.1256,  0.1063, -0.1019,
         0.0229,  0.1540,  0.0573,  0.0040, -0.0092,  0.0833, -0.0377,  0.1532,
         0.0112, -0.0557, -0.1778,  0.1452, -0.0049,  0.0089,  0.0485, -0.0472,
         0.1249,  0.0571,  0.0634, -0.0083, -0.1929, -0.1240,  0.1531, -0.0882,
         0.0492, -0.1256,  0.0085,  0.0692,  0.0734,  0.1323,  0.1535, -0.0257,
        -0.1586,  0.0101,  0.0552,  0.0383,  0.0615, -0.0872,  0.0541,  0.0273,
        -0.2376,  0.0102, -0.0250,  0.0334,  0.0131, -0.1923, -0.0681,  0.0996,
        -0.1493, -0.0270, -0.0834,  0.0770,  0.0800,  0.0826, -0.0276,  0.0427,
        -0.1449,  0.1001,  0.0642, -0.0261, -0.1985, -0.0958, -0.1139,  0.0775,
         0.0652,  0.0400,  0.0279, -0.0857,  0.0202,  0.1033, -0.0441,  0.0105,
        -0.0203,  0.0168, -0.0679, -0.0892,  0.0716,  0.0586, -0.0663,  0.0798])), ('rnn.cells.0.W_Cz', tensor([ 0.0716,  0.1708,  0.1800,  0.0230,  0.0310,  0.1394, -0.0731, -0.3818,
        -0.3520, -0.0910, -0.2069,  0.1117,  0.0118, -0.1479,  0.2600, -0.0379,
        -0.1560, -0.1499, -0.1290,  0.0037, -0.0062,  0.0264, -0.0873,  0.0308,
         0.0091, -0.0846,  0.0565,  0.1105,  0.2697,  0.1943,  0.1539,  0.1042,
        -0.0397,  0.9795, -0.2655, -0.1917,  0.1885, -0.5861,  0.8491,  0.0662,
        -0.1918, -0.0894,  0.0372, -0.0734, -0.0052, -0.1302,  0.0084, -0.0024,
        -0.1816, -0.2429,  0.1565, -0.2797, -0.1177,  0.0547,  0.0610, -0.0558,
         0.0948, -0.0457,  0.3288, -0.0228, -0.2742,  0.3049, -0.0895, -0.1006,
         0.1440,  0.0310, -0.1537, -0.1878, -0.1589,  0.3445,  0.0746, -0.0024,
         0.0327,  0.1182,  0.1782,  0.2578,  0.1621,  0.1957, -0.0897, -0.0985,
        -0.1928, -0.0602, -0.0934, -0.0982,  0.1024, -0.1522,  0.0840, -0.3241,
        -0.0364, -0.0496, -0.4510, -0.1834, -0.1107,  0.0854,  0.0762, -0.1200,
        -0.0393, -0.0781,  0.0925, -0.1675,  0.0087, -0.0382, -0.0437,  0.0022,
         0.3024, -0.0257, -0.1229, -0.3756,  0.1014, -0.3344,  0.2001,  0.1479,
         0.0076,  0.1197,  0.4092, -0.1131, -0.0604, -0.0443, -0.0088,  0.0109,
         0.1204, -0.2320,  0.2776, -0.1171, -0.1003,  0.1069, -0.0153,  0.0230])), ('rnn.cells.0.W_Co', tensor([-0.0525,  0.4031,  0.0403,  0.0625,  0.3034,  0.1092, -0.0314, -0.0614,
        -0.0929, -0.2051, -0.2553,  0.1168, -0.1271, -0.3839,  0.0928,  0.4093,
        -0.0853, -0.2318,  0.1784,  0.9554, -0.3373,  0.1354, -0.0469, -0.4041,
        -0.2948,  0.2683,  0.2050,  0.0193,  0.3135, -0.5208, -0.1396,  0.2671,
        -0.6307,  0.6710,  0.0356, -0.2126, -0.0336, -0.0065, -0.3416,  0.1247,
        -0.2816,  0.1215,  0.1269,  0.1089, -0.1011, -0.0482,  0.0930,  0.3036,
         0.1734, -0.2962,  0.0373,  0.4726,  0.1267,  0.0756,  0.0183,  0.1201,
        -0.1250,  0.2855,  0.1133,  0.0479, -0.0841,  0.1583, -0.4757, -0.0061,
        -0.1640,  0.0963,  0.4298,  0.1693, -0.0063, -0.2096,  0.0049, -0.0617,
         0.2480,  0.2393,  0.0283, -0.4353, -0.0220,  0.2450,  0.2556,  0.0645,
         0.0495, -0.0296,  0.1320,  0.2380, -0.2687,  0.1749, -0.0335, -0.1172,
        -0.2949, -0.0733,  0.2718,  0.4229,  0.2925, -0.4110, -0.0834,  0.7308,
         0.0549, -0.3092, -0.1311,  0.2614,  0.0265,  0.0714, -0.1034,  0.1146,
        -0.0100,  0.5185,  0.0911,  0.0221,  0.4567,  0.4701,  0.1850,  0.5221,
        -0.0490,  0.0815,  0.1720, -0.2235,  0.0339,  0.4526, -0.0365, -0.2374,
        -0.0153, -0.1648, -0.0571,  0.0033,  0.1750, -0.0932, -0.1192, -0.0015])), ('rnn.cells.0.W_rh.weight', tensor([[-1.4374e-01, -4.0562e-01,  1.5450e-01,  ..., -9.1354e-04,
         -1.9527e-02,  1.9143e-02],
        [ 5.7854e-02, -8.1171e-02,  2.8056e-02,  ..., -3.8400e-02,
         -9.1024e-03,  1.1151e-01],
        [ 1.4592e-02, -2.4514e-02,  1.1816e-01,  ..., -1.1691e-01,
         -5.5423e-02,  3.3630e-01],
        ...,
        [ 1.1995e-01,  1.8346e-01, -4.3978e-02,  ...,  8.6033e-02,
          5.4745e-02,  2.7089e-01],
        [ 5.9779e-02, -2.6778e-01,  1.0461e-01,  ..., -5.8210e-02,
         -2.0239e-01, -1.8801e-01],
        [-5.9075e-02, -3.1922e-02,  1.3769e-01,  ...,  2.7816e-04,
          6.5356e-02,  6.8395e-02]])), ('rnn.cells.0.W_rx.weight', tensor([[-7.3211e-02, -8.3010e-02,  2.7372e-01, -5.0372e-03],
        [-6.8329e-02,  2.5288e-01,  1.4596e-01, -6.7748e-02],
        [ 1.8562e-01,  2.3617e-01, -1.0806e-01, -1.1222e-02],
        [ 1.1279e-01,  1.3072e-01,  6.5456e-02, -1.3408e-01],
        [ 2.3175e-01, -6.2582e-02, -1.0027e-01, -1.4330e+00],
        [ 2.9453e-01, -3.6719e-01, -2.2024e-02, -4.1401e+00],
        [ 5.3497e-02,  7.4404e-02, -6.2945e-02, -1.8253e-01],
        [-6.6581e-02,  1.9600e-01,  5.9525e-02, -8.8359e-01],
        [-2.3637e-02, -1.8669e-01,  1.2336e-01, -1.0377e-01],
        [ 2.5169e-01, -2.6979e-02,  1.5092e-01,  2.5817e-01],
        [-4.8817e-01,  4.4692e-02,  2.1997e-01,  1.6335e-01],
        [ 2.7933e-01, -1.4781e-01,  8.2636e-02,  5.5628e-01],
        [ 8.8467e-02,  5.2384e-02,  9.0979e-02, -1.9811e-01],
        [ 2.4910e-01, -4.9653e-01, -1.4265e-01, -6.7246e-01],
        [-8.7174e-02, -1.1266e-01,  2.5213e-01, -2.5562e-02],
        [ 1.5067e-01,  2.3892e-01, -2.1686e-01, -1.7779e-01],
        [-4.1119e-01, -6.5384e-02,  1.7936e-01, -1.0161e-01],
        [ 2.0103e-01, -1.5971e-01,  6.8107e-02,  5.6918e-01],
        [-6.4123e-01,  2.7637e-02,  1.6180e-01,  5.2965e-01],
        [ 6.2823e-02,  2.7364e-01,  3.2422e-02, -1.3859e-01],
        [ 7.3524e-02,  2.4067e-01, -7.8734e-03, -3.0701e-01],
        [ 4.2990e-01, -1.5577e-02, -2.3463e-01, -2.4319e+00],
        [-1.2222e-01,  1.0696e-01,  1.9278e-01,  8.4532e-02],
        [-1.3750e-01,  1.8786e-01,  1.8582e-01,  6.7217e-02],
        [ 2.1081e-02,  2.4413e-01,  1.0054e-01,  3.8711e-02],
        [ 2.6389e-01,  2.7488e-01, -1.7908e-01, -7.4193e-02],
        [ 2.3827e-01, -3.1811e-01,  7.1554e-02,  5.1169e-01],
        [-1.9003e-01,  2.7637e-01, -1.6288e-02,  6.1050e-01],
        [-7.0530e-02, -3.2527e-01,  2.3945e-01,  1.1473e-01],
        [ 1.1518e-01,  1.4684e-01,  1.0399e-02,  2.0975e-01],
        [ 2.4913e-01,  1.7728e-01, -3.9474e-01, -3.6547e-01],
        [ 2.5363e-01,  8.7763e-02, -3.8963e-02,  2.3311e-01],
        [ 8.2072e-02,  1.2980e-01,  7.0293e-02, -1.3930e-01],
        [ 1.9715e-02, -4.8946e-02, -3.7832e-02, -1.6527e-02],
        [ 6.1510e-02,  2.4178e-01, -6.6899e-03, -3.2862e-01],
        [ 2.0429e-01, -3.6422e-02, -1.2098e-01, -1.1168e-01],
        [-3.7778e-02, -1.0976e-01,  1.5644e-01,  4.1416e-02],
        [-1.5698e-01, -3.5925e-03, -8.4981e-02,  1.1099e+00],
        [ 5.7297e-02,  2.6785e-01, -4.4558e-02,  1.7048e-01],
        [ 1.7998e-01,  8.9330e-02, -1.1246e-01, -1.0338e-01],
        [-2.2331e-02,  4.3515e-02,  1.2258e-02, -4.4271e-02],
        [ 1.9425e-01, -6.1438e-02,  1.1727e-01, -1.2615e-01],
        [ 7.2588e-02, -6.3856e-02,  2.3713e-01,  2.2248e-01],
        [ 1.4948e-01,  7.8766e-02,  1.8506e-01,  6.1719e-01],
        [ 9.7645e-02,  2.7547e-01, -7.0703e-02,  3.8942e-02],
        [ 1.4800e-01, -2.3456e-01, -3.0734e-01, -3.8737e-02],
        [ 1.7934e-01, -2.6886e-01,  2.6527e-01,  1.3714e-02],
        [ 1.3685e-02, -6.1261e-02,  9.6501e-02,  2.3288e-01],
        [-1.9054e-01,  2.1339e-01,  3.8115e-02, -2.4593e-02],
        [ 1.7012e-01,  2.3314e-01, -2.1950e-01,  1.7476e-01],
        [-2.4166e-02, -7.3081e-02,  6.6614e-02,  1.4963e-01],
        [ 1.7747e-02,  1.3738e-01, -7.6742e-03, -4.6455e-02],
        [-8.6114e-02,  2.8482e-01, -5.5418e-02, -9.4466e-03],
        [ 2.7193e-01,  1.1192e-01,  5.5669e-02,  7.0231e-02],
        [ 1.5895e-01,  1.4604e-01, -2.4466e-01,  4.8592e-02],
        [-1.0200e-01,  2.2812e-01,  2.1208e-01,  4.1073e-03],
        [ 2.2979e-01, -8.6916e-03,  7.0008e-03, -2.4881e-01],
        [ 9.2975e-02,  9.5484e-02, -4.3070e-01,  3.2779e-01],
        [-2.5024e-01,  2.2936e-01,  2.5613e-02, -5.3927e-01],
        [ 2.9366e-01, -4.7943e-02, -2.1745e-01, -2.6952e-01],
        [-3.9771e-01, -1.0352e-01,  3.6723e-01, -2.5635e-01],
        [ 1.9271e-01,  3.3248e-02,  2.4295e-01,  7.2563e-02],
        [ 6.5852e-02,  2.0845e-01,  4.4593e-02, -2.4847e-01],
        [ 2.5488e-01,  2.2010e-01,  1.9151e-02, -1.6512e-01],
        [ 8.9788e-02,  2.4372e-01,  1.9760e-01,  2.6814e-01],
        [-1.4211e-02, -2.7692e-01,  3.0470e-01, -1.5002e-01],
        [ 1.2819e-01, -6.1398e-02,  4.1994e-02,  8.6842e-02],
        [-4.9392e-01, -1.1792e-01,  1.0696e-01, -4.7708e-01],
        [ 1.0653e-01, -8.2447e-02, -7.3803e-03,  1.0426e-01],
        [ 2.3965e-01,  1.6280e-02,  7.5437e-02, -9.9850e-02],
        [ 2.5008e-01,  2.3743e-01,  1.0830e-01,  3.3155e-01],
        [-4.4604e-01, -4.0385e-02, -5.7196e-02,  2.7188e-01],
        [ 1.4341e-01,  1.5489e-01, -1.8675e-02,  4.1431e-01],
        [ 1.5789e-01, -1.2758e-01, -5.8694e-02,  3.6262e-02],
        [-1.3411e-01,  1.7684e-01, -1.5766e-01,  5.6447e-01],
        [ 7.1922e-02,  2.3614e-01,  6.1498e-02,  9.8346e-02],
        [ 1.0339e-02,  2.6131e-01, -1.5866e-01,  4.6027e-01],
        [ 6.6984e-02, -5.1852e-02,  2.0087e-01, -3.0454e-01],
        [ 1.9116e-02, -2.7112e-02,  1.5476e-01, -3.7698e-02],
        [ 1.4485e-02,  2.7687e-01,  1.6060e-04,  2.3708e-01],
        [ 2.8956e-01, -1.0530e-01,  3.0533e-01,  1.2558e+00],
        [-3.6481e-01,  2.3124e-01, -3.0471e-01, -3.9087e-02],
        [-2.2759e-01,  1.9205e-01,  1.7024e-01,  1.3988e-01],
        [-1.1190e-01,  2.6462e-01,  6.9678e-02, -6.4620e-02],
        [ 5.6403e-02,  2.0576e-01,  2.3248e-01, -4.3906e-01],
        [ 1.0109e-01,  2.7469e-01, -4.2721e-01, -4.7941e-01],
        [ 3.3224e-01, -3.2880e-01,  1.7788e-01, -5.8183e-01],
        [-9.8984e-02, -6.2611e-02,  5.8502e-02, -1.5114e-01],
        [ 6.9811e-02, -1.5679e-01,  4.9637e-02, -4.4136e-01],
        [ 2.3376e-01,  1.3027e-01, -8.9535e-03,  2.4951e-01],
        [ 2.3199e-01,  1.7507e-03,  1.9727e-01,  9.3704e-02],
        [ 2.5040e-01, -5.1073e-02, -5.5296e-02, -2.9546e-01],
        [ 3.2648e-01, -1.9573e-02,  6.0890e-02, -2.6514e-01],
        [-6.3869e-02,  1.6570e-01, -7.7241e-02, -1.6493e-01],
        [ 1.7634e-01,  1.0294e-01, -7.5921e-03, -2.2520e-01],
        [ 4.9356e-02, -1.7531e-02,  2.5934e-01,  2.3277e-01],
        [ 7.8748e-02,  2.8725e-01,  6.1465e-02,  1.9461e-01],
        [-1.1452e-01,  4.7690e-02,  1.4770e-01,  9.3611e-02],
        [ 2.7846e-01,  8.7148e-02, -1.9028e-01,  2.4125e-01],
        [-2.7258e-02, -2.9278e-01,  5.8956e-02, -4.1245e-01],
        [-4.9524e-02,  3.2664e-02,  2.1658e-01,  1.3920e-01],
        [-3.3295e-01, -1.0821e-01, -7.2815e-02,  5.6327e-01],
        [-1.2957e-01,  1.0134e-01, -6.8329e-03, -5.3967e-02],
        [ 3.1184e-01, -2.8056e-01, -8.7664e-03,  1.3986e-01],
        [-4.8478e-02,  9.2564e-02, -2.4646e-02,  4.2184e-01],
        [ 2.2898e-01,  6.1203e-02,  1.3413e-01, -1.7959e-01],
        [ 3.0245e-01, -1.2218e-01, -1.0145e-02, -8.2309e-02],
        [ 1.4981e-01,  2.1194e-01,  7.4794e-02,  2.5144e-01],
        [-1.4736e-01,  2.4638e-01, -1.3962e-02, -3.8640e-01],
        [ 4.0052e-02,  1.7563e-01,  1.2470e-01, -1.1121e-01],
        [ 8.0907e-02,  4.4105e-02,  1.9741e-01, -2.5753e-01],
        [ 2.8398e-01,  1.0322e-02, -1.3301e-01, -3.3274e-01],
        [-1.0962e-01,  2.7479e-01, -1.1321e-01,  2.2766e-01],
        [-1.8563e-02,  4.6033e-02, -3.0509e-02, -1.8192e-01],
        [-1.1095e-01, -1.3097e-01,  4.0821e-01,  1.6404e-01],
        [-2.6621e-01, -1.0359e-01,  1.6248e-02, -1.5363e-01],
        [-1.9680e-01, -3.3256e-01,  2.6915e-01, -2.0402e-02],
        [ 8.9412e-02,  1.6121e-01,  1.8934e-01,  5.4912e-01],
        [ 1.4801e-01,  7.7540e-02, -1.1969e-01, -2.7058e-01],
        [ 1.3479e-01,  1.7796e-01,  1.0904e-01,  2.3988e-01],
        [ 4.5826e-02,  1.4037e-02,  2.0205e-01, -3.1834e-04],
        [ 5.0342e-02, -9.8097e-02,  1.2431e-01, -1.3385e-01],
        [ 1.3923e-01, -3.0735e-01,  1.7569e-01,  2.7660e-01],
        [-1.7384e-02,  1.0956e-01,  5.7257e-02,  4.8094e-01],
        [ 2.8341e-01, -3.1568e-01, -4.5030e-02, -8.6397e-01],
        [ 1.5007e-01,  3.1671e-02, -1.7962e-01,  1.7832e-01],
        [-6.7218e-02,  1.1202e-01, -1.3991e-02,  1.5347e-02],
        [ 2.2963e-01,  2.1783e-01, -2.3069e-01,  5.1225e-01]])), ('rnn.cells.0.W_rx.bias', tensor([-0.0720, -0.1560, -0.1297, -0.1604, -0.0610,  0.0348, -0.0813, -0.1073,
         0.0154, -0.1701,  0.0369, -0.0503, -0.0715,  0.1113, -0.0180, -0.1247,
         0.1405, -0.0651,  0.1681, -0.1682, -0.1160, -0.0450, -0.0568, -0.0921,
        -0.2122, -0.1417, -0.0589, -0.0243,  0.0747, -0.1600, -0.0250, -0.1123,
        -0.1321, -0.0900, -0.2105, -0.0217, -0.0403,  0.0374, -0.1666, -0.1247,
        -0.0836, -0.1142, -0.0939, -0.1674, -0.1003,  0.2078,  0.0213, -0.0805,
        -0.1182, -0.1076, -0.0106, -0.0906, -0.0997, -0.1433, -0.0594, -0.1695,
        -0.0261,  0.0609, -0.0945, -0.0581, -0.0163, -0.1793, -0.1166, -0.1711,
        -0.2045,  0.0044, -0.1182,  0.1795, -0.0457, -0.1474, -0.2467,  0.2308,
        -0.1692, -0.0798,  0.0352, -0.1244, -0.0872, -0.1544, -0.1306, -0.1405,
        -0.1218,  0.1094, -0.0487, -0.1638, -0.1895, -0.0520, -0.0319,  0.0138,
         0.0084, -0.1411, -0.1300, -0.0922, -0.1195, -0.0694, -0.1557, -0.1463,
        -0.1822, -0.0640, -0.0571,  0.1166, -0.0873,  0.2242, -0.0759,  0.0802,
        -0.0636, -0.1863, -0.0762, -0.1738, -0.0566, -0.1279, -0.1642, -0.0617,
        -0.0892, -0.0669, -0.0525,  0.1283,  0.1312, -0.1499, -0.1017, -0.1407,
        -0.1170, -0.1165,  0.0170, -0.1307,  0.0068, -0.0274, -0.1014, -0.1281])), ('rnn.cells.0.ln_r.weight', tensor([1.1949, 0.8936, 1.1383, 1.5096, 2.1233, 1.8963, 0.9635, 1.3841, 1.1050,
        0.8666, 2.5270, 0.8456, 0.9980, 1.9553, 1.0330, 1.8780, 4.3123, 1.8951,
        3.4394, 0.8077, 1.4913, 2.5522, 1.7695, 1.5250, 1.3558, 1.3499, 1.5024,
        1.7467, 2.1438, 1.1921, 2.2142, 0.4531, 0.8662, 1.3660, 1.8445, 1.2896,
        2.3690, 1.7059, 0.8121, 1.4511, 1.4682, 1.1573, 0.8232, 0.7534, 1.4384,
        2.8700, 1.4582, 0.8378, 1.4512, 0.9452, 1.3982, 1.1946, 1.1516, 1.2024,
        1.1630, 1.6872, 1.2325, 2.1019, 1.2774, 1.1258, 3.3402, 1.0589, 1.4234,
        1.3729, 1.5093, 1.7656, 1.8344, 3.3247, 1.2413, 0.8230, 2.6492, 3.9259,
        0.9262, 1.8170, 1.4918, 1.0119, 1.3969, 1.1285, 1.5896, 1.3845, 2.1580,
        3.7757, 1.3470, 1.0623, 1.7495, 2.3450, 2.7187, 1.2740, 1.5398, 1.3867,
        1.2337, 1.4815, 0.8052, 1.4977, 1.1826, 1.0465, 1.6001, 1.0876, 2.1499,
        1.7954, 1.3122, 2.7347, 1.1025, 1.9575, 0.3530, 0.4340, 1.5981, 1.1933,
        1.4016, 1.3497, 0.9261, 1.5131, 1.7555, 1.4732, 2.4258, 1.6887, 3.6177,
        1.2300, 1.4815, 1.8692, 0.7198, 1.1911, 2.3870, 0.3106, 2.0984, 0.8169,
        0.9772, 2.3950])), ('rnn.cells.0.ln_r.bias', tensor([-1.2614e-02,  4.8315e-01,  1.8564e-01,  2.3933e-01, -7.6156e-02,
         4.2327e-02,  9.2680e-02,  1.9673e-01, -3.1852e-02,  2.6491e-01,
         1.1885e-02,  1.4427e-01,  5.3247e-01,  2.3073e-02,  1.4840e-01,
         2.5384e-03, -6.7011e-02,  1.6243e-01, -3.5245e-02,  1.4298e-01,
         1.8915e-01, -2.6930e-02, -9.6892e-02,  3.4938e-01, -9.7207e-02,
         2.8309e-01,  2.9162e-02,  7.9217e-02,  6.1929e-02,  4.6950e-01,
         9.5980e-02,  9.2944e-02,  2.4322e-01, -7.2626e-03, -1.6957e-01,
         4.6296e-01,  1.1575e+00, -2.7850e-01,  1.5186e-01,  1.4272e+00,
         7.7609e-01,  2.4821e-01,  1.8209e-01, -8.0306e-03,  2.0035e-01,
         4.7582e-02,  1.2696e-01,  2.9570e-01,  3.5492e-02, -5.8770e-02,
         2.4822e-01,  5.7235e-01,  5.0706e-01,  1.5660e-01, -4.4877e-03,
         8.8682e-02,  5.1315e-01,  1.2408e-01,  3.5647e-02,  8.5138e-02,
        -4.6171e-02,  2.7697e-01,  3.3294e-01,  2.5549e-01,  5.8471e-02,
         8.4104e-02,  1.7356e-01, -9.1669e-02,  2.4720e-01,  1.4894e-01,
         6.5136e-02,  6.5618e-02,  2.1007e-01, -1.2875e-01, -1.4741e-01,
         2.1908e-01,  2.4118e-01, -8.4384e-02,  6.1226e-02,  1.4586e-01,
        -2.2882e-03,  5.8929e-02,  3.3896e-01,  8.2557e-02,  3.1368e-01,
         2.2962e-03, -3.6882e-03,  7.1802e-02,  5.3939e-01,  2.0220e-01,
         3.6415e-01,  7.4522e-01,  2.5290e-01,  1.3887e+00,  2.6878e-01,
        -1.7242e-01, -6.0761e-03, -3.1729e-02,  7.2530e-01,  1.8847e-01,
         5.1818e-01, -6.2933e-02, -1.2020e-01,  5.6838e-02,  2.1015e-01,
         1.8356e-01, -6.8405e-02,  2.9348e-01,  3.1982e-01,  4.2074e-01,
         5.2756e-02,  6.3737e-01, -5.9919e-02,  2.8897e-02,  4.5934e-02,
         1.2015e-01,  3.8046e-02,  9.2716e-02,  3.9865e-01, -3.5700e-02,
         3.7621e-01,  2.1397e-01, -1.3336e-03,  3.0742e-01, -1.2789e-01,
         7.9509e-02,  2.8789e-01, -1.9568e-01])), ('rnn.cells.0.W_c.weight', tensor([[-0.6104,  0.1498, -0.2206,  ..., -0.0080,  0.2175,  2.1059],
        [ 0.0672, -0.5649,  0.1222,  ...,  0.1434,  0.2121, -0.6929],
        [-0.0234,  0.1971,  0.0416,  ..., -0.0268,  0.1958,  0.2659],
        ...,
        [ 0.0927, -0.0834, -0.1815,  ..., -0.0792, -0.0397,  0.3057],
        [ 0.2966,  0.1058,  0.0639,  ...,  0.0095, -0.0538, -0.0337],
        [-0.1333, -0.0847,  0.0698,  ..., -0.0589,  0.1145, -0.8539]])), ('rnn.cells.0.W_c.bias', tensor([-0.0928, -0.0772,  0.0035,  0.1266,  0.0039,  0.1156,  0.0285, -0.0067,
        -0.0680, -0.0950,  0.0399, -0.0907, -0.0090,  0.0568, -0.1160, -0.0425,
         0.0733,  0.0502,  0.0387,  0.1178,  0.0369, -0.0380, -0.0179,  0.1175,
         0.0018,  0.0449,  0.0487,  0.0901,  0.0340, -0.0926,  0.0391, -0.0505,
         0.0141,  0.0265, -0.0558,  0.0142,  0.0544, -0.0508, -0.0512,  0.1366,
        -0.0633,  0.0475,  0.0409,  0.0867, -0.0241, -0.1871,  0.0205,  0.1245,
        -0.0903,  0.0382, -0.0615,  0.0562,  0.0843, -0.0356, -0.0764, -0.0081,
         0.0286,  0.1162,  0.0135, -0.1519, -0.0926, -0.0210, -0.0537, -0.0024,
        -0.0371, -0.0047, -0.0364,  0.1675,  0.0950,  0.0528, -0.1262, -0.1986,
        -0.0180,  0.1201,  0.0792,  0.0863,  0.0819,  0.0045,  0.0460,  0.0988,
        -0.0827, -0.1806, -0.0095,  0.0682,  0.0401, -0.0088,  0.0443,  0.0704,
        -0.0605, -0.0185,  0.0802,  0.1875, -0.0071,  0.0157, -0.0261,  0.0041,
         0.0536, -0.0808, -0.1323,  0.1536,  0.0283,  0.0399,  0.0271,  0.0291,
         0.0402, -0.0233,  0.0075, -0.0744,  0.0404,  0.1039,  0.0390,  0.0442,
        -0.0407,  0.0246, -0.0218, -0.0671, -0.1214,  0.0433,  0.0954, -0.0434,
        -0.0222,  0.0835, -0.0724, -0.0493,  0.0700, -0.0180,  0.0845, -0.0095])), ('rnn.cells.0.W_zh.weight', tensor([[-0.0631,  0.1622, -0.1257,  ..., -0.0018,  0.0163,  0.0014],
        [-0.3930,  0.0969,  0.0320,  ..., -0.0418,  0.3161, -0.1803],
        [-0.1965, -0.0762,  0.0479,  ..., -0.0881,  0.1015,  0.1590],
        ...,
        [-0.1627,  0.2482, -0.0100,  ..., -0.1265, -0.5302, -0.2075],
        [-0.0227, -0.0685,  0.0017,  ..., -0.0518,  0.2020, -0.2218],
        [-0.0124,  0.2490,  0.3720,  ...,  0.0554, -0.2795,  0.0985]])), ('rnn.cells.0.W_zx.weight', tensor([[-1.0200e-01, -4.9882e-02, -1.5930e-01, -5.4361e-01],
        [ 4.9232e-02,  1.7959e-02, -1.8148e-01, -5.7988e-01],
        [-1.0578e-01,  9.1973e-02,  2.2902e-01, -1.0204e+00],
        [-2.6217e-02,  6.0631e-02, -7.8838e-02, -5.0557e-01],
        [-2.1950e-01, -6.3831e-02, -3.1816e-02, -1.5453e-01],
        [-2.7259e-02,  1.9048e-02,  8.7913e-02,  1.6264e+00],
        [-1.7162e-01, -1.7832e-01,  5.7535e-03, -1.2287e-01],
        [-4.4542e-02, -6.8471e-02, -1.7241e-01, -8.9747e-01],
        [-7.8339e-02, -5.8477e-02, -1.4043e-02, -9.7708e-01],
        [-1.1881e-01,  1.4118e-01, -1.9694e-01, -2.3926e-01],
        [ 1.0693e-01,  1.9833e-02, -5.0048e-02,  1.1442e-01],
        [ 6.6334e-02, -1.6244e-01, -2.2198e-02, -2.8424e-01],
        [ 7.1789e-02, -1.5712e-01,  1.4109e-02,  2.4536e-01],
        [-4.6127e-02,  1.3001e-01, -2.6818e-02,  4.2814e-01],
        [ 1.2697e-01, -8.2113e-02,  8.6471e-02, -7.1910e-01],
        [-2.4266e-02, -5.0305e-02, -2.1118e-01,  1.4798e-01],
        [-3.4073e-02,  2.1578e-01,  3.2195e-01, -5.0180e-02],
        [-1.1094e-01,  1.4183e-01, -1.8359e-01, -4.7867e-01],
        [-5.4693e-02,  6.2233e-02,  1.7759e-01,  4.4709e-01],
        [-1.6286e-01,  1.6624e-01,  3.2186e-02, -8.1378e-01],
        [-3.1347e-02,  2.3727e-02, -1.9065e-01,  2.5646e-01],
        [ 8.7611e-02,  3.4168e-02, -1.2505e-01,  8.1400e-01],
        [-1.7392e-01,  4.6212e-02,  1.3954e-02,  2.8917e-01],
        [ 7.5424e-02, -6.6405e-02, -1.2529e-01, -3.3588e-01],
        [-1.7548e-02,  1.9532e-01,  1.2599e-01, -1.9109e-01],
        [-1.3331e-04, -6.3107e-02,  4.3280e-02, -3.4747e-01],
        [-2.0872e-01, -1.6640e-01, -4.3136e-03,  1.1918e-01],
        [-1.4549e-01,  5.5262e-02, -6.6279e-02,  4.9914e-01],
        [ 2.3399e-02, -1.1282e-02,  1.4542e-01, -1.1749e+00],
        [ 9.5099e-03, -2.6167e-03, -2.4256e-02,  6.3821e-02],
        [-7.7827e-03,  5.1934e-02, -1.5730e-01,  1.0953e+00],
        [ 2.2726e-02, -1.1659e-01, -2.4667e-02,  1.8894e-01],
        [-8.0613e-02, -9.4106e-02, -3.5323e-02,  9.3231e-02],
        [ 1.7006e-01, -2.1860e-01, -3.0350e-02, -3.8491e-01],
        [ 1.2037e-01, -7.2141e-02, -3.3533e-02,  9.8470e-01],
        [-3.8907e-02,  7.0450e-02, -7.4655e-02, -1.4238e-01],
        [-2.3965e-01, -1.0064e-01,  1.4791e-01, -3.9118e-01],
        [ 7.9004e-02,  1.2523e-01,  1.7573e-01,  8.0325e-01],
        [ 9.0382e-02, -6.8561e-02, -9.5582e-02, -5.4965e-02],
        [-2.4103e-01, -5.3033e-02,  1.6242e-01, -2.0482e-01],
        [ 2.0114e-03, -9.4966e-02, -5.9473e-02, -3.8008e-01],
        [ 2.5712e-02, -1.1139e-01,  8.0014e-02, -5.9651e-02],
        [ 1.3015e-01,  1.3745e-01, -1.9025e-02, -1.9302e-01],
        [-1.1049e-01, -1.0810e-01,  1.2098e-01,  2.5649e-01],
        [-1.4254e-01,  1.2977e-01,  1.2418e-01,  3.4119e-01],
        [-7.0883e-02,  3.4413e-02,  2.5083e-01,  6.7013e-01],
        [ 2.5514e-02,  1.6671e-01,  2.9476e-02,  1.0607e-01],
        [-1.8705e-01,  1.4948e-01, -9.0533e-02, -3.0398e-01],
        [-8.2544e-02, -1.1637e-01, -1.3462e-01,  2.3728e-01],
        [-1.3268e-01,  9.9063e-02,  4.3966e-02,  7.8510e-01],
        [ 1.8197e-03,  4.6170e-02, -2.1878e-01, -3.6451e-01],
        [-1.3314e-01,  2.9932e-02,  1.2872e-02, -5.2805e-01],
        [-1.2638e-01, -2.9673e-03, -8.4410e-02, -1.6578e-01],
        [ 1.8025e-01,  1.8884e-01,  1.4969e-01,  1.6719e-01],
        [-1.3421e-01,  1.9657e-01, -9.5876e-02,  3.2161e-01],
        [-2.4167e-01, -7.0997e-02,  1.1864e-01,  1.8445e-01],
        [ 2.3587e-01,  8.1047e-02,  1.2984e-01,  4.0394e-01],
        [-8.5499e-02,  2.2825e-01, -2.7330e-01,  5.3305e-02],
        [ 1.5975e-02,  8.5096e-02, -6.2251e-03, -2.6523e-01],
        [-1.1348e-01, -7.0268e-02, -8.7051e-02,  8.6622e-01],
        [-1.9402e-01,  1.7234e-02,  2.5815e-01,  3.1460e-01],
        [-4.1252e-02,  1.7670e-02, -1.2215e-01, -5.8363e-01],
        [ 4.0604e-02,  7.5272e-02, -1.9367e-01, -4.1890e-01],
        [-5.6674e-03, -4.4275e-02, -5.8314e-02, -3.6509e-01],
        [ 1.7917e-01,  8.7953e-02, -4.3400e-02,  2.4722e-01],
        [-6.3165e-03, -8.9070e-02, -5.5292e-03, -3.8437e-01],
        [-2.5099e-02, -6.0904e-02, -8.7591e-03,  1.7987e-01],
        [-2.0934e-01,  8.8196e-02,  4.3283e-03, -2.3063e-01],
        [-1.4098e-01,  1.9072e-01, -7.7009e-02,  5.1959e-01],
        [ 1.2379e-01, -8.8925e-03,  2.0832e-01,  3.4837e-02],
        [ 9.3505e-02,  2.2602e-01, -1.4343e-01,  5.8079e-01],
        [ 2.2809e-02, -3.7243e-02,  8.0520e-02,  5.8987e-01],
        [-4.4222e-02,  4.7507e-02, -9.3010e-02, -1.3219e+00],
        [ 2.2277e-02, -1.9573e-02, -9.1398e-02,  3.5198e-01],
        [ 2.9904e-02,  1.8233e-01,  7.9249e-02, -3.8949e-01],
        [ 1.1223e-01,  4.4944e-02,  5.3035e-02, -2.1228e-01],
        [ 3.6410e-02,  4.2950e-02, -3.9534e-02, -2.7571e-01],
        [-4.3665e-02,  1.5269e-01,  1.6759e-01,  6.5974e-01],
        [-1.3967e-01,  8.2941e-02, -1.4009e-01, -1.3511e-01],
        [ 1.3343e-01, -1.2509e-01, -2.0241e-01,  7.5139e-02],
        [ 4.7281e-02, -1.5267e-01,  5.7009e-02, -6.8231e-01],
        [ 8.7460e-02,  7.9982e-02,  2.6581e-01,  9.5972e-01],
        [-2.4474e-02, -9.9251e-02,  7.7750e-02, -7.4951e-01],
        [-2.3595e-01,  6.5351e-02,  2.2502e-02, -7.6187e-02],
        [-2.6704e-01,  5.3760e-02,  3.5054e-02, -1.6480e-01],
        [ 2.0483e-01,  1.2462e-01, -9.6485e-02,  6.0862e-01],
        [-1.2855e-01,  9.4123e-02,  1.1333e-01, -2.8346e-01],
        [-2.9635e-02,  7.0389e-02,  1.1267e-02,  2.1762e-01],
        [-7.3888e-02,  4.1022e-02,  2.3090e-01, -2.3066e-01],
        [-2.2492e-01,  1.0399e-01, -1.1644e-01,  6.1669e-01],
        [-1.6941e-01, -5.3853e-02, -3.5923e-02,  4.9470e-01],
        [-1.0714e-01,  1.2711e-01,  5.0123e-02, -3.5569e-01],
        [-5.3205e-02, -1.1359e-01,  8.2457e-02,  3.8023e-01],
        [-1.8495e-01,  1.7374e-01, -8.0880e-02, -7.1788e-01],
        [-1.0526e-02, -1.0213e-01, -1.6731e-01, -9.7012e-01],
        [-1.5886e-01,  1.7283e-01, -1.5783e-01,  1.5942e-01],
        [ 1.7218e-02, -1.7681e-01,  2.6703e-01,  1.3049e+00],
        [-1.4124e-02,  1.8045e-01, -2.3549e-01, -2.6889e-01],
        [-8.9900e-02, -6.5627e-02, -8.1962e-02, -2.8055e-01],
        [ 2.8794e-02,  1.4859e-01, -2.6571e-01, -7.7973e-01],
        [ 1.6035e-01, -8.5476e-02, -3.2034e-02,  6.2669e-01],
        [-1.0398e-01, -6.2352e-02, -5.8570e-03,  9.8522e-02],
        [-3.3405e-02, -6.6003e-02, -2.6116e-02, -1.7971e-01],
        [ 4.6341e-03,  9.5952e-02,  2.2319e-02, -2.5169e-01],
        [ 8.7578e-03,  3.3178e-03, -8.5162e-02,  4.7034e-01],
        [ 3.7003e-02, -6.5155e-02, -1.1785e-01, -9.9014e-02],
        [ 1.5264e-01,  4.4857e-02,  1.6067e-01, -6.7703e-02],
        [ 2.6713e-01, -2.7380e-02, -6.7874e-03,  1.1856e+00],
        [ 4.4088e-02, -1.7701e-01,  8.9625e-02, -6.0066e-02],
        [-7.2823e-02, -5.5891e-02,  8.2712e-02, -5.5002e-01],
        [-3.4249e-02,  2.1593e-01,  2.4237e-01,  3.6999e-01],
        [-1.6002e-01, -1.1623e-02, -5.4667e-02, -4.9785e-01],
        [ 4.6267e-02, -1.2755e-01,  1.4817e-01,  5.1868e-01],
        [ 1.4073e-02,  1.7055e-01,  1.8245e-01,  4.2151e-01],
        [ 1.7556e-01,  1.7844e-01,  2.6656e-02,  3.1722e-01],
        [ 2.0177e-01,  2.3441e-02,  9.1779e-02,  1.1070e+00],
        [-1.0735e-01,  1.8191e-01, -3.1192e-02,  1.0164e+00],
        [-1.3618e-01,  1.2024e-01, -1.9109e-01, -1.5367e-01],
        [-2.9492e-02,  5.2998e-02, -6.6680e-02, -2.4628e-01],
        [-1.2273e-01,  5.0098e-02, -1.5461e-02,  6.9536e-01],
        [-1.7219e-01,  3.4339e-02, -1.1840e-01, -5.5623e-02],
        [-5.5012e-02, -1.7772e-01, -5.9798e-02,  4.9659e-01],
        [ 1.6600e-01, -4.8726e-02, -5.7974e-02, -1.0193e+00],
        [-8.0783e-02,  1.5466e-01,  2.8198e-01,  3.8201e-01],
        [-1.0045e-01,  6.0908e-03, -1.6514e-02, -6.8673e-01],
        [ 1.3783e-02, -1.0449e-01, -2.0613e-01,  2.9218e-01],
        [-1.2697e-01,  2.5993e-01,  1.8147e-01,  4.9948e-02],
        [-6.4442e-02, -3.9358e-02, -6.6149e-02, -5.5411e-01]])), ('rnn.cells.0.W_zx.bias', tensor([-0.0385, -0.0734,  0.0852, -0.0984, -0.0346, -0.0414, -0.0487, -0.0278,
         0.0383, -0.0511,  0.0421, -0.0951, -0.1010,  0.0990,  0.0472, -0.0715,
         0.0583,  0.0153, -0.1406, -0.0973, -0.0506, -0.0260, -0.0688, -0.0834,
        -0.0050, -0.1390,  0.0464, -0.0132,  0.1638, -0.1429, -0.0095, -0.0987,
        -0.0689,  0.0111,  0.0746, -0.1240, -0.0495, -0.0645, -0.0355, -0.0525,
        -0.0046, -0.1821, -0.0724, -0.1216, -0.0396,  0.0252,  0.0322, -0.0762,
        -0.0293, -0.0521,  0.0262, -0.0834, -0.0608, -0.0253,  0.0432, -0.0457,
         0.1045, -0.1326,  0.0433, -0.0186,  0.0851, -0.0888, -0.0841, -0.1318,
         0.0641, -0.0095, -0.1827, -0.0629,  0.1057,  0.0992,  0.0179, -0.1560,
        -0.1276, -0.1640, -0.0319, -0.0807,  0.0349,  0.1665, -0.0648, -0.0501,
        -0.0848,  0.0989, -0.1367, -0.0470, -0.0955,  0.0259,  0.0658,  0.0212,
         0.1729, -0.0622, -0.0158, -0.1405, -0.0522, -0.0546,  0.0209, -0.0622,
         0.0999, -0.1421, -0.0244, -0.1040, -0.0590, -0.0288, -0.1285, -0.1223,
        -0.0521, -0.1085,  0.0748,  0.1650, -0.0597, -0.0429,  0.0882, -0.0276,
         0.0941,  0.0533,  0.0185,  0.0458,  0.0958, -0.0355, -0.1168, -0.1339,
        -0.0369, -0.0200,  0.0932,  0.1540, -0.1038, -0.0008,  0.0201,  0.0003])), ('rnn.cells.0.ln_z.weight', tensor([3.0659, 2.8724, 1.2454, 3.0684, 2.5440, 0.9817, 1.6550, 2.4086, 1.3635,
        2.6852, 1.6190, 2.5172, 2.7084, 1.0315, 1.9796, 3.1239, 1.2466, 2.6702,
        2.6165, 2.9539, 2.5233, 1.2405, 1.0970, 2.7790, 1.2688, 2.6305, 2.2525,
        1.4460, 1.3700, 2.9555, 0.7250, 1.5070, 2.8362, 4.2139, 1.2176, 3.6825,
        3.4270, 1.3304, 3.8556, 3.8612, 3.4606, 2.5806, 2.6556, 2.4101, 1.4102,
        1.0719, 0.8838, 3.0580, 1.5475, 2.7424, 1.3840, 3.2063, 2.1743, 1.5087,
        1.3912, 1.5436, 1.1682, 2.9258, 1.5457, 1.1789, 0.7753, 1.9144, 2.9841,
        2.6671, 1.3567, 1.4172, 3.2389, 2.0709, 0.8605, 1.2959, 1.5424, 1.7990,
        2.6502, 1.8520, 0.9415, 2.7794, 1.4141, 1.5201, 2.7234, 2.6554, 2.3060,
        1.0380, 2.7897, 2.7246, 2.8937, 1.3060, 1.1518, 1.4373, 1.3496, 1.2869,
        1.6079, 3.6749, 2.3776, 3.2322, 1.3936, 2.8040, 1.7798, 2.0055, 1.3355,
        3.4962, 3.3948, 1.1011, 2.3321, 2.2743, 3.2090, 2.5455, 1.4685, 1.3400,
        2.7174, 3.6094, 1.3684, 3.0450, 1.7704, 1.0359, 1.2241, 0.8481, 1.0435,
        2.3337, 2.6146, 2.5846, 2.6168, 2.1775, 2.4501, 0.9629, 2.6619, 1.9629,
        1.4748, 1.5561])), ('rnn.cells.0.ln_z.bias', tensor([-1.4009, -1.6486,  0.0854, -1.8580, -1.1407, -0.4563, -0.5480, -1.7196,
        -0.8285, -1.2570, -0.3224, -1.5253, -1.6243, -0.4720, -0.8745, -2.3844,
         0.2265, -1.0881, -1.1578, -1.6401, -1.5022,  0.0893, -0.9855, -2.3177,
        -0.0256, -1.6267, -0.7716, -0.6941,  0.3113, -2.0244, -0.1033, -0.7758,
        -1.8324, -1.0722, -0.3098, -2.0544, -2.0496,  0.1431, -1.0601, -2.6076,
        -1.0985, -1.7775, -1.2617, -1.7646, -0.0967,  0.1014,  0.0147, -2.1019,
        -0.7876, -1.0817, -0.1679, -1.7655, -1.2985,  0.2956, -0.1919, -0.5532,
         0.2986, -2.0053, -0.0569, -0.6646, -0.2616, -0.4420, -1.7396, -1.8811,
         0.2202, -0.3585, -1.9413, -0.9533, -0.2090,  0.3551,  0.1836, -0.8212,
        -0.3646, -1.0795, -0.1887, -1.0147, -0.1212,  0.2438, -1.8116, -1.3579,
        -0.9364, -0.0032, -1.2307, -1.3663, -2.2422, -0.1929, -0.1926,  0.0480,
         0.1711, -0.4927, -0.6345, -2.5542, -1.1531, -2.6557, -0.5212, -1.7449,
         0.2041, -0.8283, -0.5369, -2.4318, -1.2592, -1.0798, -1.3237, -0.7157,
        -1.2423, -1.6585,  0.3559,  0.1267, -1.3853, -1.6886,  0.3279, -2.2468,
         0.0644,  0.1247,  0.1044,  0.0556, -0.3365, -1.4249, -1.6671, -0.9951,
        -1.7970, -0.9129, -0.2993,  0.0474, -1.2952, -1.2845,  0.2901, -0.8900])), ('rnn.cells.0.W_oh.weight', tensor([[-0.3718,  0.0450, -0.0923,  ..., -0.2076, -0.0702,  0.1560],
        [ 0.2815,  0.0747, -0.1977,  ..., -0.1788, -0.6218,  0.1127],
        [-0.0503,  0.0550,  0.0587,  ...,  0.0802,  0.2631, -0.0451],
        ...,
        [ 0.2478, -0.0694, -0.0189,  ...,  0.1852,  0.5632,  0.0278],
        [ 0.0119, -0.0251,  0.3503,  ..., -0.1739, -0.4690,  0.1905],
        [ 0.1867, -0.0968,  0.3757,  ...,  0.0140,  0.2793, -0.3048]])), ('rnn.cells.0.W_ox.weight', tensor([[ 8.5246e-02,  2.0822e-01,  6.4488e-02,  1.2059e-01],
        [-1.4151e-01, -4.1667e-02, -3.7348e-02,  5.7778e-03],
        [ 1.6745e-01, -2.1525e-02,  4.4910e-02, -1.0159e-01],
        [ 1.2047e-01, -9.5393e-02,  7.0668e-02,  2.2264e-01],
        [-2.8695e-01,  2.4805e-01,  1.0084e-01, -6.1858e+00],
        [ 1.2278e-01, -1.7783e-01, -2.0143e-01, -5.5344e-01],
        [-1.9329e-01,  8.7294e-03,  1.6413e-01, -1.6766e-01],
        [-5.7831e-02,  6.8903e-02,  1.7212e-01, -3.2349e-01],
        [-9.3175e-02, -9.1409e-02, -6.3663e-02, -3.3769e-01],
        [ 5.8304e-02, -1.4840e-01,  2.0393e-01, -4.0810e-02],
        [-1.6393e-01,  1.9078e-01,  5.5343e-02, -2.9251e-01],
        [-8.1566e-02,  1.7498e-01,  6.4603e-02,  6.2178e-02],
        [-2.2569e-01,  1.2319e-01,  8.2565e-02,  1.2810e-01],
        [ 1.8457e-01, -1.1748e-01,  3.3641e-02, -3.5622e-01],
        [ 4.9771e-02,  1.1246e-01,  4.0097e-02, -1.0278e-01],
        [-3.7029e-01,  3.6791e-01, -1.0202e-01,  2.5002e-01],
        [ 1.1903e-02, -1.5060e-01,  2.7462e-01,  4.5514e-01],
        [-3.3887e-02, -1.1221e-01,  8.0943e-02,  2.7391e-02],
        [-2.6021e-01,  1.0616e-01,  2.0908e-01,  9.3257e-02],
        [ 1.5512e-01, -1.0359e-01, -2.7542e-02,  1.3686e-01],
        [-9.1233e-02,  1.0237e-01, -3.4471e-02, -2.2773e-01],
        [ 3.2040e-01, -1.6594e-01,  2.5420e-02, -8.6938e-01],
        [ 1.2001e-01,  1.6422e-01, -1.6973e-01,  5.1739e-01],
        [ 2.6272e-01, -1.8166e-03, -4.0479e-02, -1.1794e-01],
        [-1.0717e-02,  6.2953e-02,  1.2684e-01, -2.0463e-01],
        [ 3.7156e-02,  1.1933e-01,  1.7065e-02, -9.6511e-02],
        [ 8.4546e-02, -3.5868e-01, -1.9092e-01, -1.7794e-02],
        [ 9.9192e-02, -1.3392e-01, -1.4477e-01, -7.4745e-01],
        [ 3.1802e-02, -4.7507e-02,  1.7091e-01, -4.7187e-01],
        [ 1.0164e-01, -7.6618e-02,  1.5711e-01,  3.5636e-01],
        [ 8.0998e-02,  2.0992e-01, -5.2418e-02, -1.9125e+00],
        [ 1.2507e-01,  1.3514e-01, -9.3745e-02,  8.2881e-02],
        [-2.5071e-01,  2.6108e-01, -3.4359e-02,  5.2579e-01],
        [ 2.5590e-03,  3.9427e-02, -1.3541e-01,  4.3577e-01],
        [ 1.4304e-01, -1.5819e-01, -3.4945e-02, -7.3000e-01],
        [ 2.3775e-02,  2.2138e-01, -4.0662e-02,  4.5544e-01],
        [ 2.0041e-01, -2.6856e-02,  1.1363e-01,  3.8899e-01],
        [-3.2217e-02, -1.6773e-01,  2.6642e-01,  2.0556e-01],
        [ 9.1437e-02, -1.4115e-01,  1.8899e-01, -1.2031e-01],
        [ 1.0793e-01,  1.1861e-01, -1.5768e-01,  1.8671e-01],
        [-1.9102e-01,  1.0403e-01, -9.7884e-02,  5.5519e-02],
        [-3.5936e-01,  2.6660e-01, -2.1146e-01,  4.2519e-01],
        [ 2.1098e-02,  1.6122e-01,  1.9351e-01,  4.1104e-01],
        [-1.4188e-01,  2.4039e-01,  7.3475e-02, -2.1986e-01],
        [-1.0344e-01,  1.8481e-01,  1.6107e-01, -3.5501e-01],
        [-1.1514e-01, -8.2333e-02,  2.7443e-02,  8.3272e-02],
        [ 2.0974e-01, -1.5148e-01, -6.9196e-03, -1.1548e-01],
        [ 4.5651e-02,  1.8299e-02,  1.4014e-02,  1.4939e-01],
        [-5.3548e-02, -8.8755e-02,  2.7343e-01, -7.3914e-01],
        [ 3.6550e-01, -1.0329e-01, -2.5299e-01, -3.0162e-01],
        [ 6.0393e-02,  1.9679e-01,  1.3852e-01, -2.4976e-01],
        [ 9.0746e-02,  6.2362e-02,  9.1710e-02,  4.9366e-01],
        [ 5.1036e-02,  1.1890e-01,  1.4232e-01, -2.5590e-01],
        [-8.7640e-02, -9.0393e-02,  3.2457e-01, -2.4547e-01],
        [ 7.9362e-02,  2.9081e-02,  2.2225e-01, -1.7725e-01],
        [ 9.3599e-02,  2.0094e-01,  7.5824e-02,  1.9356e-01],
        [ 2.3295e-01,  3.8201e-02,  1.0019e-01, -1.9603e-01],
        [ 1.3083e-01, -4.2013e-01, -1.5575e-01,  1.5496e-01],
        [ 1.1791e-01,  3.0564e-02,  1.6975e-01, -3.5969e-01],
        [-3.2634e-01,  3.0406e-01, -3.3117e-01,  1.4189e-01],
        [-1.7561e-01,  2.3254e-01, -1.5830e-01,  1.0591e-01],
        [ 1.9068e-01, -8.4452e-02, -9.3638e-02, -4.6325e-01],
        [-1.4993e-01, -1.1147e-01,  1.7420e-01,  5.8406e-01],
        [-6.4623e-02, -6.5342e-03,  2.5972e-02,  6.3766e-01],
        [-1.2623e-01, -6.9456e-02, -1.2977e-02,  1.4955e-01],
        [ 1.0943e-01,  1.8862e-01,  7.6492e-02,  2.3171e-01],
        [ 6.0649e-02, -3.6378e-01,  3.1604e-01, -3.7930e-01],
        [-2.4567e-01,  1.1359e-01, -1.2939e-01, -1.5538e-02],
        [ 2.1308e-02,  1.1801e-01,  8.2736e-02,  6.0292e-01],
        [ 2.3474e-01,  1.4786e-01, -2.7232e-01, -2.8316e-01],
        [-1.3436e-01,  8.6351e-02, -1.9764e-01, -3.8038e-01],
        [-3.3665e-01,  1.9653e-01, -2.6802e-01,  1.5518e-01],
        [-1.1003e-01,  1.1016e-01,  1.7355e-01, -5.4366e-01],
        [-9.3716e-02,  1.5138e-01,  1.2550e-01,  1.9103e-01],
        [-5.9037e-02, -1.4024e-01,  1.4563e-01, -1.8232e-01],
        [-9.4794e-02,  1.7685e-01, -1.0241e-01,  2.2781e-01],
        [ 1.8689e-01,  6.2273e-02, -3.1334e-01,  3.9406e-01],
        [-1.4650e-01,  8.6576e-02,  2.0058e-01, -1.0278e-01],
        [-1.6676e-02, -3.5185e-02,  1.9506e-01,  6.3851e-02],
        [-6.6414e-02,  1.9203e-01,  1.1864e-01,  1.3717e-02],
        [-2.8762e-01,  2.3956e-01,  2.4241e-01,  7.0996e-01],
        [-1.3932e-01, -1.2927e-01, -1.8282e-01,  6.7049e-02],
        [ 5.4237e-02,  5.3384e-02, -1.9178e-01, -1.9161e-01],
        [ 7.5389e-02,  1.6419e-01,  5.7407e-02,  2.5336e-02],
        [ 1.0685e-01, -4.1803e-01,  3.1831e-01,  3.8839e-01],
        [ 1.9916e-01, -2.5521e-02, -2.8353e-01, -2.0443e-01],
        [-1.0847e-02, -4.3382e-02, -1.7237e-01,  2.8823e-01],
        [-1.0476e-02,  3.8164e-02,  6.4591e-02, -9.3142e-01],
        [ 1.7125e-01, -2.6563e-02, -1.2691e-01, -2.8584e-01],
        [ 2.9522e-01, -2.5051e-01, -2.2161e-01, -1.4695e+00],
        [ 2.0884e-01, -1.5445e-01, -1.5797e-01, -2.8478e-01],
        [-1.1019e-01, -1.2961e-01,  6.1337e-02, -3.1372e-01],
        [-1.1619e-01,  2.5853e-02,  1.8782e-02, -2.4529e-01],
        [-5.4921e-02,  2.1681e-02, -8.9274e-02,  3.5805e-02],
        [ 1.3648e-01, -3.3150e-02,  1.4119e-02,  7.2339e-01],
        [ 1.8275e-01, -2.2647e-01, -1.1324e-02,  3.6269e-01],
        [ 2.7123e-01, -2.7516e-01,  5.5353e-02, -2.0318e+00],
        [ 5.7389e-02,  4.4643e-02,  6.5350e-02,  2.2880e-01],
        [-5.7523e-02, -2.4578e-02,  1.0343e-01,  1.7785e-01],
        [-1.6252e-01, -1.0303e-01,  1.3986e-01,  3.5176e-01],
        [ 1.4653e-02, -1.8600e-01,  1.3998e-01, -1.0391e+00],
        [-1.3366e-01,  3.1992e-01, -1.4987e-01,  7.3413e-01],
        [-9.3888e-02,  1.5319e-01, -2.2206e-02,  1.1007e+00],
        [-2.4848e-02, -4.0027e-02,  1.5865e-01,  7.1876e-01],
        [ 8.1089e-02,  1.1158e-01, -9.3893e-02, -8.2945e-02],
        [ 1.1768e-01,  2.3992e-01, -3.1346e-02, -3.4873e-01],
        [ 1.6744e-01,  2.0681e-01, -2.0250e-02,  3.6638e-01],
        [ 1.0612e-01,  1.1451e-01,  1.8076e-01, -2.6109e-01],
        [-2.7795e-02,  6.2554e-02,  6.0916e-03, -2.9140e-01],
        [ 9.9209e-02,  1.1638e-02, -8.9022e-02,  2.6516e-01],
        [-1.3804e-01,  1.2780e-01, -2.6266e-02,  2.0928e-01],
        [-1.8997e-01,  1.8216e-02,  1.5006e-01,  1.4276e-01],
        [-1.5795e-01, -1.5330e-01,  2.2802e-01, -4.0930e-01],
        [-7.1194e-02, -3.4649e-02, -2.7213e-02,  6.1790e-02],
        [ 2.2447e-02,  2.2240e-01, -2.0157e-01, -1.1979e-01],
        [-1.7006e-02,  1.4948e-01, -1.4444e-01, -2.8963e-01],
        [ 1.2330e-01, -2.4691e-01, -4.1768e-04,  1.1288e-01],
        [ 7.1140e-02,  1.3221e-01, -1.3958e-01,  2.0236e-01],
        [ 2.6767e-02, -1.8714e-01, -3.6194e-02,  1.1118e-02],
        [-1.7459e-01,  1.8544e-01, -1.1012e-01, -3.3555e-01],
        [ 8.9516e-02, -1.6774e-01, -1.5089e-02,  1.5755e-02],
        [ 2.6579e-02,  3.3363e-02,  1.3337e-01, -5.3784e-01],
        [ 1.2056e-01, -1.6622e-01, -1.2243e-01,  7.6192e-01],
        [ 9.2533e-02, -6.0262e-02,  1.7481e-02, -1.0086e-01],
        [ 1.2257e-02, -2.6241e-01, -2.7340e-02, -4.5355e-01],
        [ 3.5776e-01, -2.7569e-02, -4.8963e-02,  2.3812e-01],
        [-1.1317e-01,  1.8028e-01,  1.1845e-01,  4.5935e-01],
        [ 1.2125e-01,  2.0770e-02, -1.1822e-01,  7.3432e-01]])), ('rnn.cells.0.W_ox.bias', tensor([-0.1262, -0.0286, -0.0856, -0.0110, -0.0922,  0.1091, -0.0578, -0.0552,
         0.0575, -0.0814, -0.1161, -0.1187, -0.0873,  0.0182, -0.1053, -0.0564,
         0.0575, -0.0134, -0.0171, -0.0473, -0.0297, -0.0640, -0.0733, -0.1113,
        -0.0694, -0.0954,  0.1092,  0.0945,  0.0151, -0.0702, -0.1062, -0.0927,
        -0.0739, -0.0375,  0.1256, -0.1436, -0.0965,  0.0714, -0.0276, -0.1302,
        -0.0454,  0.0626, -0.1658, -0.1307, -0.1260,  0.1981,  0.0855, -0.0943,
        -0.1204, -0.0510, -0.1675, -0.1104, -0.1138,  0.0031, -0.1596, -0.1984,
        -0.0429,  0.1677, -0.1031,  0.0679,  0.0093, -0.0211, -0.0385, -0.0289,
         0.0424, -0.1360, -0.0370,  0.1525, -0.1292, -0.0024,  0.0964,  0.1501,
        -0.0330, -0.1450,  0.1176, -0.1010,  0.0238, -0.0402, -0.0733, -0.1476,
        -0.1607,  0.2268,  0.0021, -0.1574, -0.0931, -0.0537,  0.1034, -0.0837,
         0.0372,  0.0966,  0.0508,  0.0007,  0.0015,  0.0012, -0.0401,  0.0573,
        -0.0236, -0.0887,  0.0918,  0.1293,  0.0079, -0.0459, -0.0554, -0.0462,
        -0.0970, -0.1587, -0.1087, -0.1960, -0.1082, -0.0866,  0.0257, -0.0733,
         0.0438,  0.0301, -0.0885,  0.0769,  0.1262, -0.0393,  0.0417,  0.0208,
        -0.0417, -0.0838,  0.0601,  0.0034,  0.0520, -0.0978, -0.0367, -0.0276])), ('rnn.cells.0.ln_o.weight', tensor([1.7123, 1.8284, 0.5895, 1.8155, 2.6518, 1.2547, 1.0400, 1.6858, 0.9804,
        1.6589, 1.4250, 1.2871, 1.4704, 1.1343, 0.8747, 2.4794, 0.8882, 0.9152,
        1.1221, 2.0136, 1.1034, 1.9196, 1.5853, 1.7582, 0.4858, 1.0746, 1.5161,
        1.5217, 1.1956, 1.6951, 1.8910, 1.1559, 1.6275, 1.7632, 0.8357, 2.3135,
        2.4135, 0.8470, 1.5232, 1.8286, 1.8920, 1.6310, 1.2363, 1.3000, 1.9584,
        1.0855, 1.3040, 1.8476, 1.8410, 1.7741, 1.1129, 2.2173, 1.6059, 1.2519,
        2.2459, 1.5522, 1.2388, 1.8009, 0.9336, 1.9533, 1.1365, 1.2331, 1.4516,
        1.8124, 2.7631, 2.0649, 2.0166, 1.3116, 0.8942, 1.0933, 1.1567, 1.3146,
        0.9443, 1.1230, 1.0921, 1.3774, 1.7396, 1.1619, 1.9638, 1.4510, 1.6784,
        0.6409, 1.8818, 1.1898, 2.5519, 2.0320, 0.7577, 1.1629, 1.2182, 1.9000,
        1.2094, 2.6653, 0.7476, 2.0623, 2.7541, 1.4825, 2.3418, 1.2704, 0.8417,
        1.3247, 1.5397, 1.7434, 1.1990, 1.0917, 0.7583, 1.0146, 1.0459, 1.6830,
        1.5129, 2.0503, 1.0447, 1.9696, 1.3955, 1.5808, 1.5996, 0.8859, 0.8047,
        1.3827, 1.1423, 0.7088, 1.2924, 1.6192, 1.6113, 1.0016, 1.1756, 1.1426,
        1.1899, 1.5126])), ('rnn.cells.0.ln_o.bias', tensor([ 0.3232,  0.1986,  0.1421,  0.2002, -0.1423, -0.0130, -0.1321,  0.4004,
         0.3684,  0.2696, -0.0569, -0.0223,  0.2040,  0.4152,  0.1051, -0.0262,
         0.0874,  0.1352,  0.1368,  0.2677, -0.0558, -0.1141, -0.1146,  0.7436,
         0.0774, -0.0034, -0.0621, -0.0258,  0.2312,  0.4755, -0.2590,  0.0221,
         0.0204,  0.4841,  0.0274,  0.5742,  1.2026,  0.0870,  0.2188,  1.1362,
         0.4164, -0.0424, -0.0350, -0.1079, -0.1384,  0.2478,  0.0446,  0.4944,
        -0.0958, -0.1245, -0.2340,  1.0049,  0.5795,  0.0356, -0.1286, -0.1207,
         0.4579, -0.0415, -0.0531, -0.1254,  0.3461,  0.6709,  0.4020,  0.2427,
        -0.1911, -0.0803,  0.0124,  0.2661,  0.2088,  0.1047, -0.0316,  0.0064,
         0.2238, -0.0497,  0.0039,  0.1976, -0.1953, -0.2053,  0.6725, -0.0522,
        -0.1284,  0.0140,  0.4329,  0.1348,  0.0207, -0.0987,  0.0849, -0.2522,
         0.4246, -0.3437,  0.0878,  1.1619, -0.0036,  1.0634, -0.2978,  0.0427,
        -0.2944,  0.1025,  0.2782,  0.3371,  0.2155, -0.1457, -0.1219,  0.2376,
         0.3464, -0.0170,  0.4050, -0.1301,  0.2353,  0.3102,  0.4573,  0.8307,
        -0.1168, -0.0980, -0.1528,  0.1147,  0.1276,  0.0788,  0.2034,  0.2508,
        -0.0258,  0.0378,  0.0309,  0.5844,  0.1462, -0.1776,  0.2116, -0.0280])), ('rnn.cells.1.W_Cr', tensor([ 0.0350, -0.0824, -0.0348, -0.0266, -0.0105,  0.0240, -0.0662, -0.2167,
        -0.0906, -0.0733,  0.0475, -0.0995, -0.0382, -0.0348,  0.0537,  0.1764,
         0.1271, -0.0168,  0.0055, -0.1456, -0.1106,  0.1185, -0.2010, -0.1533,
        -0.1016, -0.1149,  0.0355,  0.0442,  0.1183, -0.2868,  0.0769, -0.0667,
         0.1265, -0.0793, -0.1093,  0.1459, -0.1271, -0.0207,  0.0775, -0.0752,
         0.0354, -0.0478, -0.0843,  0.0585, -0.1096,  0.0653,  0.0122,  0.0070,
        -0.0545, -0.1745,  0.0078,  0.0139,  0.0118,  0.1087,  0.2576, -0.1838,
        -0.1559, -0.0804, -0.0845, -0.0794, -0.0648, -0.0370, -0.1548,  0.0610,
         0.0856,  0.0017, -0.0447,  0.0409,  0.0783,  0.0216, -0.0542,  0.0239,
         0.1134,  0.0878, -0.1649, -0.2024, -0.0161, -0.0283, -0.1493, -0.0815,
         0.0135,  0.0474,  0.0733, -0.0205, -0.0163,  0.0727,  0.0967,  0.0667,
         0.0393, -0.0557,  0.1490, -0.0139, -0.0880,  0.2043, -0.0326,  0.0621,
        -0.0481,  0.0390,  0.0726, -0.0547,  0.1070, -0.0961, -0.1570, -0.1653,
         0.0732, -0.0973,  0.0106,  0.0382,  0.0370, -0.0395, -0.0151,  0.0970,
         0.0210, -0.0422,  0.0399, -0.1229, -0.0767, -0.2153,  0.0280, -0.0868,
        -0.1242, -0.1088, -0.0822, -0.0772, -0.1141, -0.0421, -0.0390, -0.0912])), ('rnn.cells.1.W_Cz', tensor([ 6.7104e-04,  1.2724e-01, -1.8416e-01, -2.9331e-01, -3.2541e-03,
         4.5690e-02,  5.9930e-02, -2.3780e-02,  7.1851e-02, -1.2059e-01,
        -5.7130e-03, -1.2620e-01, -6.1769e-02, -1.7849e-01,  7.3492e-02,
        -1.0023e-01, -6.2070e-02,  6.8503e-02, -1.4909e-01, -1.7942e-01,
        -1.6651e-01,  1.5146e-01, -1.3026e-02, -1.9061e-01, -1.1921e-01,
        -9.1909e-02, -1.9502e-01,  1.7613e-01, -2.7532e-01, -6.9055e-01,
         3.3222e-02, -1.6602e-01,  1.8940e-01,  7.2292e-03, -5.5649e-02,
         1.3860e-01, -8.2717e-02, -2.5870e-02,  5.8277e-02, -1.4206e-02,
         9.5257e-02, -4.9219e-02, -3.4884e-01, -1.4806e-01, -2.4263e-01,
         8.8809e-02,  1.6935e-01, -1.2332e-01,  6.3925e-02, -4.8284e-02,
        -2.2688e-01,  2.3593e-01,  9.4759e-02, -1.4081e-01,  8.2785e-02,
        -4.0578e-01,  2.5773e-02,  1.4532e-01,  6.0030e-02, -1.6886e-01,
        -9.9225e-02, -3.9095e-01, -3.4161e-01,  9.8344e-02,  6.3925e-02,
         3.1590e-01,  4.6416e-03,  1.1754e-01,  1.6610e-01,  7.5395e-02,
        -1.4133e-02, -8.2180e-02,  1.4999e-01, -4.4393e-04,  7.9527e-02,
        -2.2996e-01, -5.3036e-02,  6.0418e-02,  1.4427e-01, -1.8308e-01,
         1.4558e-01,  2.1214e-01,  1.9082e-01,  1.6239e-01, -4.6440e-01,
        -1.2494e-01, -3.0057e-01, -1.7773e-01, -1.2681e-01, -1.9597e-01,
         3.4134e-01,  9.0167e-02,  3.8573e-01, -6.0272e-03,  8.4156e-02,
        -1.0821e-01,  2.3214e-01,  1.5880e-01,  1.0261e-01, -1.5510e-01,
         1.8408e-01,  9.7772e-03, -1.6024e-01, -5.9795e-02,  1.5775e-01,
         6.7072e-02,  4.2437e-02,  1.1306e-01,  9.8843e-02, -1.6757e-02,
        -1.0578e-01,  3.4221e-01,  1.8171e-01,  6.6422e-02, -1.5887e-01,
        -1.9250e-02,  2.8941e-01, -2.6451e-01,  4.2279e-02, -3.2817e-04,
         1.4917e-01, -1.3744e-01,  8.0209e-02, -1.1705e-01, -5.1657e-02,
         5.5313e-01, -2.1217e-01, -1.5531e-01])), ('rnn.cells.1.W_Co', tensor([ 1.6222e-01, -4.2566e-01, -1.1434e-01,  1.5710e-01,  3.1450e-01,
        -2.0195e-01,  3.1328e-01,  2.6696e-01, -2.3161e-01,  4.9852e-03,
         1.4919e-01,  1.1047e-01,  1.3160e-01, -1.2531e-02, -2.6554e-01,
        -2.5670e-01,  1.6765e-01,  1.8693e-01, -1.1983e-01, -3.3158e-01,
         5.7412e-02, -3.9048e-01,  8.9394e-02,  1.7205e-01, -3.5864e-01,
        -5.4801e-01, -7.7395e-02,  5.0363e-02, -3.2425e-01, -7.2880e-01,
        -9.4049e-02,  1.6394e-01, -3.8118e-01,  3.9126e-02, -4.5710e-02,
        -2.1413e-01,  1.9808e-01,  2.0545e-01,  1.0714e-01,  1.9253e-01,
         1.8543e-01,  2.4969e-01,  1.9230e-01, -7.3921e-02, -1.7648e-01,
        -4.6602e-02,  2.5645e-02, -7.1734e-01,  1.2400e-02,  2.1283e-01,
         2.1562e-01, -9.9038e-02,  2.3989e-01,  3.4763e-01, -2.7449e-01,
         4.9698e-01, -2.5844e-01, -2.5115e-01,  1.5786e-01,  1.3461e-02,
         3.5017e-02,  3.2942e-01, -9.8729e-02,  2.1408e-02,  2.2516e-01,
        -5.2550e-01,  2.1600e-01, -3.0299e-01, -2.5070e-01,  7.3398e-02,
        -2.8840e-01, -3.7476e-02, -2.3671e-02, -4.5384e-02, -1.4726e-01,
        -1.0553e-01,  3.9586e-02, -1.8868e-01, -4.4749e-02, -1.6483e-01,
         8.3488e-02,  6.4223e-02, -1.6611e-01, -2.0663e-01,  7.6611e-02,
        -2.7311e-01, -7.4990e-02,  2.3148e-01,  3.1324e-01,  5.4103e-02,
         4.4820e-01, -1.1623e-01, -2.0131e-01,  2.9979e-01, -5.2005e-01,
         1.7465e-01,  1.8949e-01, -3.5639e-04,  1.3511e-01,  7.8738e-02,
         1.1774e-01,  1.7905e-01,  3.1044e-02,  2.2161e-01, -6.1113e-02,
         1.2982e-01,  1.7372e-01, -1.2392e-01,  1.7789e-01,  8.4763e-02,
         7.6314e-02, -4.2561e-02, -3.0327e-01, -5.8748e-01,  4.9599e-01,
        -4.7942e-02,  3.1969e-01,  2.6203e-01,  3.8835e-02, -1.7235e-01,
         5.0830e-01,  2.2219e-01,  6.9470e-02,  1.6043e-01, -2.9678e-01,
        -1.0313e-01,  1.0041e+00,  1.0683e-02])), ('rnn.cells.1.W_rh.weight', tensor([[ 0.1409,  0.0488, -0.2118,  ..., -0.0382, -0.0203, -0.0850],
        [ 0.0463, -0.0626, -0.0114,  ..., -0.2085,  0.0454,  0.0290],
        [ 0.0004,  0.0686,  0.0601,  ...,  0.0065, -0.1754,  0.0657],
        ...,
        [-0.1176,  0.0425,  0.0403,  ..., -0.2261,  0.3557, -0.1083],
        [-0.1801, -0.0012, -0.1809,  ...,  0.1531, -0.1818,  0.0515],
        [-0.1607,  0.0615, -0.1623,  ..., -0.0643,  0.2098, -0.1873]])), ('rnn.cells.1.W_rx.weight', tensor([[ 0.1010, -0.3486, -0.4991,  ...,  0.4062,  0.0319, -0.2514],
        [ 0.0096,  0.0127,  0.1547,  ...,  0.1591, -0.1237, -0.0750],
        [-0.7742, -0.3410, -0.2847,  ...,  0.2652, -0.2357, -0.0650],
        ...,
        [ 0.2087, -0.2525,  0.0403,  ..., -0.3115, -0.0044, -0.0176],
        [-0.2432, -0.6985, -0.1166,  ...,  0.4668,  0.0386, -0.0659],
        [ 0.1008,  0.1127, -0.0969,  ...,  0.2234,  0.1627, -0.2356]])), ('rnn.cells.1.W_rx.bias', tensor([ 0.0368, -0.0358,  0.0207,  0.0032, -0.0174, -0.0136, -0.1131, -0.0370,
        -0.0325, -0.0024, -0.0802, -0.0410, -0.0752, -0.0287,  0.0797,  0.0291,
        -0.0522,  0.1197, -0.0010,  0.0206, -0.0401, -0.0323, -0.0589,  0.0936,
        -0.0288, -0.0616, -0.0098,  0.0468, -0.0455, -0.0233,  0.0007, -0.0434,
        -0.0515,  0.0970, -0.0512,  0.0026, -0.0241, -0.0520, -0.0716, -0.0534,
        -0.0245, -0.0633, -0.0433,  0.0138, -0.0223,  0.0565,  0.0049,  0.0581,
        -0.0491, -0.0134,  0.0055,  0.0155, -0.0224,  0.0084, -0.0973, -0.0173,
        -0.0270, -0.0073, -0.0088, -0.0986, -0.0043, -0.0589,  0.1130, -0.0201,
         0.0733,  0.0318,  0.0025, -0.0118,  0.0051, -0.0636, -0.0192,  0.0532,
        -0.0597, -0.0439,  0.0176,  0.0158,  0.0386, -0.0582,  0.0459, -0.0242,
         0.0458, -0.0242,  0.0782,  0.0146, -0.0511, -0.0453, -0.0528, -0.0250,
        -0.0045,  0.1240,  0.0330, -0.0223, -0.0955,  0.0459,  0.0050,  0.0168,
        -0.0625, -0.0725,  0.1055, -0.0303,  0.0093,  0.0194,  0.0297, -0.0207,
        -0.0087,  0.0870, -0.0406,  0.0584, -0.0885, -0.0238,  0.0315,  0.0019,
        -0.0591,  0.0260, -0.1342,  0.0774,  0.0717, -0.0437, -0.0974,  0.0246,
        -0.0031, -0.0188, -0.0443,  0.0635,  0.0377, -0.0761, -0.0471, -0.0687])), ('rnn.cells.1.ln_r.weight', tensor([1.0337, 1.2903, 1.6978, 1.4552, 1.7029, 1.7317, 1.4455, 1.5285, 1.4399,
        1.8208, 1.6471, 1.5451, 1.3987, 1.0031, 2.0224, 2.0429, 1.1482, 1.2554,
        1.7608, 1.2662, 1.6185, 1.1595, 1.5739, 1.5573, 1.7238, 2.1926, 1.6330,
        1.0371, 1.8374, 1.2426, 1.2921, 0.9653, 1.1749, 1.6399, 1.0153, 1.2458,
        1.5507, 1.1142, 1.3677, 1.7078, 0.9897, 1.6834, 1.1605, 1.1018, 1.5801,
        1.9191, 1.5327, 1.4137, 1.0990, 1.4836, 2.6170, 1.5548, 1.1595, 1.1199,
        2.3570, 1.6459, 1.2950, 1.4134, 1.5976, 1.6315, 0.8598, 1.1445, 0.9914,
        1.0238, 1.1218, 1.4914, 1.7107, 1.5776, 1.5382, 1.3482, 1.9152, 1.2968,
        1.8091, 1.8023, 1.9831, 0.9105, 1.2727, 0.5443, 1.3316, 1.2796, 1.6422,
        1.1077, 1.2643, 1.9066, 1.0241, 0.9254, 2.1403, 1.1268, 1.5475, 1.9016,
        1.2422, 1.7178, 1.5776, 1.1112, 2.0157, 1.3771, 1.5797, 1.7516, 1.0441,
        1.8566, 1.4285, 1.4950, 1.9671, 1.3911, 1.7845, 1.9677, 1.4617, 1.3347,
        1.7271, 1.1838, 1.5625, 1.4498, 1.2398, 1.7500, 2.1850, 2.1588, 1.6128,
        1.4405, 1.8271, 2.0288, 1.4471, 1.3345, 0.7734, 2.2884, 1.0021, 1.4973,
        1.9178, 1.5697])), ('rnn.cells.1.ln_r.bias', tensor([ 0.1645, -0.4199, -0.0736, -0.6594, -0.2931, -0.5822, -0.3353, -0.2110,
        -0.7061, -0.4331, -0.1442, -0.6430, -0.5185, -0.2564, -0.7373, -0.1091,
        -0.0605, -0.1902,  0.0404, -0.2268, -0.4657, -0.2267, -0.5837, -0.2459,
        -0.3729, -0.2615, -0.3162,  0.0471, -0.2590, -0.3139, -0.1756, -0.4651,
        -0.4235, -0.0838, -0.3780, -0.2328, -0.5883, -0.1192, -0.3381, -0.1139,
        -0.5678, -0.3926,  0.1077, -0.0483, -0.1075, -0.1057, -0.0241,  0.1019,
        -0.0282, -0.1790, -0.0931, -0.6268, -0.6106, -0.2150, -0.4098, -0.2065,
        -0.0945, -0.6179, -0.4929, -0.3982, -0.4203, -0.6877,  0.1986, -0.1967,
        -0.2409,  0.0555, -0.5650, -0.3511, -0.1674, -0.4576, -0.6970, -0.0925,
        -0.4480, -0.0882, -0.3959,  0.1149,  0.2609, -0.2083,  0.0969, -0.2773,
        -0.0849,  0.1416, -0.2944, -0.7792, -0.2743, -0.3168,  0.0038, -0.1247,
        -0.7024, -0.0885, -0.2163, -0.4610, -0.1870,  0.2114, -0.4206, -0.4157,
        -0.1931, -0.3247,  0.0788, -0.2019, -0.0450, -0.6512, -0.5162, -0.6281,
        -0.7223,  0.2840, -0.1960, -0.3221, -0.0116, -0.5441, -0.0103, -0.5033,
        -0.3928, -0.2955, -0.4191,  0.0049, -0.0806, -0.5088, -0.0859, -0.1890,
        -0.3726, -0.8435, -0.0690, -0.5984, -0.0392, -0.4911, -0.0385, -0.5933])), ('rnn.cells.1.W_c.weight', tensor([[ 0.1671,  0.1469, -0.1345,  ...,  0.0268, -0.0147,  0.0107],
        [-0.0791, -0.2480,  0.3051,  ..., -0.1204, -0.0958, -0.1561],
        [-0.1435,  0.1540,  0.3243,  ..., -0.2370,  0.1218, -0.1385],
        ...,
        [-0.0734, -0.0352,  0.0961,  ...,  0.0662, -0.0511,  0.0120],
        [ 0.1319,  0.0311,  0.2117,  ...,  0.0142,  0.1463, -0.1566],
        [ 0.1017, -0.0900,  0.0212,  ..., -0.0475, -0.0333,  0.0797]])), ('rnn.cells.1.W_c.bias', tensor([ 0.0559,  0.0134, -0.0435, -0.0116,  0.0213, -0.0166,  0.0337,  0.0106,
         0.0089, -0.0619,  0.0413,  0.0095,  0.0087,  0.0277, -0.0289, -0.0409,
         0.0582,  0.0333, -0.0140, -0.0442,  0.0094, -0.0187,  0.0020,  0.0487,
        -0.0184, -0.0680, -0.0330,  0.0344,  0.0069, -0.0094, -0.0338, -0.0087,
        -0.0549,  0.0539,  0.0253, -0.0132,  0.0322,  0.0130,  0.0244,  0.0614,
         0.0145,  0.1223, -0.0087, -0.0446, -0.0711, -0.0802, -0.0390, -0.0216,
         0.0405,  0.0109, -0.0233, -0.0365,  0.0159,  0.0496,  0.0155,  0.0192,
        -0.0343,  0.0249,  0.0297,  0.0198, -0.0021,  0.0047,  0.0263, -0.0103,
        -0.0043, -0.0469,  0.0127, -0.0095, -0.0152, -0.0139, -0.0197, -0.0230,
         0.0405,  0.0258,  0.0326, -0.0160,  0.0450,  0.0017, -0.0199,  0.0035,
         0.0232,  0.0360, -0.0626, -0.0207,  0.0212, -0.0164, -0.0265, -0.0007,
        -0.0191, -0.0312,  0.0017, -0.0204,  0.0179,  0.0323, -0.0389,  0.0179,
         0.0443,  0.0382,  0.1040,  0.0356,  0.0644,  0.0363,  0.0247,  0.0231,
        -0.0123, -0.0494, -0.0056,  0.0234,  0.0227,  0.0101,  0.0445,  0.0099,
         0.0332, -0.0084, -0.0058, -0.0002,  0.0391,  0.0575,  0.0466, -0.0320,
         0.0191,  0.0095,  0.0150,  0.0356, -0.0384,  0.0313,  0.0344,  0.0386])), ('rnn.cells.1.W_zh.weight', tensor([[-1.7202e-01, -1.0671e-01, -1.7213e-01,  ..., -3.1543e-01,
         -1.4301e-01,  1.2657e-01],
        [-1.7464e-01,  1.1554e-01,  1.3359e-01,  ..., -3.0306e-01,
         -1.0948e-01,  6.9519e-02],
        [-3.6788e-02,  3.1710e-02,  1.5756e-01,  ..., -6.5295e-02,
          5.0736e-01,  5.4266e-03],
        ...,
        [-5.3718e-02,  5.5885e-02, -1.5169e-01,  ...,  4.4142e-01,
         -1.2980e-01,  7.6121e-02],
        [-1.4114e-01,  3.2937e-02, -9.3071e-02,  ...,  1.3941e-01,
         -5.2478e-02, -7.8630e-02],
        [ 7.8875e-02, -1.0035e-01, -8.2548e-03,  ...,  2.9964e-04,
         -5.0206e-01,  5.4804e-02]])), ('rnn.cells.1.W_zx.weight', tensor([[ 0.0409, -0.0567, -0.0498,  ..., -0.1430, -0.4143, -0.0777],
        [ 0.2138, -0.4944,  0.1153,  ..., -0.1344,  0.0252, -0.1825],
        [ 0.0777,  0.0822, -0.1435,  ..., -0.0880,  0.1383,  0.0269],
        ...,
        [-0.7810,  0.0544, -0.1725,  ...,  0.0834,  0.0407,  0.2616],
        [ 0.3213, -0.1110, -0.2854,  ..., -0.0867, -0.1883, -0.0884],
        [ 0.2274,  0.0381,  0.1704,  ...,  0.0282, -0.1653, -0.0860]])), ('rnn.cells.1.W_zx.bias', tensor([ 6.1795e-02,  6.3294e-02, -4.3148e-02, -7.8443e-02, -1.3609e-02,
         8.9728e-05, -2.0647e-02,  1.5883e-02, -5.5587e-02, -5.1514e-02,
         3.4631e-02, -1.3254e-02, -5.5084e-02, -7.3749e-02, -7.1617e-02,
         3.6624e-02,  4.8299e-02, -8.2059e-02,  3.3480e-02, -2.6850e-02,
         3.2188e-02, -9.2725e-03,  5.5273e-02, -2.0437e-02, -8.4401e-02,
        -6.8755e-03, -1.9418e-02,  1.3498e-02,  1.0063e-01,  1.0091e-02,
        -1.5755e-01, -1.6208e-01, -9.9891e-02,  9.8018e-02, -1.4069e-02,
        -9.7874e-02,  7.0562e-03,  1.0896e-01,  3.2604e-03,  3.1311e-02,
         4.3828e-02, -3.2926e-02, -9.5131e-03,  7.6263e-02,  1.8188e-02,
        -1.0799e-01,  1.9097e-02, -9.5998e-02,  1.0270e-01, -1.3502e-01,
        -7.6421e-02, -1.6832e-01, -1.3668e-01,  8.8507e-02, -3.6916e-02,
         2.4469e-02,  9.1060e-02, -1.6087e-01,  6.8550e-02,  2.9159e-03,
         2.0464e-02, -1.4489e-02,  8.1842e-02,  3.6777e-02, -8.6036e-03,
         3.7860e-03, -5.4345e-02,  3.8170e-02,  1.8459e-02,  1.1081e-01,
        -4.2726e-02,  3.5495e-02,  1.1881e-01,  8.9877e-02,  5.9855e-03,
         6.4815e-02,  1.5918e-01, -3.9468e-02,  5.0354e-02, -4.6297e-02,
        -5.7295e-04,  8.4947e-02, -4.0930e-02, -7.8243e-02, -9.6875e-03,
        -2.8841e-02,  5.1458e-02, -2.4789e-02, -5.2266e-02, -7.9868e-03,
         8.1921e-02, -1.2530e-01,  4.2657e-02,  1.8550e-01,  1.8700e-02,
        -2.3271e-02,  4.9895e-03,  9.1671e-03,  1.8072e-01, -1.2617e-02,
         2.9478e-02, -1.2987e-02, -3.7991e-02, -4.2597e-02,  3.4305e-02,
         3.4699e-02, -6.7865e-03,  3.8306e-02,  5.5621e-02,  1.7421e-02,
         3.3010e-03, -2.2803e-01,  4.5577e-02, -8.6874e-02,  1.7583e-02,
         9.1946e-02, -4.8501e-02,  4.8670e-02, -1.5705e-02,  1.0397e-01,
        -3.4188e-02, -2.7495e-02, -1.4836e-03, -1.9133e-02,  2.9788e-02,
        -9.9825e-02,  3.4954e-02, -9.7671e-02])), ('rnn.cells.1.ln_z.weight', tensor([1.3485, 1.7204, 0.7286, 1.8757, 1.5001, 1.2164, 1.9279, 2.1569, 2.7481,
        2.0248, 1.5113, 1.4883, 0.9529, 1.2483, 2.6055, 1.1492, 2.1110, 1.8186,
        1.3037, 1.8325, 2.3701, 1.5924, 0.6469, 1.7256, 1.0065, 2.2064, 1.9856,
        1.3095, 1.6542, 2.3854, 0.7938, 1.6686, 2.6197, 1.7998, 0.9724, 2.2119,
        1.1932, 1.4034, 0.7566, 1.2214, 1.8971, 1.4585, 1.5897, 1.1589, 1.4577,
        1.5929, 2.0942, 2.2123, 1.1583, 3.4255, 1.2105, 3.0658, 3.0448, 2.1466,
        1.6494, 2.3601, 1.4889, 1.1011, 1.4120, 2.3631, 1.5102, 2.0164, 1.0887,
        1.4719, 1.6449, 1.5758, 1.9953, 1.2666, 2.1387, 1.6290, 1.5557, 1.5002,
        1.4364, 1.7839, 1.3654, 1.3068, 1.7550, 0.9710, 1.4414, 2.7512, 1.2420,
        1.0570, 1.3862, 0.8373, 3.3966, 2.4730, 1.2774, 2.1778, 1.8207, 1.4698,
        1.7423, 2.1515, 2.1169, 1.1120, 1.6505, 1.0957, 1.0680, 1.2831, 1.2275,
        2.4185, 1.3865, 0.9166, 2.1219, 0.7845, 1.2057, 0.8004, 1.5637, 1.4760,
        1.4445, 1.4078, 1.3521, 4.6886, 1.7682, 2.3490, 1.3468, 1.3318, 2.0906,
        1.8117, 1.1687, 1.3665, 1.8843, 1.9249, 1.3660, 1.2669, 1.2184, 2.7013,
        2.0659, 1.1816])), ('rnn.cells.1.ln_z.bias', tensor([ 7.5115e-01,  2.4203e-02, -8.6103e-02,  5.8161e-01,  6.1460e-01,
         4.4936e-02,  4.4351e-01, -4.7091e-02,  4.6564e-01, -7.3578e-02,
         1.1613e+00, -6.2323e-02,  2.5261e-01,  2.2716e-01,  1.2725e-01,
         6.6565e-02,  1.1833e+00,  5.1732e-01, -1.9267e-01,  3.5046e-02,
         1.7133e-01, -2.5538e-01,  1.8922e-01, -2.0524e-01, -2.7164e-02,
        -4.2973e-01, -3.1055e-01,  6.5007e-01,  6.5667e-01, -2.7145e-01,
        -3.9913e-01, -3.0158e-01,  2.8987e-01,  1.0457e+00,  3.8382e-01,
         5.9897e-02,  2.0560e-01,  5.5464e-01,  6.7801e-02, -1.4853e-01,
        -8.7070e-02, -1.5280e-01,  6.2124e-01,  2.9936e-01,  5.6468e-01,
        -2.3764e-01, -5.7334e-01, -3.1393e-01,  3.9764e-01, -1.4735e-02,
         7.1705e-02, -3.6353e-02,  1.9836e-01,  3.7782e-02,  6.4131e-01,
        -8.7486e-02,  9.5250e-01,  6.2730e-01, -5.4346e-01, -1.0846e-01,
         2.6129e-01, -1.9468e-01,  6.5169e-01,  6.4036e-01,  5.7178e-01,
         4.4023e-01, -1.1452e-01,  3.4471e-01, -2.7992e-01,  3.5625e-01,
        -3.0492e-02, -1.5686e-01,  5.5559e-01,  3.6091e-01,  5.9779e-01,
         6.1140e-01,  1.9751e-02,  3.5789e-01,  7.2635e-01,  4.5673e-01,
         3.9141e-01,  2.0097e-01,  2.3220e-01,  4.2714e-01, -1.1590e-01,
         3.5964e-01,  4.0952e-01,  8.9478e-01, -6.4761e-02, -2.0217e-01,
        -2.2374e-01, -2.9957e-02, -2.0801e-01,  7.6831e-01,  5.5983e-01,
        -7.2734e-02,  1.8615e-01,  5.7758e-01,  5.1744e-01,  6.8132e-01,
         1.6334e-01,  6.9068e-02, -1.3546e-01, -2.7220e-03,  4.4629e-01,
         8.5537e-02,  1.9005e-01,  5.1908e-01,  2.0853e-01,  1.9817e-01,
         6.3776e-02,  2.0256e-01,  7.5658e-01,  1.1424e-01,  5.4811e-02,
         1.0199e-02, -3.0833e-01,  3.7262e-01,  1.0393e-01,  1.1759e+00,
         3.5109e-04,  1.3743e-01,  6.8916e-01,  4.6000e-02, -3.0654e-01,
         7.5925e-01, -3.1619e-01, -5.4255e-02])), ('rnn.cells.1.W_oh.weight', tensor([[ 0.0733,  0.0893, -0.0978,  ..., -0.1454, -0.0201, -0.0500],
        [-0.1121, -0.3745, -0.1593,  ...,  0.1698, -0.1640,  0.0427],
        [-0.0714,  0.0377, -0.1945,  ...,  0.0987, -0.2023, -0.0320],
        ...,
        [-0.1025, -0.0194, -0.1079,  ..., -0.0322,  0.1466,  0.1035],
        [-0.0177, -0.1735,  0.1030,  ..., -0.2875,  0.0036, -0.0220],
        [ 0.0788, -0.0912,  0.0559,  ..., -0.0638,  0.2797,  0.2440]])), ('rnn.cells.1.W_ox.weight', tensor([[-5.1364e-02,  2.0181e-01, -4.3057e-01,  ...,  6.5442e-02,
          2.0303e-02, -2.1155e-01],
        [ 5.3968e-02, -2.0643e-01,  2.4016e-02,  ...,  4.7582e-02,
         -5.6086e-04,  3.3168e-02],
        [-3.6279e-01, -2.6363e-01, -7.8182e-02,  ..., -1.3503e-01,
         -3.5872e-01,  4.0701e-02],
        ...,
        [ 6.3247e-01, -1.3383e-01,  5.8985e-02,  ...,  2.1089e-01,
         -5.5974e-02, -5.4501e-02],
        [ 1.7304e+00, -7.7094e-01,  2.2144e-01,  ..., -2.4410e-01,
          4.3796e-01, -4.1307e-02],
        [ 2.2504e-03, -4.3729e-02, -5.9801e-02,  ...,  1.4542e-02,
          1.0152e-01, -9.6803e-02]])), ('rnn.cells.1.W_ox.bias', tensor([ 3.2707e-02, -9.3553e-02, -9.6567e-03,  1.3921e-01, -2.4183e-03,
         7.9717e-02,  1.2310e-02, -1.2314e-01,  2.6017e-01,  2.8058e-02,
        -4.7685e-03, -9.1348e-02,  8.9152e-02,  1.2795e-01,  3.6530e-02,
        -4.0658e-02, -1.3770e-02,  3.3687e-02, -6.3039e-02, -1.2682e-01,
         6.0754e-02, -7.2241e-02, -9.0190e-02,  6.0264e-02,  2.9096e-02,
        -4.5254e-03, -7.5329e-02,  2.4100e-02, -8.1805e-02,  8.8592e-02,
         4.2379e-02,  1.2821e-01, -1.1837e-01,  1.2510e-02, -5.6793e-02,
        -7.0813e-02, -5.0306e-02, -5.1354e-02, -1.6377e-01, -5.2980e-02,
        -1.6211e-02,  1.7958e-01, -3.3725e-02, -3.5658e-02,  5.4215e-02,
         1.3241e-01,  2.0068e-02,  6.2796e-02, -7.4043e-02,  2.2645e-01,
        -1.0223e-02, -5.9541e-02, -7.1741e-02, -6.0495e-02,  2.2018e-01,
        -1.7380e-01, -1.8381e-01,  4.4469e-02, -8.0643e-02,  2.0371e-01,
         2.5195e-01, -3.0829e-02,  1.0392e-01,  1.0774e-02,  1.4369e-01,
        -3.4439e-05, -6.9939e-02,  1.2537e-02, -1.0776e-01,  4.4772e-01,
        -5.8784e-02,  1.1705e-01, -1.3096e-01, -2.4347e-02,  3.8526e-02,
         8.1362e-02, -7.7634e-02,  8.8751e-02,  6.4735e-02, -6.2460e-02,
        -4.6242e-02, -3.1683e-01, -1.1559e-02,  8.3332e-02, -7.3831e-02,
        -6.2015e-02, -9.0076e-02,  6.9903e-02,  1.6677e-01,  1.4106e-01,
         9.2103e-02, -3.4609e-02,  3.1801e-01,  1.5420e-02, -8.2051e-02,
         2.0325e-01, -6.3106e-02, -4.9798e-02,  5.6190e-02,  2.5092e-02,
        -2.9592e-02, -1.2669e-02,  2.0101e-02, -1.0633e-02, -2.6666e-02,
        -6.2358e-02,  2.7939e-02,  7.9396e-02, -3.1725e-02,  9.8109e-02,
         8.3837e-03, -2.5410e-02,  4.6961e-02,  7.5878e-02,  3.8981e-01,
         8.3625e-02, -8.6728e-02, -7.4254e-02, -6.0076e-02, -3.2226e-02,
        -5.7254e-02, -5.6822e-02,  1.0144e-01, -3.1620e-02,  4.7904e-02,
         3.2853e-01, -7.2292e-02,  6.6661e-02])), ('rnn.cells.1.ln_o.weight', tensor([1.0533, 1.1741, 1.2181, 0.6880, 1.1182, 1.1304, 1.3714, 1.3578, 0.6274,
        1.1507, 1.3920, 1.1462, 0.5365, 0.3541, 1.0410, 1.2220, 1.1629, 2.0844,
        1.2271, 1.3993, 0.7804, 1.0799, 1.0162, 0.9250, 1.0640, 1.4120, 1.2721,
        1.0476, 1.1577, 1.5269, 1.1218, 0.7246, 1.1034, 1.2677, 1.0838, 1.2136,
        1.1195, 1.2972, 1.1084, 1.0655, 0.8119, 0.9946, 1.2185, 1.1333, 1.4872,
        1.3174, 1.2431, 1.2259, 1.2677, 0.8926, 1.2184, 1.2825, 1.2798, 1.3254,
        0.5629, 1.4445, 1.0598, 0.9813, 1.3551, 1.0062, 0.5039, 1.4345, 0.8991,
        0.9092, 0.7297, 1.5515, 1.0770, 1.0968, 1.3695, 1.1057, 1.1771, 1.2101,
        1.3304, 1.7587, 1.3404, 0.8514, 1.1630, 0.8831, 1.0123, 1.3570, 1.0513,
        1.1818, 1.1223, 1.1092, 1.2104, 1.1494, 1.1113, 0.7528, 0.4104, 0.8044,
        1.1733, 1.0522, 1.0424, 1.0001, 1.4343, 0.9300, 1.1988, 1.8367, 0.9940,
        1.3636, 1.2256, 1.1107, 1.1760, 1.2251, 1.0373, 1.3190, 1.2342, 1.1127,
        1.0912, 0.7873, 1.1274, 1.1512, 0.8179, 1.3148, 0.4044, 0.7437, 1.6334,
        1.2985, 1.1106, 1.3374, 1.0648, 1.1874, 0.5324, 1.0702, 1.0301, 0.8822,
        3.0792, 0.8622])), ('rnn.cells.1.ln_o.bias', tensor([ 0.0559, -0.2330, -0.1579, -0.2779, -0.4106, -0.2907, -0.1329, -0.3446,
        -0.1633, -0.1454, -0.1716, -0.1725, -0.4418, -0.3701, -0.3426, -0.1462,
        -0.0854, -0.4968, -0.0490, -0.3028, -0.2695, -0.2582, -0.1958, -0.1900,
        -0.3032, -0.2636, -0.2145, -0.1698, -0.3432, -0.2877, -0.2899, -0.3646,
        -0.2406, -0.0696, -0.2926, -0.1002, -0.2444, -0.2302, -0.1281, -0.1050,
        -0.2289, -0.3813,  0.1804, -0.3066, -0.1505, -0.1063, -0.1133,  0.0044,
        -0.0594, -0.1706, -0.0939, -0.2215, -0.1898, -0.1633, -0.1392, -0.1972,
        -0.2543, -0.2492, -0.4687, -0.2963,  0.1701, -0.2645,  0.0683, -0.0919,
        -0.2511, -0.1671, -0.1702, -0.2557, -0.3989,  0.3339, -0.2546, -0.1336,
        -0.2646, -0.3442, -0.3565, -0.0617,  0.0895, -0.4250,  0.0139, -0.1640,
        -0.2702,  0.0451, -0.2449, -0.3333, -0.2510, -0.3047, -0.1033, -0.1439,
        -0.4394, -0.0879, -0.2787, -0.2830, -0.4820,  0.0207, -0.3283, -0.1913,
        -0.1663, -0.3521,  0.0464, -0.2658, -0.0933, -0.2481, -0.2193, -0.2626,
        -0.2300, -0.0724, -0.2238, -0.1333, -0.0233, -0.3063, -0.0561, -0.3565,
        -0.1646, -0.3751,  0.0344, -0.0384, -0.4091, -0.1677,  0.0162, -0.1891,
        -0.1063, -0.2227, -0.1167, -0.2174, -0.1212,  0.2051, -0.0725, -0.2967])), ('output_layer.0.weight', tensor([[-0.0811, -0.0224, -0.0068,  ...,  0.1630, -0.0252, -0.0263],
        [ 0.0567,  0.0092, -0.0069,  ..., -0.0399, -0.1529, -0.0362],
        [-0.2047,  0.0073, -0.0492,  ..., -0.0939,  0.2042, -0.1553],
        ...,
        [-0.2044, -0.0846, -0.0456,  ..., -0.0544,  0.1844, -0.0010],
        [ 0.1269, -0.0138, -0.0780,  ..., -0.0911, -0.0843, -0.4555],
        [ 0.1216,  0.5606,  0.7108,  ..., -0.1249, -0.2190, -0.0433]])), ('output_layer.0.bias', tensor([ 0.0315,  0.0889,  0.0548,  0.0628,  0.3102,  0.1619,  0.0595,  0.1100,
         0.4661,  0.0221,  0.1904,  0.2170,  0.0224,  0.3783,  0.1589,  0.0445,
         0.3438,  0.0879,  0.2409,  0.0356,  0.1842,  0.0321,  0.3229,  0.0350,
         0.0234,  0.0657,  0.0790,  0.0909,  0.0216,  0.0280,  0.0472,  0.1360,
        -0.0414,  0.0648,  0.0637,  0.0219,  0.0556,  0.1022,  0.4861,  0.3336,
         0.0567,  0.1675,  0.1745,  0.2907,  0.0709,  0.0492,  0.1231,  0.0941,
         0.0324,  0.0230,  0.0428,  0.0710,  0.0642,  0.2979,  0.0098,  0.0498,
         0.0198,  0.0294,  0.0260,  0.0512,  0.5024,  0.3316,  0.1190,  0.1986])), ('output_layer.3.weight', tensor([[ 3.8542e-02,  4.1568e-02, -6.5765e-03,  3.9963e-02,  2.4543e-02,
          5.4099e-03,  4.4740e-02,  4.1957e-02,  1.8754e-02,  4.7534e-02,
          5.4945e-03,  2.6323e-02, -4.3983e-02,  2.1272e-02,  3.4114e-02,
         -1.1169e-02,  6.5540e-03,  1.7874e-04,  8.2418e-03, -2.8900e-02,
          3.2689e-02,  5.8621e-03, -1.3144e-02, -4.0180e-02, -3.1087e-02,
          9.7820e-03,  2.1019e-02,  6.2646e-03,  2.8287e-02, -1.8742e-02,
         -3.2766e-02,  4.2790e-03,  4.9528e-04, -3.7554e-03,  4.8733e-02,
          3.9137e-02,  6.4570e-02,  4.2644e-02,  2.0894e-02,  2.1543e-02,
         -3.0744e-02, -8.8648e-03,  6.6173e-03,  2.3729e-02,  1.5992e-02,
         -3.2337e-02, -2.2076e-02,  3.9674e-02,  1.1522e-02, -4.1195e-02,
         -3.3034e-02,  3.8535e-02, -3.1596e-02,  2.3913e-02,  4.2726e-03,
         -1.6024e-02, -2.2968e-02,  4.8990e-02, -2.7767e-02,  6.4710e-02,
          2.0608e-02,  2.2660e-02,  6.1501e-03, -1.8628e-02],
        [-1.1236e-02,  1.2538e-02, -2.9963e-02,  9.5262e-03, -6.7745e-03,
         -2.6264e-02, -6.4253e-03,  8.3237e-03, -9.1152e-03,  1.8013e-02,
         -2.5592e-02, -5.7073e-03, -3.0108e-02, -7.4384e-03, -3.1905e-03,
          4.9515e-02, -2.7142e-02,  4.3524e-02, -2.4332e-02,  3.9136e-02,
         -1.6079e-03,  4.8429e-02,  3.6676e-02,  1.1717e-02,  4.0044e-02,
          4.4703e-02,  4.4622e-02, -3.3286e-02,  1.2153e-02,  3.0980e-02,
         -2.3535e-02, -2.6251e-02, -3.9515e-03, -3.5351e-02, -2.5681e-02,
          4.4534e-04, -3.1943e-03,  1.3631e-03, -1.0972e-02, -6.0970e-03,
          3.3964e-02,  3.6704e-02, -2.6545e-02, -5.9720e-03,  4.1354e-02,
          2.3411e-02,  3.4873e-02,  1.1778e-02,  5.2284e-02, -1.7430e-02,
          3.7272e-02,  9.4289e-03,  2.3784e-02, -5.6368e-03,  4.3576e-02,
          4.6759e-02,  3.4396e-02,  5.6809e-03,  4.4205e-02, -8.4051e-03,
         -1.2219e-02, -7.6317e-03, -2.5869e-02,  3.7573e-02],
        [ 6.8844e-02, -2.9726e-02,  4.1573e-02, -4.0079e-02, -2.1785e-02,
          1.8979e-03, -3.8868e-02, -2.9235e-02, -1.9870e-02,  5.0970e-02,
          3.9716e-03, -2.2032e-02,  2.9042e-02, -2.0968e-02, -2.4790e-02,
          7.7593e-03,  2.1763e-03, -3.2386e-03, -1.0003e-04,  1.4279e-02,
         -2.5300e-02, -9.9342e-04,  2.3064e-03,  2.8620e-02,  1.2120e-02,
         -3.5353e-03, -5.9489e-03,  5.0384e-03,  4.7530e-02, -1.2038e-02,
          4.1049e-02,  3.8470e-03,  1.6931e-04,  1.0153e-02, -1.3713e-02,
          5.7715e-02, -2.4740e-02, -2.6780e-02, -2.0898e-02, -2.1792e-02,
          2.6576e-03, -3.6156e-03,  3.1829e-04, -2.0470e-02, -1.9231e-03,
          2.3441e-02,  9.0944e-03, -2.6995e-02,  6.2532e-04,  4.0415e-02,
          5.3799e-03, -3.8934e-02,  1.4624e-02, -1.9452e-02,  4.9625e-02,
         -9.1776e-03,  4.3656e-02,  5.5320e-02,  8.3035e-03, -1.3543e-02,
         -1.9561e-02, -2.2506e-02,  2.3437e-03,  6.7969e-03],
        [-1.1273e-03, -2.8139e-03,  6.8211e-03,  1.1827e-03, -5.2525e-04,
         -1.2574e-03, -2.4855e-03, -6.2521e-04, -2.6113e-04, -4.3754e-04,
         -5.8593e-05,  9.7827e-04, -3.0598e-03,  2.1050e-04,  1.8969e-03,
         -5.9991e-03,  3.4864e-04, -4.8488e-03, -8.9921e-04, -2.1560e-03,
         -8.4895e-06,  7.3131e-03,  1.9622e-03, -4.1859e-03,  7.5797e-04,
          7.4739e-04, -1.0477e-04, -2.7785e-03,  5.9774e-03,  1.5440e-02,
          1.1852e-03, -1.2405e-03,  2.9933e-02, -3.1290e-03, -9.8624e-03,
          2.7028e-03, -5.0820e-03, -3.4927e-03,  4.2845e-04,  6.8219e-04,
         -2.5413e-04,  7.8053e-03, -1.4808e-03, -6.2185e-05, -2.1967e-03,
         -4.6116e-03, -6.1077e-03,  4.9116e-03, -2.4196e-03,  2.2765e-03,
         -2.4997e-03,  4.7805e-03, -5.1351e-04, -1.9553e-03, -1.9324e-04,
         -1.9782e-03,  8.0298e-04,  3.6235e-04,  3.1553e-03, -2.3489e-03,
         -1.2175e-03,  1.0595e-03, -5.2107e-04, -5.6041e-03]])), ('output_layer.3.bias', tensor([0.5104, 0.7177, 0.5677, 0.0034]))])
optimizer_state: dict = {'state': {0: {'step': tensor(59741.), 'exp_avg': tensor([ 2.9825e-08, -3.9350e-08, -3.1076e-08,  9.7188e-08, -1.2584e-06,
         1.1379e-06, -3.9096e-08, -2.9313e-09, -8.8918e-08,  3.6244e-08,
        -3.3167e-07,  9.3245e-08,  5.8239e-08, -3.0402e-06,  6.8365e-08,
         1.2320e-07, -3.9505e-07, -2.4600e-08,  3.4111e-07,  8.0880e-08,
        -2.3062e-07,  5.4527e-07,  2.8068e-07,  1.6073e-08, -3.2535e-08,
        -1.2104e-07, -8.5311e-07, -4.6337e-07, -3.1878e-07, -6.4527e-09,
        -1.3383e-06,  4.7199e-08, -1.1350e-07, -9.7048e-10,  1.0777e-07,
        -7.0630e-08, -2.2588e-08,  1.7699e-08, -8.7810e-09,  1.5694e-08,
         7.1812e-08,  9.8194e-08,  9.3470e-09, -4.3674e-08, -5.5340e-08,
        -4.1953e-07, -1.3613e-07, -1.2806e-09, -6.2032e-08, -2.7142e-08,
         2.8148e-07, -3.9504e-08,  4.8672e-08,  8.0251e-08, -3.9444e-08,
         4.5449e-07, -1.5868e-06, -3.1853e-07,  4.5578e-08, -4.2032e-07,
        -9.9446e-07, -1.7379e-07,  1.0347e-08,  4.6200e-07, -5.8884e-07,
        -2.9814e-07,  1.6601e-07,  4.1609e-07,  3.1448e-08,  3.6307e-08,
         6.8572e-06, -2.6859e-06, -5.9917e-08, -1.3485e-07,  1.2259e-07,
        -5.3383e-08, -6.0860e-08, -5.3984e-08,  3.9728e-08,  1.1697e-07,
        -5.4174e-07,  1.5386e-07,  3.8035e-08,  4.1442e-08,  5.0230e-07,
        -7.2124e-07, -6.1095e-07, -1.4928e-08, -2.5760e-08,  1.9368e-07,
         1.1425e-09,  4.5342e-08,  5.1244e-08, -3.4016e-09, -5.8631e-08,
         3.7936e-08, -8.8419e-07, -1.3486e-08, -1.8332e-07,  1.2235e-07,
        -1.8483e-08, -1.9184e-07, -1.5821e-07,  2.0741e-07, -3.0231e-08,
         6.7024e-08,  1.3949e-07,  3.2604e-07,  9.4033e-08,  2.0985e-08,
        -3.6791e-08, -5.4673e-08, -4.4273e-07,  2.9063e-07,  1.1941e-07,
         1.0528e-08, -2.9846e-06, -5.1047e-09,  1.5262e-07, -1.7109e-07,
         3.2557e-08, -4.5843e-08, -1.5456e-07,  7.4419e-09, -6.9181e-08,
        -1.0199e-07,  6.6569e-08, -9.4791e-08]), 'exp_avg_sq': tensor([1.0360e-13, 8.3771e-14, 4.3806e-13, 3.2131e-13, 1.5742e-11, 1.2205e-10,
        2.6619e-13, 1.5678e-13, 3.1509e-13, 5.2728e-14, 3.6571e-12, 2.4819e-13,
        9.7611e-14, 1.0553e-09, 3.2602e-13, 1.7335e-12, 6.6188e-10, 1.5391e-13,
        3.4826e-11, 1.7115e-13, 1.7042e-12, 1.9014e-11, 6.8107e-12, 1.0810e-13,
        2.7003e-13, 3.5765e-13, 8.0429e-12, 5.6319e-12, 1.3235e-12, 4.0516e-14,
        1.0313e-11, 1.0618e-13, 2.6316e-13, 9.0464e-14, 5.9443e-13, 1.8995e-13,
        8.3221e-14, 3.2883e-13, 9.2103e-14, 4.7975e-14, 1.0183e-13, 2.9701e-13,
        1.2687e-13, 5.4061e-14, 2.7131e-12, 2.9306e-08, 2.3068e-12, 2.9874e-14,
        9.1257e-13, 9.2249e-13, 1.2492e-12, 9.0234e-14, 3.6727e-13, 9.4948e-13,
        4.5741e-12, 1.0304e-10, 1.3077e-11, 8.3146e-12, 8.0302e-13, 1.4047e-11,
        4.4364e-11, 1.2787e-13, 2.2805e-13, 5.1461e-13, 4.4962e-11, 1.7071e-12,
        1.4297e-12, 6.5184e-12, 6.6004e-13, 3.5590e-13, 1.4706e-09, 1.1714e-09,
        8.3862e-14, 2.3699e-13, 3.3280e-13, 1.6011e-13, 9.0289e-12, 1.3257e-12,
        1.0112e-13, 1.6394e-13, 1.0495e-11, 8.8034e-09, 2.4916e-13, 4.9990e-14,
        4.1769e-12, 3.0413e-11, 6.6193e-12, 4.4956e-13, 2.8232e-13, 1.1866e-12,
        5.8287e-13, 1.5671e-14, 1.8929e-13, 2.3124e-14, 1.6014e-12, 1.0684e-13,
        3.2747e-11, 4.4978e-14, 2.5785e-13, 1.3153e-12, 1.6751e-13, 7.9572e-12,
        3.2811e-13, 1.6908e-11, 3.3203e-14, 7.2172e-14, 4.1747e-13, 1.1819e-12,
        2.4455e-13, 7.8926e-13, 4.5213e-13, 9.2182e-14, 1.7108e-11, 1.0994e-12,
        8.4285e-12, 4.6958e-12, 5.5321e-10, 2.3369e-13, 2.6252e-13, 2.5192e-13,
        9.6962e-14, 3.0527e-13, 6.6732e-12, 8.4000e-14, 2.7689e-12, 2.4458e-13,
        2.7416e-13, 9.5990e-12])}, 1: {'step': tensor(59741.), 'exp_avg': tensor([ 4.8598e-09,  2.1240e-10, -5.4566e-08,  3.6023e-09, -7.3478e-09,
        -3.8095e-09, -3.0580e-09, -8.0409e-09, -3.6541e-08, -8.8950e-10,
         7.2130e-08,  4.6059e-09, -2.6897e-09,  5.8618e-07,  4.5191e-08,
         3.2854e-09,  1.6815e-07, -1.0592e-08,  1.7400e-08, -3.1097e-09,
         3.1675e-09,  1.7511e-09,  2.3254e-08, -2.4494e-10, -4.9892e-08,
        -1.7878e-09, -1.0609e-07, -1.3422e-08,  1.3783e-07,  1.0107e-09,
         1.4407e-08, -1.0996e-08, -4.0069e-09, -4.4129e-08, -7.1038e-09,
         1.0711e-09, -2.8578e-09, -7.7640e-08,  6.9082e-09, -6.1375e-10,
         1.0551e-08, -1.8393e-10, -3.0351e-09,  9.6025e-10,  3.0259e-08,
         2.9332e-07,  1.3619e-07, -1.7080e-09,  1.7284e-08,  5.5545e-08,
         3.1496e-08, -1.7795e-09, -9.2312e-09,  4.7033e-10,  1.3602e-08,
         2.2402e-08, -8.2676e-07, -6.6548e-09,  1.0849e-07, -1.8597e-09,
        -2.8449e-08,  3.0184e-09,  8.8590e-09, -1.5144e-09, -1.3185e-08,
        -3.6122e-08, -4.0340e-08,  2.8476e-08, -5.4856e-08, -3.2180e-08,
        -8.0270e-09, -7.3706e-08,  8.8340e-09, -2.1638e-09, -8.3305e-08,
        -2.1692e-09, -2.4774e-08, -1.2096e-07,  2.1220e-09, -6.2977e-09,
        -9.2352e-09,  2.9002e-07, -2.6023e-10,  4.5726e-09, -2.8621e-09,
         1.6488e-07,  8.3840e-08, -4.9835e-09, -1.7560e-08,  5.2062e-09,
         3.7804e-10,  3.4784e-10,  3.9605e-08, -8.6659e-10, -1.3435e-08,
        -2.3539e-09, -1.0753e-07, -4.9226e-09,  1.3544e-08,  1.4970e-09,
        -5.0400e-09, -1.7594e-09,  1.7086e-10, -1.8189e-08,  2.9326e-08,
        -3.6661e-09, -6.2425e-08,  1.3133e-08, -9.1291e-09, -1.5015e-08,
         7.8525e-08,  3.5445e-09, -9.2157e-08, -8.1871e-08,  3.1708e-08,
        -6.6552e-08,  1.3054e-08,  1.0688e-08,  9.5223e-10,  1.6398e-09,
         1.4290e-09, -2.5685e-08,  6.5240e-09,  7.1536e-09, -1.7153e-10,
        -3.2521e-08,  1.1829e-08,  3.5267e-08]), 'exp_avg_sq': tensor([2.2841e-16, 5.0313e-16, 9.7992e-14, 2.1971e-15, 6.4642e-14, 5.7006e-13,
        1.9126e-15, 5.1868e-16, 9.1976e-14, 9.6664e-16, 3.4732e-14, 6.0546e-16,
        3.7909e-16, 4.4120e-12, 7.3381e-15, 1.2435e-15, 5.4152e-13, 2.0719e-15,
        9.3858e-15, 1.0169e-15, 1.4927e-15, 2.4380e-14, 3.9322e-15, 1.4241e-16,
        3.9825e-14, 3.9205e-16, 3.5506e-13, 1.4353e-14, 4.6151e-13, 1.9531e-16,
        5.5399e-15, 2.0761e-15, 1.0827e-15, 4.0734e-14, 3.6326e-14, 4.7838e-16,
        9.4955e-17, 4.8272e-14, 1.8819e-14, 1.0273e-16, 2.1061e-15, 3.0644e-16,
        1.5062e-15, 3.6654e-16, 2.4332e-14, 2.2499e-12, 4.4713e-13, 1.1706e-16,
        2.2043e-15, 9.4744e-14, 5.5219e-14, 4.5277e-16, 6.3832e-16, 6.9353e-14,
        7.0944e-14, 4.5466e-14, 6.6594e-12, 3.2933e-15, 5.3525e-14, 2.3441e-14,
        2.9296e-14, 9.8925e-15, 2.3379e-15, 3.0578e-16, 1.4220e-13, 1.4433e-14,
        2.4477e-14, 4.2691e-15, 1.8654e-14, 1.5732e-13, 1.1150e-13, 6.7750e-14,
        3.3457e-15, 8.3202e-16, 3.8818e-14, 5.9568e-15, 2.1102e-13, 1.2015e-13,
        2.8507e-16, 8.8284e-16, 3.4390e-15, 4.5195e-12, 4.0201e-16, 9.6012e-16,
        9.2074e-16, 2.0646e-13, 5.2540e-14, 2.0550e-14, 5.0731e-13, 9.7475e-15,
        2.5960e-15, 3.9281e-17, 6.3390e-15, 6.5834e-17, 3.5238e-14, 8.4923e-16,
        2.3547e-13, 6.2082e-16, 1.9468e-15, 2.9324e-16, 3.5710e-14, 1.0848e-14,
        5.5536e-16, 9.9889e-15, 4.3953e-15, 8.6105e-16, 1.3998e-13, 1.0305e-13,
        2.2910e-15, 8.8467e-16, 1.0065e-13, 2.0482e-16, 1.2161e-13, 9.0228e-14,
        8.5882e-14, 7.9744e-13, 4.8219e-14, 9.8258e-16, 2.2079e-15, 2.8686e-15,
        2.5275e-16, 4.7838e-14, 3.4735e-15, 1.1510e-13, 3.3913e-15, 9.0922e-15,
        3.7861e-13, 1.3237e-14])}, 2: {'step': tensor(59741.), 'exp_avg': tensor([ 1.0757e-07,  1.8122e-08,  2.5275e-08,  5.2679e-08,  8.2521e-07,
         2.7049e-07,  7.7353e-08,  1.4096e-07,  2.0519e-08,  1.2416e-08,
        -1.1820e-07, -1.0522e-07,  6.9496e-08,  7.7257e-08,  1.2746e-08,
        -1.6495e-07, -1.6101e-08,  2.5820e-08,  7.4667e-08,  3.5068e-08,
         7.3996e-08, -7.6191e-08, -6.3394e-08, -3.6322e-08,  1.0062e-07,
         7.8062e-09,  9.1435e-08,  1.0067e-07, -3.5560e-08, -1.9833e-08,
        -2.3978e-07,  1.3560e-07, -3.2546e-08,  7.5328e-08,  1.3132e-07,
         4.4658e-09,  1.1425e-08,  2.8295e-07, -1.3015e-07,  6.8957e-08,
        -1.3168e-07, -1.9819e-08,  9.1734e-08,  6.9725e-09, -4.5557e-07,
        -4.3528e-07, -1.1519e-07,  1.1695e-08,  2.6317e-07, -3.1418e-07,
        -1.1383e-07,  3.0147e-09,  1.1237e-07, -1.1275e-07, -1.9991e-07,
        -5.0428e-08, -2.9613e-06,  1.7955e-07,  9.7401e-08,  3.8955e-07,
        -1.2806e-07, -3.6436e-08, -3.5783e-08,  1.6264e-08, -1.2012e-06,
         3.7941e-07, -1.6215e-07,  7.2330e-08,  3.4105e-08, -8.9865e-07,
         1.2166e-06,  4.6328e-07, -3.4325e-08,  2.6628e-08, -5.9616e-08,
         2.3937e-08,  6.5734e-07,  8.4692e-08,  1.5349e-09,  4.7155e-08,
         2.6858e-07, -1.9490e-06,  3.2460e-08,  2.7900e-08, -1.4210e-07,
         6.9684e-08, -3.6969e-08,  1.6758e-07, -1.0530e-07, -7.5577e-09,
         1.5507e-08, -1.5425e-08,  1.3314e-07, -3.7365e-08, -2.0540e-07,
         1.4021e-08, -2.5868e-07, -3.6853e-08, -7.2731e-08, -7.8583e-09,
         1.2498e-07, -3.5320e-07, -8.0279e-08, -3.8897e-08, -2.6807e-08,
         1.2043e-07, -4.6957e-09, -1.7170e-07,  1.2438e-07,  1.1807e-07,
        -8.7497e-08, -2.1334e-08, -8.5814e-08,  2.9298e-07,  2.3405e-07,
        -1.0293e-07, -1.9725e-07, -4.9312e-08, -4.0613e-07, -2.2341e-08,
        -1.9522e-08, -1.4285e-07, -1.1333e-07,  1.7198e-07,  1.8671e-07,
        -1.6941e-07, -9.5285e-08,  2.8949e-07]), 'exp_avg_sq': tensor([9.7337e-14, 6.5841e-14, 1.6760e-13, 8.9784e-13, 6.2164e-11, 3.2233e-11,
        5.6593e-14, 2.5971e-13, 1.4266e-13, 4.7974e-14, 3.6737e-13, 2.9717e-13,
        7.8198e-14, 7.0258e-12, 1.4119e-13, 4.4093e-12, 5.9906e-12, 7.2746e-14,
        4.5186e-13, 3.1750e-13, 1.4609e-13, 8.9937e-12, 4.1909e-12, 2.8774e-14,
        1.0101e-13, 9.0612e-14, 2.1921e-11, 2.0854e-12, 1.3053e-13, 5.4306e-14,
        1.3928e-12, 2.1148e-13, 2.3325e-13, 1.1855e-13, 7.1941e-13, 5.6602e-14,
        1.6297e-14, 3.4007e-13, 2.8190e-13, 9.1729e-14, 9.5388e-14, 5.4191e-13,
        1.8575e-13, 8.3979e-14, 1.0872e-11, 1.4367e-10, 1.3260e-12, 3.1080e-14,
        1.6313e-12, 2.6178e-12, 3.7224e-12, 3.4375e-14, 1.3100e-13, 1.3114e-12,
        1.0412e-11, 7.9241e-11, 7.3265e-11, 2.1686e-11, 1.5564e-12, 4.9189e-11,
        8.5784e-13, 6.0145e-14, 5.9926e-14, 1.3543e-13, 7.3268e-12, 1.5845e-12,
        7.2851e-12, 5.2595e-13, 2.2644e-13, 1.8228e-11, 1.2904e-11, 2.9764e-10,
        1.0441e-13, 1.3928e-13, 1.2932e-12, 9.7095e-14, 1.6910e-11, 1.3109e-12,
        5.2929e-14, 3.7113e-13, 2.8763e-11, 8.0760e-10, 7.0850e-14, 3.6271e-14,
        1.1595e-11, 7.5461e-12, 6.2975e-13, 4.7119e-13, 2.5134e-13, 1.0699e-12,
        2.0497e-13, 1.6841e-14, 8.9024e-14, 2.0516e-14, 3.2936e-12, 3.2258e-13,
        2.5938e-11, 3.9063e-14, 3.5244e-14, 3.2373e-13, 2.2309e-13, 2.4797e-12,
        2.1312e-13, 2.2887e-13, 2.6607e-14, 1.6698e-13, 8.0815e-13, 6.9805e-12,
        1.3006e-13, 1.1721e-13, 3.6762e-13, 2.3509e-14, 2.3274e-12, 1.4069e-12,
        2.5946e-12, 9.7852e-12, 5.3639e-12, 9.0795e-14, 6.5875e-13, 4.5863e-14,
        1.2724e-13, 2.5521e-13, 2.9910e-12, 4.7516e-13, 6.4055e-13, 5.1224e-13,
        4.5126e-13, 3.2354e-12])}, 3: {'step': tensor(59741.), 'exp_avg': tensor([[ 1.0293e-08, -3.4331e-08,  8.7679e-09,  ...,  2.5048e-08,
         -5.7944e-08, -2.5824e-08],
        [-8.4494e-09, -2.9806e-08,  4.9198e-08,  ..., -4.5512e-09,
         -1.3438e-08, -2.3809e-08],
        [ 3.9196e-08,  7.5347e-09, -1.7949e-08,  ..., -3.4864e-08,
         -3.1820e-08, -1.0910e-07],
        ...,
        [ 4.3569e-08,  2.4323e-08,  6.5882e-08,  ..., -4.9779e-08,
         -1.8869e-09,  1.1852e-07],
        [ 1.0580e-07,  3.2152e-08,  6.9722e-08,  ..., -3.0367e-08,
          5.7672e-08, -6.6107e-08],
        [-3.0177e-08, -8.1520e-08, -6.0938e-08,  ...,  4.8675e-08,
         -4.5491e-08, -9.1634e-08]]), 'exp_avg_sq': tensor([[5.9221e-14, 2.2336e-14, 3.2528e-14,  ..., 3.9506e-14, 4.6713e-14,
         1.0393e-13],
        [2.9834e-14, 3.7200e-14, 2.9177e-14,  ..., 4.1195e-14, 4.4632e-14,
         9.4047e-14],
        [2.6718e-14, 1.6579e-14, 1.5202e-13,  ..., 2.6475e-14, 8.3480e-14,
         1.8354e-13],
        ...,
        [2.4319e-14, 1.6364e-14, 3.0391e-14,  ..., 5.6152e-14, 3.6917e-14,
         1.0391e-13],
        [6.3480e-14, 5.1416e-14, 3.8518e-14,  ..., 4.2620e-14, 1.7463e-13,
         1.6673e-13],
        [1.9874e-13, 5.9892e-14, 1.7125e-13,  ..., 1.2418e-13, 2.5374e-13,
         6.8761e-12]])}, 4: {'step': tensor(59741.), 'exp_avg': tensor([[-2.4540e-08, -1.0446e-06, -1.6798e-07,  1.4418e-08],
        [ 1.5113e-06,  2.1449e-06,  2.1355e-06,  1.1160e-08],
        [-1.9739e-07, -5.0113e-07, -6.2618e-07, -1.4719e-08],
        [ 1.7909e-06,  1.6026e-06,  1.5193e-06,  8.3343e-10],
        [-1.4249e-06, -4.9753e-06, -2.5289e-06,  1.8462e-08],
        [ 7.3851e-06,  6.8721e-06,  6.2184e-06, -1.4974e-08],
        [-7.5084e-07, -6.3993e-07, -3.4076e-07, -1.7338e-09],
        [-7.6464e-07, -5.3747e-07, -1.0774e-06,  4.0020e-09],
        [ 1.6702e-08, -7.1615e-08,  4.6193e-07, -2.5681e-09],
        [-1.0445e-07, -4.0905e-07, -3.3150e-07,  8.1184e-09],
        [ 1.1444e-06,  1.2469e-06,  2.7018e-07,  1.2875e-07],
        [ 3.1217e-07,  9.3035e-07,  8.6831e-07,  3.4324e-08],
        [ 8.9824e-07,  6.9148e-07,  1.2710e-06, -1.0416e-08],
        [ 2.3081e-05,  1.3714e-05,  1.3559e-05,  3.9389e-08],
        [ 1.2033e-06, -4.6175e-07, -5.1520e-07,  1.1890e-08],
        [-2.7775e-06, -2.0049e-06, -1.5519e-06, -1.2465e-07],
        [-5.5855e-07,  5.2995e-06,  8.9182e-07, -4.1150e-07],
        [-7.2772e-07, -1.2882e-06, -8.1458e-07,  2.5318e-08],
        [ 1.2776e-06,  4.0349e-06,  3.5952e-06, -2.1393e-08],
        [ 6.2168e-07,  5.0555e-07,  8.5979e-07,  3.1209e-09],
        [-1.8032e-06, -7.2637e-07, -2.0483e-07,  8.6551e-09],
        [-1.8724e-06, -2.5770e-06, -3.1053e-06,  1.3585e-08],
        [ 1.2247e-06,  5.4213e-07,  9.5464e-07, -5.4622e-08],
        [-6.3980e-07,  6.3250e-07,  3.0394e-07,  2.5379e-08],
        [-1.2884e-06, -3.5471e-07, -2.7742e-07,  1.9572e-09],
        [-1.2063e-06, -2.2581e-07, -2.8061e-07, -1.1010e-08],
        [-3.9206e-06, -2.6329e-06, -2.7934e-06, -6.1730e-09],
        [-5.4899e-06, -4.9889e-06, -4.6724e-06, -1.9331e-08],
        [-3.4103e-06, -5.4000e-06, -3.6197e-06, -1.8278e-08],
        [-4.0563e-07, -3.6841e-07, -4.8356e-07, -7.0946e-09],
        [-7.2055e-06, -1.0979e-05, -1.0779e-05, -7.6676e-09],
        [-2.1857e-07, -4.6898e-07, -3.4936e-07,  1.3695e-08],
        [ 1.4536e-07,  6.2898e-07,  9.4497e-07,  1.5246e-08],
        [ 5.0112e-08,  7.3221e-07,  9.8884e-07,  5.1215e-09],
        [-4.2164e-07, -8.6268e-07, -1.5490e-07,  2.1056e-08],
        [-4.7761e-07, -1.1377e-06, -1.6676e-06, -9.9159e-09],
        [ 1.4486e-06,  1.2925e-06,  1.3923e-06,  1.5312e-08],
        [-6.8819e-07, -6.8545e-07, -6.4819e-07, -4.3875e-09],
        [-4.2485e-07, -7.3922e-07, -3.3424e-07, -1.4589e-08],
        [ 2.1924e-07,  2.8249e-07,  2.2757e-07, -3.5954e-09],
        [-3.2058e-07, -9.2080e-07, -1.0303e-06,  5.1986e-09],
        [ 4.8726e-07,  1.4572e-06,  1.4288e-06,  1.4449e-08],
        [-6.7971e-07, -1.0516e-06, -4.6004e-07, -3.5829e-10],
        [-8.2982e-08,  2.0501e-07,  3.4550e-07,  1.6094e-08],
        [ 1.1565e-06,  7.0127e-07,  1.2227e-07, -5.2212e-09],
        [ 5.1977e-06,  6.4520e-06, -1.1534e-05, -3.6609e-07],
        [-7.1389e-07, -1.6362e-06,  9.4871e-08,  3.3678e-08],
        [ 1.3386e-06,  1.1380e-06,  1.0996e-06,  2.1028e-08],
        [-1.6223e-06, -8.3293e-07, -2.3005e-07,  6.0153e-09],
        [-1.8427e-08,  7.7678e-08,  5.9075e-07,  6.0386e-09],
        [ 1.0165e-06,  5.9320e-07,  8.3159e-07,  1.2875e-08],
        [ 3.0315e-07, -2.4116e-07, -5.1577e-07, -6.0719e-09],
        [-7.2101e-07, -4.6069e-08,  1.6545e-07,  1.5645e-08],
        [ 1.0209e-06,  1.9458e-06,  1.7572e-06,  1.1152e-08],
        [-6.5097e-07,  6.9834e-07, -1.2477e-06,  2.6170e-08],
        [-1.8276e-06, -1.7811e-06, -1.3312e-06,  1.1238e-07],
        [-8.3074e-07, -2.6890e-06, -4.4906e-06, -1.2557e-08],
        [-1.4162e-06, -1.2447e-06, -1.0546e-06,  8.9712e-09],
        [ 5.0726e-07,  1.3810e-06,  1.2158e-06,  6.4318e-09],
        [ 1.0930e-07,  1.5890e-06,  4.2918e-07,  5.2476e-08],
        [ 1.9344e-06,  3.7994e-06,  4.5752e-06,  1.3890e-07],
        [ 1.0104e-06, -3.4825e-08,  2.8600e-07,  1.4239e-08],
        [-1.2831e-07,  4.2481e-07,  8.8091e-07,  3.6834e-08],
        [-2.9644e-06, -4.7763e-06, -6.5017e-06,  6.4182e-09],
        [ 3.8228e-07,  4.3974e-06,  2.8411e-06,  3.8567e-08],
        [ 1.5634e-06,  3.2954e-06,  3.2271e-06, -5.9387e-08],
        [ 1.7175e-06,  1.7745e-06,  1.8318e-06, -1.1069e-08],
        [ 2.0759e-06,  2.0709e-06,  4.0081e-06,  6.6830e-08],
        [-1.8931e-06, -3.6007e-06, -2.6093e-06, -3.3242e-08],
        [ 3.7983e-07,  1.1105e-06,  5.0787e-07,  1.6850e-08],
        [-1.7001e-05, -3.3830e-05, -2.4472e-05, -4.5151e-08],
        [ 6.5948e-06,  1.3905e-05,  1.1590e-05, -3.1479e-07],
        [ 9.9374e-07,  5.7157e-09,  2.4978e-07,  1.3926e-08],
        [-1.3187e-06,  1.0987e-07, -1.8644e-09,  5.1835e-08],
        [ 3.5005e-07,  1.2538e-06,  1.1806e-06,  4.6050e-08],
        [-8.2794e-07, -4.5659e-07, -6.4400e-08,  9.2176e-09],
        [-1.3549e-06,  1.0519e-06, -5.4868e-07,  5.5338e-08],
        [-2.2787e-06, -3.1551e-06, -2.7963e-06,  1.7911e-08],
        [-6.8955e-07, -2.4277e-07, -8.1355e-08,  2.5900e-09],
        [ 7.2530e-07, -3.4196e-07,  2.2730e-07, -2.2207e-08],
        [-1.5074e-06, -4.4662e-06, -2.4128e-06, -1.9403e-08],
        [-1.7511e-06,  1.1473e-05, -2.5072e-06,  8.4350e-07],
        [-6.4039e-07, -9.7338e-07, -4.7573e-07,  4.6964e-08],
        [ 4.1575e-08, -3.3644e-07,  5.5950e-08, -8.1192e-09],
        [-3.3369e-06, -1.1807e-06, -1.4427e-06, -1.3202e-08],
        [-2.5350e-06,  1.4961e-06,  2.3721e-07,  9.0558e-08],
        [-5.6370e-06, -9.2964e-06, -5.6941e-06, -1.3172e-08],
        [ 4.5467e-07, -1.2789e-07, -2.0262e-07,  1.2610e-08],
        [ 1.5397e-06,  1.0176e-06,  9.2732e-07,  1.6242e-08],
        [-6.9804e-07, -9.2574e-07, -3.1303e-07,  2.9651e-09],
        [ 2.6033e-07, -3.1137e-07,  1.3721e-07,  6.1643e-08],
        [ 3.3601e-08,  8.1926e-07,  6.8558e-07,  6.4651e-09],
        [-1.4058e-07,  1.1118e-07,  4.4321e-07,  1.5158e-08],
        [ 1.2668e-07, -3.3695e-07,  1.3639e-07, -3.2981e-09],
        [-4.8577e-07, -1.2465e-07,  1.1061e-07,  1.6349e-08],
        [-1.5078e-08, -7.1736e-07,  1.5433e-07, -1.4720e-08],
        [-4.3864e-06, -4.3023e-06, -2.9398e-06,  2.8756e-08],
        [ 5.8015e-07, -8.5881e-08,  5.0804e-07,  4.9895e-09],
        [ 1.7137e-06,  4.7890e-07,  1.5109e-06, -2.9932e-08],
        [ 2.3860e-06,  2.1718e-06,  2.3421e-06,  1.3553e-08],
        [ 9.3016e-07,  6.5030e-07,  9.7695e-07, -5.2019e-09],
        [ 5.2636e-07,  1.5127e-06,  1.3633e-06, -4.5019e-08],
        [-8.1527e-08,  2.6469e-07,  2.9185e-07,  7.1067e-09],
        [-2.7989e-06, -3.8309e-06, -2.0717e-06, -9.6106e-08],
        [-1.4532e-08, -3.3426e-07,  2.9201e-07, -9.2017e-09],
        [-7.2689e-08,  2.6179e-07,  5.1114e-07,  3.7474e-09],
        [-7.5524e-07, -1.3782e-07, -4.2530e-09,  1.8174e-08],
        [ 1.0926e-06,  1.6125e-06,  1.5904e-06,  1.8818e-10],
        [-2.8962e-07,  5.6902e-07,  6.3573e-07,  2.2321e-08],
        [ 1.5373e-08,  1.7397e-07,  9.2681e-08, -1.5671e-08],
        [ 4.0417e-07,  2.4275e-07, -7.7368e-08,  5.1356e-09],
        [ 3.8055e-07, -3.7537e-07, -3.9697e-07, -7.7406e-10],
        [-3.1962e-07,  1.7249e-06,  2.3033e-06,  8.7867e-10],
        [ 1.1648e-06, -8.4712e-08,  9.0451e-07, -2.9231e-09],
        [-6.1996e-08, -1.5799e-06, -1.6127e-07, -1.4586e-07],
        [ 7.9161e-07, -4.1637e-07,  3.2818e-07, -1.6348e-08],
        [ 1.7380e-05,  1.7786e-05,  2.0867e-05, -4.9679e-07],
        [-2.2143e-07, -1.1343e-06, -6.4689e-07, -1.4927e-08],
        [ 8.5734e-07,  2.0704e-08,  3.9237e-07,  5.8853e-10],
        [ 2.7492e-07,  1.5918e-06,  1.3196e-06, -2.4083e-08],
        [ 9.9678e-07,  1.1519e-06,  1.2267e-06,  1.1713e-08],
        [ 7.5892e-08,  4.1752e-07,  5.9722e-07,  2.0776e-08],
        [ 1.5226e-06,  1.8850e-07,  9.1595e-07,  8.5197e-08],
        [-2.4717e-07, -2.9881e-07,  1.3226e-08,  1.0386e-09],
        [-4.6230e-06, -4.8876e-06, -3.5334e-06, -1.1790e-08],
        [-6.7065e-07,  9.1188e-09,  2.9637e-07,  4.5739e-09],
        [ 1.1198e-06,  2.0839e-06,  1.7278e-06,  4.2007e-08],
        [-2.5802e-07, -1.2714e-06, -5.9077e-07, -5.2593e-08]]), 'exp_avg_sq': tensor([[3.0185e-11, 4.3970e-11, 2.8567e-11, 3.8711e-14],
        [3.1653e-11, 3.5208e-11, 2.7166e-11, 1.1969e-14],
        [4.5206e-11, 1.0838e-10, 7.4342e-11, 1.5011e-14],
        [3.4681e-11, 5.5799e-11, 3.7406e-11, 1.1815e-14],
        [1.8827e-10, 5.3811e-10, 2.7532e-10, 8.8557e-15],
        [2.1124e-09, 2.1669e-09, 1.6362e-09, 3.0392e-14],
        [4.3782e-11, 3.7551e-11, 2.9254e-11, 7.1712e-15],
        [3.1956e-11, 5.8413e-11, 4.2523e-11, 1.7005e-14],
        [4.2738e-11, 5.2082e-11, 3.6919e-11, 7.3632e-15],
        [2.3466e-11, 3.7191e-11, 2.7580e-11, 6.6786e-15],
        [2.4013e-10, 6.3294e-10, 4.1313e-10, 1.0643e-13],
        [2.9217e-11, 6.6062e-11, 3.8030e-11, 1.8853e-14],
        [2.5297e-11, 3.3520e-11, 2.2720e-11, 7.1816e-15],
        [1.5670e-08, 4.4441e-09, 6.5731e-09, 6.9181e-14],
        [4.8900e-11, 8.3775e-11, 5.7003e-11, 1.0720e-14],
        [7.8882e-11, 2.5521e-10, 1.2573e-10, 6.0611e-14],
        [1.9266e-08, 2.4488e-08, 1.3198e-08, 4.0369e-12],
        [2.8645e-11, 3.2207e-11, 2.5445e-11, 7.9171e-15],
        [4.5041e-10, 2.1611e-09, 1.6691e-09, 2.6749e-13],
        [2.6089e-11, 2.5682e-11, 2.4076e-11, 1.4640e-14],
        [1.9655e-10, 1.1261e-10, 1.2555e-10, 1.2909e-14],
        [5.9134e-10, 8.2458e-10, 6.0119e-10, 1.7226e-14],
        [3.2328e-10, 2.6727e-10, 1.8864e-10, 5.1682e-14],
        [3.0610e-11, 5.8769e-11, 3.4837e-11, 1.6078e-14],
        [3.3283e-11, 5.3535e-11, 3.6909e-11, 1.7185e-14],
        [7.1459e-11, 4.7778e-11, 5.0696e-11, 4.8722e-15],
        [1.0644e-10, 5.3317e-11, 5.8526e-11, 6.7109e-15],
        [3.0265e-10, 2.2653e-10, 1.7751e-10, 1.0411e-14],
        [1.0739e-10, 1.8581e-10, 1.3886e-10, 2.1474e-14],
        [2.1032e-11, 3.5029e-11, 2.2864e-11, 9.2604e-15],
        [3.5572e-10, 1.1146e-09, 7.6620e-10, 1.1535e-14],
        [1.5702e-11, 2.7929e-11, 1.7935e-11, 1.1238e-14],
        [3.9940e-11, 3.4670e-11, 2.8815e-11, 5.9971e-15],
        [3.8887e-11, 4.8062e-11, 3.6233e-11, 7.3656e-15],
        [4.9679e-11, 9.0077e-11, 4.9201e-11, 8.2044e-15],
        [2.8959e-11, 9.3155e-11, 8.7922e-11, 9.2322e-15],
        [4.4545e-11, 7.3060e-11, 4.7976e-11, 1.0896e-14],
        [4.3771e-11, 6.1960e-11, 4.4490e-11, 1.2853e-14],
        [2.0957e-11, 3.3896e-11, 2.4463e-11, 7.7009e-15],
        [2.4442e-11, 4.5137e-11, 2.8268e-11, 1.1034e-14],
        [2.9338e-11, 6.4912e-11, 4.4331e-11, 8.0144e-15],
        [3.2564e-11, 7.2209e-11, 4.1382e-11, 1.9327e-14],
        [2.3748e-11, 3.4276e-11, 2.3814e-11, 8.4696e-15],
        [1.5585e-11, 2.7513e-11, 1.9147e-11, 3.8280e-15],
        [5.8222e-11, 1.1891e-10, 8.4544e-11, 1.6395e-14],
        [2.4333e-07, 5.1550e-07, 3.0673e-07, 4.8790e-11],
        [7.9263e-11, 2.7426e-10, 1.4446e-10, 7.8132e-14],
        [1.8269e-11, 3.3381e-11, 2.2292e-11, 6.1956e-15],
        [5.1029e-11, 8.6961e-11, 7.5754e-11, 5.4742e-15],
        [7.1455e-11, 6.4031e-11, 4.5972e-11, 7.5498e-15],
        [7.2286e-11, 1.2112e-10, 6.8276e-11, 1.6410e-14],
        [2.8493e-11, 6.9126e-11, 5.7621e-11, 7.6421e-15],
        [7.1597e-11, 6.7113e-11, 6.4294e-11, 6.2423e-15],
        [5.0968e-11, 1.2118e-10, 1.0890e-10, 9.1994e-15],
        [1.4221e-10, 2.6750e-10, 1.7023e-10, 3.4542e-14],
        [1.3626e-09, 1.7923e-09, 1.2746e-09, 2.4846e-13],
        [1.0452e-10, 2.9817e-10, 2.5308e-10, 3.2121e-14],
        [1.1870e-10, 5.9821e-11, 7.2068e-11, 6.7974e-14],
        [6.6956e-11, 1.5165e-10, 7.9462e-11, 6.2005e-14],
        [1.0331e-10, 2.0709e-10, 1.1912e-10, 2.2746e-14],
        [3.6489e-10, 1.9018e-09, 1.7390e-09, 1.8174e-13],
        [3.1834e-11, 5.3632e-11, 3.3000e-11, 1.7798e-14],
        [7.2392e-11, 5.2230e-11, 4.5416e-11, 1.1574e-14],
        [4.5645e-11, 1.1604e-10, 1.3961e-10, 9.5625e-15],
        [1.5023e-09, 2.5695e-09, 1.5670e-09, 3.0055e-13],
        [6.0171e-11, 1.5578e-10, 1.1126e-10, 1.0175e-13],
        [5.0084e-11, 6.4818e-11, 4.7279e-11, 9.6640e-15],
        [1.8957e-10, 5.6347e-10, 4.4092e-10, 5.8639e-14],
        [4.9793e-11, 9.7823e-11, 6.6127e-11, 1.9748e-14],
        [3.4448e-11, 4.5626e-11, 2.7560e-11, 1.2357e-14],
        [1.3782e-08, 3.5582e-08, 2.0767e-08, 2.2698e-12],
        [1.2195e-08, 2.2805e-08, 1.4633e-08, 2.7936e-12],
        [2.3046e-11, 3.8874e-11, 2.5195e-11, 1.4615e-14],
        [3.3605e-11, 4.4342e-11, 3.0967e-11, 9.8094e-15],
        [2.8798e-11, 6.4474e-11, 4.3444e-11, 1.8481e-14],
        [5.4380e-11, 4.9550e-11, 4.4150e-11, 5.0954e-15],
        [2.2471e-10, 2.8353e-10, 2.0147e-10, 6.5454e-14],
        [8.6628e-11, 1.7497e-10, 8.7826e-11, 1.2726e-14],
        [3.8797e-11, 5.8858e-11, 4.2536e-11, 1.0572e-14],
        [3.4206e-11, 6.6234e-11, 4.3470e-11, 7.1408e-15],
        [1.6484e-10, 6.5808e-10, 3.8578e-10, 3.4568e-13],
        [6.2866e-08, 1.3028e-07, 8.2305e-08, 1.1396e-11],
        [5.3167e-11, 8.5346e-11, 5.5104e-11, 2.9483e-14],
        [2.4494e-11, 4.1913e-11, 2.9182e-11, 5.3533e-15],
        [1.6902e-10, 1.1965e-10, 1.4396e-10, 7.1258e-14],
        [6.3424e-10, 1.1797e-09, 6.3454e-10, 1.7749e-13],
        [2.4658e-10, 7.8179e-10, 4.7490e-10, 1.9234e-13],
        [2.5424e-11, 4.9530e-11, 3.6971e-11, 1.0884e-14],
        [5.5137e-11, 1.2007e-10, 6.6687e-11, 2.4033e-14],
        [8.8550e-11, 7.9512e-11, 5.9697e-11, 5.7092e-15],
        [7.2496e-11, 8.9225e-11, 4.9697e-11, 4.3493e-14],
        [3.2329e-11, 5.5517e-11, 3.5911e-11, 7.2174e-15],
        [3.5890e-11, 5.1751e-11, 3.7907e-11, 1.0557e-14],
        [2.6190e-11, 4.6545e-11, 2.9020e-11, 7.1346e-15],
        [7.5166e-11, 1.1357e-10, 8.7270e-11, 2.8369e-14],
        [2.3251e-11, 3.7350e-11, 2.4833e-11, 1.1770e-14],
        [4.3399e-10, 6.0267e-10, 4.0375e-10, 1.8193e-14],
        [1.4970e-11, 2.0258e-11, 1.7077e-11, 6.4685e-15],
        [7.7165e-11, 8.5926e-11, 5.8828e-11, 1.8959e-14],
        [9.9986e-11, 2.1446e-10, 2.1835e-10, 2.5265e-14],
        [3.1857e-11, 5.5598e-11, 3.3757e-11, 9.4524e-15],
        [1.8214e-10, 4.9676e-10, 1.9744e-10, 4.6401e-13],
        [2.8298e-11, 5.4122e-11, 3.2113e-11, 7.5600e-14],
        [6.0979e-10, 3.1086e-09, 2.0712e-09, 3.3659e-13],
        [1.7816e-11, 3.3153e-11, 2.2319e-11, 4.6013e-15],
        [1.8665e-11, 3.2730e-11, 2.1339e-11, 6.3096e-15],
        [5.1821e-11, 9.6559e-11, 5.9477e-11, 2.1211e-14],
        [4.7065e-11, 8.9341e-11, 5.5606e-11, 1.0040e-14],
        [6.6590e-11, 6.3649e-11, 5.0331e-11, 1.1358e-14],
        [1.1300e-10, 6.2829e-11, 6.3140e-11, 2.9309e-14],
        [4.7923e-11, 1.1036e-10, 8.0390e-11, 1.9048e-14],
        [2.8930e-11, 6.9977e-11, 6.0975e-11, 1.0574e-14],
        [7.9764e-10, 9.9329e-10, 4.8037e-10, 7.5696e-14],
        [4.8119e-11, 7.2274e-11, 4.5964e-11, 1.7759e-14],
        [3.6488e-10, 7.5812e-10, 3.4872e-10, 2.2055e-13],
        [2.4329e-10, 2.2432e-10, 1.3914e-10, 4.6341e-14],
        [2.0462e-08, 4.0113e-08, 2.6226e-08, 5.6317e-12],
        [3.7600e-11, 4.7891e-11, 4.7452e-11, 1.5779e-14],
        [3.5377e-11, 5.6459e-11, 3.5897e-11, 8.6584e-15],
        [3.9410e-11, 8.4475e-11, 4.8657e-11, 1.8693e-14],
        [2.1894e-11, 3.2974e-11, 2.4638e-11, 4.8728e-15],
        [3.1753e-11, 7.1507e-11, 4.4324e-11, 8.7168e-15],
        [2.8889e-10, 3.5024e-10, 2.1429e-10, 7.0460e-13],
        [1.7485e-11, 3.8419e-11, 2.2235e-11, 8.2154e-15],
        [1.3848e-10, 2.1410e-10, 1.8901e-10, 1.4071e-14],
        [2.6686e-11, 4.1591e-11, 2.8055e-11, 5.4256e-15],
        [3.1128e-11, 5.1511e-11, 3.2044e-11, 1.1669e-14],
        [3.9212e-10, 5.6521e-10, 2.3606e-10, 3.8993e-13]])}, 5: {'step': tensor(59741.), 'exp_avg': tensor([-4.4139e-07,  3.4539e-06, -7.8162e-07,  3.0529e-06, -4.3773e-06,
         1.1906e-05, -8.2482e-07, -1.6136e-06,  5.2753e-07, -5.9654e-07,
         1.0688e-06,  1.2726e-06,  1.8930e-06,  2.9988e-05,  1.1967e-07,
        -3.6886e-06,  7.3238e-07, -1.4313e-06,  5.0976e-06,  1.3146e-06,
        -1.5924e-06, -4.6790e-06,  1.4318e-06,  2.9931e-08, -1.2699e-06,
        -1.1474e-06, -5.6604e-06, -9.0357e-06, -6.7105e-06, -7.6011e-07,
        -1.7008e-05, -5.1635e-07,  1.0951e-06,  1.0255e-06, -7.3170e-07,
        -2.0970e-06,  2.4348e-06, -1.3127e-06, -6.9208e-07,  5.1689e-07,
        -1.3948e-06,  2.2158e-06, -9.6325e-07,  3.0819e-07,  9.6914e-07,
         5.1207e-07, -6.5063e-07,  2.0729e-06, -1.5269e-06,  4.5656e-07,
         1.4774e-06, -3.8931e-07, -2.7451e-07,  2.5503e-06, -1.5106e-06,
        -3.0919e-06, -5.1198e-06, -2.3383e-06,  1.5869e-06,  9.9533e-07,
         6.8774e-06,  1.2767e-06,  8.7243e-07, -9.0310e-06,  3.6506e-06,
         4.7046e-06,  2.9313e-06,  5.8542e-06, -4.2187e-06,  9.4401e-07,
        -4.1063e-05,  1.7084e-05,  1.0065e-06, -7.7095e-07,  1.4661e-06,
        -6.8977e-07, -1.2552e-06, -4.7979e-06, -6.7894e-07,  6.4943e-07,
        -3.7840e-06, -5.6191e-06, -1.1044e-06,  6.4076e-11, -3.7009e-06,
        -1.4794e-06, -1.0352e-05,  5.4642e-08,  2.0331e-06, -1.1583e-06,
         2.6342e-07,  9.8091e-07,  4.1357e-07,  1.0529e-07, -1.7685e-07,
        -1.0022e-07, -6.6165e-06,  8.1034e-07,  2.5100e-06,  4.3859e-06,
         1.7011e-06,  1.6337e-06,  3.4256e-07, -3.7318e-06,  1.6514e-07,
         4.7134e-07, -3.1768e-07,  2.3774e-06,  5.7370e-07,  3.1124e-07,
         1.6939e-07, -2.6747e-07,  2.0985e-06,  1.3633e-06, -6.1922e-07,
         6.8598e-07,  3.5504e-05, -1.1144e-06,  1.0144e-06,  1.8377e-06,
         1.9805e-06,  4.9570e-07,  1.7813e-06, -1.8006e-07, -7.3554e-06,
        -2.6487e-07,  2.7698e-06, -7.3647e-07]), 'exp_avg_sq': tensor([9.3497e-11, 9.2318e-11, 1.9623e-10, 1.1571e-10, 8.3391e-10, 5.3911e-09,
        1.0620e-10, 1.1932e-10, 1.2514e-10, 8.0799e-11, 1.0774e-09, 1.1164e-10,
        7.4615e-11, 2.9141e-08, 1.7112e-10, 3.5955e-10, 5.0745e-08, 8.6234e-11,
        3.5352e-09, 7.4883e-11, 4.4949e-10, 1.8187e-09, 7.3055e-10, 1.1079e-10,
        1.1005e-10, 1.7239e-10, 2.2193e-10, 6.8305e-10, 3.9348e-10, 7.4118e-11,
        1.9266e-09, 5.4535e-11, 9.9067e-11, 1.1406e-10, 1.6664e-10, 1.8753e-10,
        1.5171e-10, 1.3823e-10, 7.1245e-11, 9.0424e-11, 1.2241e-10, 1.2613e-10,
        7.4756e-11, 5.5536e-11, 2.3924e-10, 9.1732e-07, 4.0430e-10, 6.9992e-11,
        1.9202e-10, 1.7430e-10, 2.2615e-10, 1.3942e-10, 1.9788e-10, 2.5615e-10,
        5.1849e-10, 4.0925e-09, 5.7913e-10, 2.6130e-10, 2.4481e-10, 3.8753e-10,
        3.4395e-09, 1.0950e-10, 1.6772e-10, 2.9060e-10, 5.0436e-09, 2.8041e-10,
        1.4862e-10, 1.0747e-09, 1.8905e-10, 9.8018e-11, 5.9647e-08, 4.4595e-08,
        7.7428e-11, 9.8253e-11, 1.1485e-10, 1.4430e-10, 6.4599e-10, 2.9300e-10,
        1.3224e-10, 1.2405e-10, 9.3914e-10, 2.4021e-07, 1.7105e-10, 8.6143e-11,
        4.2291e-10, 2.1123e-09, 1.2207e-09, 1.0245e-10, 2.0332e-10, 2.2041e-10,
        2.0438e-10, 1.1261e-10, 1.1529e-10, 8.9873e-11, 2.4786e-10, 7.5929e-11,
        1.3158e-09, 4.9992e-11, 2.0539e-10, 5.1162e-10, 1.0627e-10, 7.2596e-10,
        9.7448e-11, 4.5734e-09, 6.4182e-11, 6.4100e-11, 1.8279e-10, 1.6743e-10,
        1.7217e-10, 2.4258e-10, 2.0659e-10, 1.4428e-10, 2.1237e-09, 1.4995e-10,
        1.2180e-09, 5.7801e-10, 7.6009e-08, 1.2649e-10, 1.1543e-10, 1.4698e-10,
        7.3755e-11, 1.2451e-10, 8.0409e-10, 6.8821e-11, 5.2239e-10, 8.5375e-11,
        1.0078e-10, 1.0820e-09])}, 6: {'step': tensor(59741.), 'exp_avg': tensor([ 4.4064e-08, -1.7879e-08, -1.0922e-07,  3.9245e-08,  1.5679e-07,
        -2.2514e-07, -1.1568e-07, -6.7400e-08,  4.7189e-08, -5.7253e-08,
         1.9443e-08,  1.5937e-09, -1.6956e-08,  3.1269e-08,  6.9592e-08,
         6.1327e-09, -6.9165e-08,  4.6830e-08,  6.7345e-08, -1.1477e-08,
         1.0924e-08, -5.0867e-08,  3.5773e-08,  3.2174e-08,  2.1029e-08,
        -5.9701e-08,  7.4019e-08,  4.2240e-08,  1.4685e-08, -5.2584e-08,
         2.4566e-08,  2.0936e-09,  8.5510e-09,  2.0755e-08,  3.4303e-08,
         9.5208e-08, -5.7208e-09,  4.5609e-08, -7.3659e-08, -1.8083e-08,
         3.6674e-08,  8.4219e-09,  1.5850e-08,  1.1218e-08,  8.6139e-08,
        -8.2243e-07, -8.2856e-08, -2.1556e-08, -8.4612e-09, -8.7158e-08,
         7.4738e-08,  4.7756e-08, -5.3409e-08,  1.1177e-07, -1.1458e-07,
        -1.0605e-08, -6.0813e-07, -2.6704e-08,  7.4030e-09, -9.5339e-08,
         2.0881e-08, -1.0099e-07, -1.2474e-08,  1.0889e-07,  4.9209e-08,
        -1.1322e-07,  4.7628e-08, -8.4398e-08,  1.5139e-08, -6.4808e-09,
         4.1894e-08, -9.5787e-08,  1.2457e-07,  1.3363e-08, -3.1907e-08,
        -8.7221e-08,  7.3080e-08,  7.2160e-08, -1.7030e-09, -4.2374e-08,
         9.0481e-08,  2.0515e-07, -5.0689e-08, -2.6232e-08,  4.9022e-08,
         1.3349e-07, -1.0140e-07,  5.8124e-08, -7.3548e-09, -2.0947e-08,
        -4.0503e-08, -2.3625e-08, -6.9220e-08, -4.5850e-08, -6.5969e-08,
         3.0438e-09,  9.3162e-08,  4.9791e-08,  4.1587e-09, -1.2995e-08,
        -1.4821e-08,  7.1778e-08,  1.7799e-08, -6.6745e-08,  4.6815e-08,
         3.3589e-08,  5.1012e-08, -8.1513e-09, -3.0949e-09,  2.2841e-08,
        -2.7441e-08,  4.9219e-08, -7.4654e-08,  5.7738e-08, -2.6557e-08,
        -7.2827e-08, -8.3199e-08, -3.4252e-08,  5.0216e-08,  5.3567e-09,
         1.3147e-08,  9.1570e-08,  1.1328e-08,  1.8090e-07, -2.8356e-08,
         5.6850e-08, -6.1001e-08, -2.7905e-08]), 'exp_avg_sq': tensor([3.8295e-14, 4.1293e-14, 1.3451e-13, 5.3293e-14, 1.9160e-13, 1.4009e-12,
        7.1990e-14, 4.9894e-14, 1.2908e-13, 2.8503e-14, 8.3970e-14, 7.4665e-14,
        9.2596e-14, 1.0255e-11, 9.7137e-14, 2.9100e-14, 1.8681e-13, 1.3732e-14,
        6.8322e-14, 4.2966e-14, 1.2426e-13, 1.8438e-13, 2.4005e-13, 3.1532e-14,
        3.5125e-14, 7.8787e-14, 1.6398e-13, 1.2849e-13, 6.7498e-14, 1.8827e-14,
        6.6832e-14, 9.7488e-14, 4.5750e-14, 1.5387e-14, 4.2152e-14, 8.5870e-14,
        5.6916e-15, 3.3850e-14, 4.0340e-14, 1.9095e-14, 1.4699e-14, 4.9596e-14,
        6.1819e-14, 2.9199e-14, 1.2090e-13, 3.6906e-12, 3.5782e-13, 1.8619e-14,
        6.7026e-14, 8.1786e-14, 1.3450e-13, 3.6561e-14, 9.0920e-14, 1.9653e-13,
        2.1704e-13, 1.7650e-13, 2.5033e-12, 4.9472e-14, 4.2765e-14, 6.9334e-13,
        5.2110e-14, 8.1094e-14, 3.7763e-14, 1.0968e-13, 7.1653e-13, 8.6837e-14,
        3.4656e-14, 4.1089e-14, 1.4641e-13, 3.4584e-13, 2.6326e-12, 2.8745e-13,
        5.7266e-14, 1.9081e-14, 7.0754e-14, 7.8886e-14, 2.0648e-13, 1.5288e-13,
        3.6195e-14, 1.9714e-14, 3.4362e-14, 5.1698e-13, 8.4162e-14, 1.1128e-14,
        1.0085e-13, 1.5968e-13, 6.0874e-14, 6.4318e-14, 6.7830e-14, 9.1015e-14,
        7.7758e-14, 2.3863e-14, 1.1235e-13, 1.3622e-14, 2.7176e-13, 2.8954e-14,
        2.9474e-13, 1.9117e-14, 3.2709e-14, 1.2544e-13, 1.3951e-13, 3.6130e-14,
        3.9771e-14, 1.5490e-13, 5.1563e-14, 7.5379e-14, 4.2161e-14, 7.4769e-14,
        4.5416e-14, 7.9404e-14, 1.4956e-13, 2.2050e-14, 1.4384e-13, 7.7742e-14,
        6.7794e-14, 1.8834e-13, 3.2413e-13, 5.0968e-14, 4.8003e-14, 1.9331e-14,
        5.6479e-14, 5.2364e-14, 7.0262e-14, 2.0867e-13, 8.4233e-14, 1.1127e-13,
        1.4871e-13, 5.7320e-14])}, 7: {'step': tensor(59741.), 'exp_avg': tensor([-3.6000e-08,  7.9882e-08, -9.3224e-08,  5.8666e-08, -1.0531e-07,
         2.4038e-07, -6.1533e-08, -8.0287e-08, -6.4087e-08, -7.3999e-08,
         4.8406e-08,  1.4465e-08,  2.0573e-09,  4.4223e-07, -6.3114e-08,
        -1.1125e-07, -6.6656e-08, -1.9921e-08,  9.7277e-08,  5.1308e-08,
        -7.9260e-08, -1.6722e-07,  4.2088e-08, -1.4830e-08, -4.5917e-08,
        -5.2446e-08, -1.8081e-07, -2.7172e-07, -1.3648e-07, -3.7137e-08,
        -3.4544e-07, -5.8865e-08,  2.6506e-08,  2.1903e-08, -2.7371e-09,
        -1.1161e-07,  2.0977e-08, -4.8033e-08, -5.9970e-08, -1.3880e-08,
        -9.9799e-08,  5.1811e-08, -9.2614e-08, -3.3282e-08,  2.7155e-10,
        -9.6646e-08, -1.8686e-09,  4.1904e-08, -2.9542e-08,  8.8203e-09,
         4.8326e-08, -7.7325e-08, -4.8073e-08,  6.1388e-08, -1.1182e-07,
        -9.6031e-08, -2.8847e-07, -6.7389e-08,  7.4161e-09,  5.0958e-08,
         1.0016e-07,  1.6842e-08,  2.6737e-09, -3.4942e-07,  1.0029e-07,
         9.5556e-08,  3.7026e-08,  1.1534e-07, -1.4067e-07,  4.2251e-08,
        -8.7510e-07,  2.4137e-07,  3.3360e-08, -9.2741e-09,  1.7321e-08,
        -4.7751e-08, -1.1403e-07, -1.8343e-07, -3.9551e-09, -2.3926e-08,
        -7.5727e-08, -3.1427e-08, -9.2617e-08, -3.0757e-08, -1.1324e-07,
        -4.0626e-08, -1.8892e-07, -1.8273e-08,  1.6215e-08, -6.8384e-08,
        -3.9816e-08,  3.9102e-09, -1.9412e-08, -2.4462e-08, -2.6487e-09,
        -3.8848e-08, -2.2303e-07,  2.6472e-08, -9.6832e-09,  4.6869e-09,
        -1.3222e-08,  3.5418e-08,  1.3223e-08, -1.2924e-07, -8.8703e-08,
        -3.3921e-08,  3.4375e-08,  3.6007e-08, -3.0596e-08, -3.9400e-08,
        -3.2338e-08, -3.9941e-08, -1.0926e-08,  4.0711e-08, -5.7100e-08,
        -8.1023e-08,  3.5115e-07, -8.2044e-08,  1.9174e-08,  3.4273e-08,
         1.8709e-08, -1.0777e-08,  9.4643e-09, -5.3575e-08, -1.4500e-07,
        -4.5682e-08,  1.5755e-07, -5.0572e-08]), 'exp_avg_sq': tensor([7.7567e-14, 1.7008e-13, 1.8514e-13, 7.4226e-14, 3.2100e-13, 3.3838e-12,
        2.8313e-13, 9.5877e-14, 1.4496e-13, 1.8184e-13, 3.1112e-13, 3.7739e-13,
        1.6823e-13, 1.6125e-11, 2.7011e-13, 1.2425e-13, 5.1802e-12, 4.8451e-14,
        5.9811e-13, 1.7503e-13, 3.6756e-13, 6.1704e-13, 5.2042e-13, 7.7069e-14,
        6.3417e-14, 1.7492e-13, 1.6499e-13, 5.0073e-13, 1.6102e-13, 4.7902e-14,
        7.2069e-13, 3.4919e-13, 2.1824e-13, 6.3360e-14, 6.7119e-14, 2.3026e-13,
        2.9765e-14, 6.1585e-14, 1.5211e-13, 4.1360e-14, 8.0722e-14, 1.5334e-13,
        2.5722e-13, 9.2861e-14, 1.4671e-13, 2.1327e-10, 4.9851e-13, 7.6582e-14,
        1.2678e-13, 2.6641e-13, 1.7417e-13, 1.2458e-13, 2.8337e-13, 2.8804e-13,
        6.5899e-13, 2.5490e-12, 7.7628e-13, 1.3935e-13, 1.6266e-13, 5.0435e-13,
        5.7805e-13, 1.5615e-13, 1.8342e-13, 3.2979e-13, 4.3089e-12, 2.0200e-13,
        5.3694e-14, 2.0846e-13, 2.4685e-13, 1.9543e-13, 1.4836e-11, 6.0518e-12,
        9.8472e-14, 5.2077e-14, 6.5551e-14, 2.5624e-13, 6.1557e-13, 2.4573e-13,
        7.2551e-14, 7.2912e-14, 3.8440e-13, 3.1976e-11, 1.7171e-13, 6.3676e-14,
        2.2772e-13, 7.3267e-13, 3.8891e-13, 1.0125e-13, 1.1280e-13, 1.3383e-13,
        1.5677e-13, 4.7274e-14, 3.7100e-13, 3.8993e-14, 2.1429e-13, 5.6047e-14,
        6.9939e-13, 6.1710e-14, 6.9739e-14, 3.3192e-13, 1.4140e-13, 2.2691e-13,
        7.6579e-14, 2.6687e-12, 2.9109e-13, 2.0374e-13, 7.3749e-14, 9.2941e-14,
        1.6692e-13, 3.1771e-13, 2.7006e-13, 8.0088e-14, 1.1077e-12, 1.2604e-13,
        3.4016e-13, 4.4204e-13, 1.1189e-11, 1.7995e-13, 7.8704e-14, 4.8064e-14,
        1.4541e-13, 1.0802e-13, 3.2771e-13, 3.3009e-13, 2.3177e-13, 1.2102e-13,
        1.4561e-13, 3.4970e-13])}, 8: {'step': tensor(59741.), 'exp_avg': tensor([[ 1.0258e-07,  1.2356e-07,  9.4653e-08,  ...,  1.4969e-07,
         -7.3111e-08,  4.5089e-08],
        [-4.4674e-08,  4.4918e-08,  3.6072e-09,  ..., -2.5654e-06,
         -2.5041e-06, -9.3123e-08],
        [ 4.1172e-08,  8.8847e-08, -1.3808e-07,  ..., -4.2688e-06,
         -4.9236e-06, -5.5470e-09],
        ...,
        [ 4.8589e-08,  4.4471e-08, -1.5328e-07,  ..., -1.5773e-06,
         -3.2165e-06,  6.5059e-08],
        [-1.7388e-08, -3.0957e-08,  5.1264e-08,  ...,  5.0338e-06,
          3.3927e-06,  4.1012e-10],
        [ 8.7883e-08, -7.9699e-09,  2.7285e-07,  ...,  4.4913e-06,
          6.6114e-06,  9.7419e-08]]), 'exp_avg_sq': tensor([[5.2344e-14, 6.5329e-14, 2.3669e-13,  ..., 6.4234e-10, 4.3142e-10,
         6.9266e-14],
        [7.1029e-14, 1.2436e-13, 1.8539e-13,  ..., 6.7509e-10, 4.0150e-10,
         1.8214e-13],
        [2.6780e-14, 3.2082e-14, 3.3590e-13,  ..., 3.9803e-10, 2.4830e-10,
         1.2015e-13],
        ...,
        [2.8082e-14, 2.9796e-14, 1.3784e-13,  ..., 2.4711e-10, 1.6013e-10,
         6.1747e-14],
        [4.3170e-14, 8.9646e-14, 5.1738e-13,  ..., 1.1631e-09, 9.1259e-10,
         9.1285e-14],
        [2.8604e-14, 4.9964e-14, 1.9886e-12,  ..., 1.4265e-09, 1.1698e-09,
         1.7488e-13]])}, 9: {'step': tensor(59741.), 'exp_avg': tensor([-1.6564e-06, -4.3023e-06, -8.1237e-06, -7.7412e-06, -1.9457e-07,
         2.7365e-06,  3.8981e-06,  5.2704e-06,  6.1107e-06,  3.8438e-06,
        -4.0861e-06, -1.7230e-06,  2.2739e-06,  1.4958e-05,  6.4879e-06,
        -4.6108e-06,  1.1932e-06, -1.5363e-06, -1.4304e-06,  3.5335e-06,
        -1.3394e-08,  9.7933e-07, -6.5954e-08,  1.0667e-06, -4.0977e-07,
         4.2597e-07,  8.7368e-07, -9.3004e-07,  1.3947e-06, -2.4530e-06,
         6.6176e-06, -2.1861e-06, -5.1622e-06, -4.6269e-06,  6.9746e-06,
         1.9622e-06, -7.7718e-06,  6.1179e-07, -8.3839e-06,  7.5548e-06,
         7.6378e-07, -4.0349e-06,  1.6342e-06, -7.0945e-07,  5.4028e-06,
        -2.2876e-06, -1.0308e-05, -7.7662e-07,  5.7036e-06, -5.1151e-08,
         2.7391e-06,  1.9939e-06, -8.1263e-06, -5.3284e-07, -5.6939e-06,
         1.0512e-07, -3.1238e-05,  3.4621e-06,  1.0346e-05,  2.6427e-07,
         1.1448e-06,  5.4155e-07, -4.7484e-06, -6.5734e-07,  2.0597e-06,
         5.3515e-06,  3.1807e-06,  2.7229e-06, -3.5677e-06, -3.5713e-06,
         1.3886e-06,  2.9627e-07,  2.0973e-06, -1.6888e-07,  2.2304e-06,
         1.8384e-06,  1.0021e-06, -7.1236e-06,  1.2036e-05,  1.5058e-07,
         3.5052e-06, -5.9787e-06, -1.0072e-05, -1.4727e-06, -4.4557e-06,
         4.2724e-06,  4.7498e-06, -5.5216e-06, -1.4251e-05, -2.1444e-06,
         4.1307e-06,  3.4535e-06,  4.3520e-06, -4.5030e-06,  4.8953e-07,
         4.6378e-06, -4.8497e-06, -8.6572e-06, -1.7539e-06,  1.3874e-05,
         8.0533e-06,  1.0018e-06,  4.1697e-06, -4.0650e-06,  2.9591e-06,
         3.1709e-06, -9.6863e-06, -6.1100e-07, -5.0255e-07,  3.1697e-06,
        -3.1483e-06,  7.4334e-06, -2.4563e-06,  5.5088e-06, -2.9259e-06,
        -4.1557e-06, -5.5340e-06,  6.0531e-06, -1.1594e-05, -4.8009e-06,
        -3.2945e-07, -9.0664e-08,  1.9196e-05, -9.6587e-06, -1.8768e-06,
        -4.5421e-06,  7.5992e-06,  8.1937e-06]), 'exp_avg_sq': tensor([1.3699e-09, 1.3454e-09, 8.0841e-10, 1.0453e-08, 2.0155e-09, 3.4055e-09,
        3.5320e-10, 1.0430e-09, 1.0935e-09, 7.2008e-10, 3.1425e-10, 9.1219e-10,
        7.3024e-10, 1.9769e-08, 7.8169e-10, 1.5751e-09, 8.0433e-09, 4.9749e-10,
        2.0594e-09, 1.1331e-09, 3.1592e-10, 1.2960e-10, 1.1889e-09, 8.0574e-10,
        9.7590e-10, 6.5348e-10, 2.2387e-09, 3.3124e-09, 2.8008e-09, 7.3112e-10,
        3.9007e-10, 4.5675e-10, 6.4815e-10, 2.1497e-08, 2.0211e-09, 6.4461e-10,
        2.4630e-09, 1.0250e-09, 1.1367e-09, 2.0785e-09, 8.1921e-10, 1.6767e-09,
        1.1592e-09, 8.8802e-10, 4.6125e-10, 2.9002e-08, 1.3244e-08, 1.4062e-09,
        1.2590e-09, 4.3603e-10, 4.6469e-10, 1.9458e-09, 7.1520e-10, 1.1540e-09,
        9.1248e-10, 4.6821e-11, 6.9752e-08, 1.2024e-09, 8.5211e-10, 1.7317e-11,
        1.5112e-09, 9.3269e-10, 6.8911e-10, 5.5283e-10, 4.4359e-10, 8.2350e-10,
        1.4881e-09, 6.1863e-09, 8.3979e-10, 8.3125e-09, 4.1943e-10, 1.2084e-09,
        4.3202e-10, 1.8789e-09, 1.3894e-08, 1.7805e-09, 5.5250e-10, 3.2079e-10,
        1.1112e-09, 5.1850e-09, 1.6002e-09, 4.2907e-09, 1.1839e-09, 1.1621e-09,
        5.6955e-10, 6.1697e-10, 1.4811e-09, 3.0531e-10, 9.6338e-09, 1.6319e-10,
        5.8225e-10, 3.6597e-08, 5.9574e-10, 4.8063e-09, 2.3578e-10, 7.0651e-10,
        2.0050e-10, 1.1018e-09, 7.7741e-09, 3.0822e-08, 1.1732e-09, 3.1727e-10,
        7.5878e-10, 6.2111e-10, 3.9792e-10, 5.4887e-10, 2.2421e-09, 2.9428e-10,
        4.8486e-10, 8.9774e-10, 1.2941e-08, 5.3287e-10, 3.3005e-10, 4.5495e-10,
        3.6342e-10, 1.3852e-08, 1.8368e-09, 6.8813e-10, 5.0938e-09, 1.0713e-09,
        3.9376e-10, 5.2240e-10, 7.5907e-09, 1.1912e-08, 2.1217e-09, 4.8144e-10,
        2.8494e-09, 2.5486e-09])}, 10: {'step': tensor(59741.), 'exp_avg': tensor([[ 4.2444e-09,  2.3074e-09, -4.3173e-09,  ..., -3.5986e-09,
          3.6225e-09, -6.5269e-09],
        [-1.5921e-09,  3.4635e-10, -4.8166e-09,  ...,  9.3144e-10,
         -3.8595e-09, -1.3151e-08],
        [-5.3639e-08, -6.3518e-08, -2.4889e-08,  ..., -1.3231e-08,
         -5.4227e-08, -2.0137e-08],
        ...,
        [ 6.1504e-09,  8.8614e-09,  6.2172e-09,  ..., -1.7148e-08,
         -1.3210e-09,  9.5247e-09],
        [-1.5399e-08,  2.4226e-09, -2.4913e-08,  ...,  1.2139e-08,
          3.1381e-09,  7.5704e-08],
        [-1.1809e-09, -2.1103e-09,  1.2893e-08,  ..., -1.0329e-09,
         -1.0541e-08,  1.7947e-08]]), 'exp_avg_sq': tensor([[1.2228e-16, 1.5515e-16, 3.5067e-16,  ..., 2.3479e-16, 3.3039e-16,
         5.7018e-16],
        [1.1160e-16, 1.5922e-16, 2.5188e-16,  ..., 2.4130e-16, 3.8075e-16,
         1.2650e-15],
        [1.0336e-14, 1.9580e-14, 3.1718e-14,  ..., 9.2482e-15, 1.1994e-14,
         4.9345e-14],
        ...,
        [5.0232e-16, 4.2984e-16, 5.2983e-16,  ..., 1.6878e-15, 1.6198e-15,
         4.0704e-15],
        [2.3986e-14, 1.3481e-14, 2.2617e-14,  ..., 4.1503e-14, 1.6460e-13,
         1.5671e-13],
        [4.5182e-16, 3.5260e-16, 2.5883e-15,  ..., 7.6817e-16, 1.4861e-15,
         5.5039e-15]])}, 11: {'step': tensor(59741.), 'exp_avg': tensor([[ 4.5264e-08,  3.3445e-08, -2.0690e-08, -1.3792e-09],
        [ 1.1863e-07,  1.3004e-08,  7.3076e-09, -1.2520e-09],
        [-8.0258e-07, -1.2444e-06, -1.1240e-06, -1.1368e-08],
        [-1.7291e-07, -3.0590e-07, -1.8452e-07,  2.6202e-09],
        [ 2.4422e-08,  2.4833e-08,  3.4856e-08, -6.3350e-10],
        [ 1.2964e-08, -4.5581e-08,  2.5512e-07,  6.9275e-10],
        [ 1.6718e-07,  1.2825e-07,  7.5014e-08,  3.3918e-09],
        [ 5.9335e-08,  1.2513e-07,  1.1746e-07, -2.1312e-09],
        [ 5.2466e-07,  2.1558e-07,  5.0193e-07,  1.7735e-09],
        [ 9.0247e-09, -9.8960e-08, -5.5103e-08,  3.5064e-10],
        [ 2.0949e-07,  2.9303e-07,  5.4634e-07, -6.3441e-09],
        [ 4.7605e-08,  3.4270e-08,  1.6592e-08, -2.4196e-11],
        [ 6.8501e-09, -1.0569e-08, -2.3222e-08, -8.4160e-10],
        [-1.6611e-06, -4.9526e-07, -1.4822e-06, -3.8588e-09],
        [ 3.1660e-07,  5.8417e-07,  3.0602e-07,  2.0338e-09],
        [ 1.7960e-08,  3.7312e-09, -1.0508e-08,  1.2398e-09],
        [ 1.0822e-06,  1.0483e-06,  6.8754e-07, -5.8825e-09],
        [ 2.6210e-07,  2.8064e-07,  1.5843e-07,  1.5884e-09],
        [ 1.1186e-07,  6.6635e-08,  1.1515e-07,  2.9569e-09],
        [-5.5267e-08, -1.0073e-07, -1.0452e-07, -1.2488e-09],
        [-4.5230e-08, -8.9884e-08, -6.2171e-08,  1.7199e-09],
        [-4.4219e-08, -6.1081e-08,  6.0583e-08,  1.5603e-09],
        [ 2.2511e-07,  2.1416e-07,  2.4546e-07,  4.8488e-10],
        [ 7.0130e-08,  7.2828e-08,  1.7538e-08,  4.0478e-10],
        [ 2.3485e-07,  8.1760e-07,  3.3488e-07,  3.3600e-09],
        [ 6.7689e-08,  3.3034e-08,  2.1008e-08,  3.1716e-10],
        [-3.4554e-07, -8.2465e-08, -1.0103e-07, -8.9120e-10],
        [-9.2338e-08,  2.5691e-08, -1.0706e-09,  2.5596e-09],
        [ 2.2693e-06,  1.6490e-06,  1.5867e-06, -1.2864e-09],
        [ 4.8689e-08,  1.8577e-08, -1.2218e-09, -2.4739e-11],
        [ 1.3136e-08,  1.5790e-07,  1.9060e-07,  2.4975e-09],
        [ 1.3002e-08, -7.4274e-08, -2.8700e-08,  5.6889e-09],
        [ 3.9274e-09, -1.0971e-08, -1.6702e-08, -8.6227e-11],
        [-1.2938e-06, -1.5218e-06, -1.2438e-06, -7.0042e-09],
        [ 4.8387e-07,  6.2050e-07,  3.8133e-07,  5.2627e-09],
        [ 1.0675e-07,  1.2659e-07,  9.7408e-08,  1.6494e-09],
        [ 1.2399e-08,  1.0118e-07,  7.1201e-08, -8.0879e-10],
        [-7.4246e-07, -8.0488e-07, -9.5825e-07, -9.9962e-09],
        [-8.5268e-08, -9.2673e-08, -7.6335e-08,  4.8515e-09],
        [ 1.9126e-08,  5.6468e-08,  4.2433e-08, -8.1280e-10],
        [-3.4180e-08, -4.6092e-08, -6.4359e-08, -1.4330e-09],
        [ 7.0970e-08,  7.3061e-08,  6.0607e-08, -1.8629e-10],
        [ 1.7086e-07,  1.1920e-07,  7.7051e-08,  3.8173e-09],
        [ 7.6238e-08,  5.6782e-08,  4.8554e-08, -7.3112e-11],
        [ 4.9280e-08, -6.8221e-08,  1.0272e-07,  3.7528e-09],
        [-7.6078e-07, -1.0798e-06, -8.0316e-07,  1.4590e-08],
        [ 1.2268e-06,  1.5445e-06,  1.1385e-06, -2.2657e-09],
        [ 4.3393e-09, -2.3678e-08, -1.3006e-08, -2.4970e-10],
        [ 1.0623e-07,  1.5480e-07,  1.2773e-07, -1.3181e-09],
        [-2.2238e-07, -4.4901e-08,  2.2909e-08,  3.9398e-09],
        [ 1.9119e-07,  5.5605e-08,  2.2707e-07, -1.8805e-09],
        [ 1.3031e-07,  1.0687e-07,  5.3920e-08, -6.0451e-10],
        [ 1.0390e-08, -6.0235e-08, -2.4287e-08,  5.9136e-09],
        [-3.2854e-07, -4.0198e-07, -4.4064e-07, -9.1458e-10],
        [ 7.7986e-08, -1.0563e-10,  2.3025e-07, -2.6839e-09],
        [-1.3781e-07, -1.2673e-07, -7.1999e-08,  1.9367e-09],
        [-2.7080e-06, -3.1839e-06, -3.4479e-06, -8.0126e-09],
        [ 2.8720e-08,  3.8464e-08, -4.8428e-09,  1.8311e-10],
        [-2.6239e-07,  1.1966e-07,  7.8583e-08,  3.5965e-09],
        [ 1.2997e-09, -6.5477e-09, -3.0681e-08,  1.1396e-09],
        [ 8.8599e-08,  3.5462e-08,  1.3263e-07,  1.9537e-09],
        [ 2.4253e-07,  1.0612e-07,  8.7448e-08,  1.4862e-09],
        [ 8.5372e-08, -1.4529e-08,  3.6020e-08, -2.3791e-09],
        [ 1.2661e-07,  9.5730e-08,  5.5300e-08,  6.8987e-10],
        [ 9.9441e-09, -8.6800e-08,  1.2124e-07,  1.3824e-09],
        [ 2.4672e-07,  4.2509e-07,  4.0325e-07,  5.9775e-10],
        [-2.1546e-07, -8.0364e-09, -1.3115e-07,  3.5782e-11],
        [-7.8227e-08,  8.0229e-08,  1.1934e-07,  1.5666e-09],
        [-4.0106e-07, -5.1460e-07, -3.8590e-07,  6.3187e-09],
        [-1.1962e-06, -1.2224e-06, -1.1917e-06, -1.0977e-08],
        [ 3.9412e-08, -1.5686e-08,  3.6673e-08,  1.8556e-09],
        [ 2.3721e-07,  6.5513e-08,  2.3313e-07, -1.8478e-09],
        [ 2.3116e-07,  2.2506e-07,  2.0990e-07,  3.0439e-09],
        [ 1.3478e-07,  1.1771e-07,  7.4377e-08,  1.2928e-09],
        [-9.4241e-07, -1.2178e-06, -1.0975e-06,  5.8052e-09],
        [-9.1154e-08, -2.4571e-08, -4.4523e-08, -6.0511e-09],
        [ 3.5143e-07,  1.9443e-07,  4.1030e-07,  4.3933e-09],
        [-1.2165e-08, -3.9954e-07,  3.1775e-08, -7.6538e-09],
        [ 3.0293e-08,  2.1117e-08,  1.6912e-09, -7.3797e-11],
        [ 1.9386e-07,  1.7042e-07,  7.9206e-08,  4.5065e-09],
        [ 2.1983e-08, -1.4064e-08, -3.8250e-08,  5.3367e-10],
        [-8.7770e-07, -2.1098e-06, -1.6584e-06,  7.5672e-09],
        [ 7.7206e-09, -2.3908e-08, -3.5106e-08, -1.7989e-09],
        [-2.0082e-08, -6.1394e-08, -5.3874e-08,  4.7445e-09],
        [-1.2498e-08,  9.8286e-09,  1.9870e-08,  1.0589e-09],
        [ 8.2677e-07,  1.0234e-06,  6.7305e-07,  3.8404e-09],
        [-9.8552e-08,  3.8761e-07,  2.7090e-07, -1.6766e-09],
        [-2.9365e-07, -1.8449e-07, -1.4414e-07,  4.1747e-09],
        [ 1.8401e-06,  2.2846e-06,  1.7997e-06, -6.0813e-09],
        [-3.6008e-08,  7.7265e-09,  1.6594e-08,  1.0893e-09],
        [-2.3911e-07, -1.7883e-07, -2.1313e-07, -3.8081e-09],
        [ 2.5111e-09,  1.6300e-08,  2.7981e-09,  2.0903e-10],
        [-3.5743e-07, -1.9444e-07, -2.3442e-07, -4.6705e-09],
        [ 1.0423e-08,  6.2582e-08,  3.1227e-08, -4.9520e-10],
        [ 9.0530e-08,  1.5578e-07,  1.7355e-07,  4.0604e-10],
        [ 5.8896e-08,  5.7185e-08,  4.8660e-08, -2.2085e-10],
        [-2.9500e-07, -4.0419e-07, -4.8973e-07,  2.4152e-09],
        [-9.1488e-08, -2.1822e-07, -1.7900e-07, -5.9886e-10],
        [-6.5373e-08,  5.9081e-08, -4.6007e-08,  4.7595e-09],
        [-1.6410e-09,  5.5815e-09, -1.2810e-08, -8.4357e-11],
        [-5.3717e-07, -4.4583e-07, -4.2779e-07, -1.7860e-08],
        [-4.5208e-08, -8.6034e-08, -7.2695e-08, -7.5387e-10],
        [ 8.9991e-08,  8.7015e-08,  5.8994e-08, -2.1818e-09],
        [ 1.1937e-07, -7.3945e-08,  4.0807e-08,  1.2611e-08],
        [-6.2286e-08,  2.9257e-07,  1.1513e-07, -3.1077e-09],
        [ 9.5297e-08,  4.3078e-08,  2.0126e-08, -2.3574e-10],
        [ 5.4802e-07, -3.7032e-07, -2.6104e-07,  1.0795e-08],
        [ 2.0156e-07, -2.4110e-08,  1.4262e-07,  2.4338e-09],
        [ 1.5978e-07,  7.2686e-08,  1.1743e-07, -1.6168e-09],
        [-3.7173e-08,  2.5733e-09, -4.8325e-08, -1.2216e-09],
        [ 7.4234e-07,  1.7047e-06,  1.4967e-06, -1.0435e-10],
        [-7.0960e-08, -4.9458e-08, -6.6690e-08, -8.2786e-10],
        [-6.5085e-07, -4.3725e-07, -4.1078e-07,  6.9248e-09],
        [-7.4339e-07, -7.3484e-07, -3.4110e-07, -2.8468e-12],
        [ 8.0628e-08, -2.1125e-07, -2.2803e-08, -1.0415e-08],
        [ 1.1448e-06,  1.4402e-06,  1.2507e-06, -1.3251e-09],
        [-1.6820e-07, -3.9168e-07, -1.5058e-07,  1.2049e-09],
        [ 2.8691e-07,  2.0382e-07,  1.9646e-07, -8.1367e-10],
        [-4.7925e-08, -1.3679e-07, -8.4602e-08, -2.5779e-09],
        [ 5.7023e-08,  1.9540e-07,  2.0510e-07, -2.2218e-09],
        [-3.4981e-08, -8.1455e-08, -7.0563e-08, -3.7156e-10],
        [ 8.7601e-07,  6.9342e-07,  8.1802e-07,  1.2735e-09],
        [-3.2357e-08,  3.4772e-08, -2.3145e-08, -1.6386e-09],
        [ 6.4823e-07,  1.6661e-06,  1.3573e-06, -1.1623e-08],
        [-7.6829e-08,  6.0660e-08,  1.0028e-08, -4.6549e-11],
        [-1.5439e-07,  1.7866e-09, -7.9580e-08, -1.4789e-09],
        [-7.0883e-07, -9.8564e-07, -5.0591e-07, -9.4324e-09],
        [-1.5649e-07, -1.1620e-07, -1.8901e-08,  6.6335e-09]]), 'exp_avg_sq': tensor([[1.3618e-13, 2.2760e-13, 1.5869e-13, 5.8109e-17],
        [2.1721e-13, 2.8209e-13, 1.7640e-13, 2.9221e-17],
        [6.4466e-12, 1.2888e-11, 1.0307e-11, 2.4072e-15],
        [3.8979e-13, 7.3111e-13, 4.2404e-13, 3.8180e-17],
        [7.1403e-13, 1.9414e-12, 1.4047e-12, 3.3074e-17],
        [1.2744e-11, 3.1618e-11, 1.4568e-11, 1.0677e-15],
        [3.1615e-13, 4.6972e-13, 3.3347e-13, 9.5321e-17],
        [9.7853e-14, 1.8685e-13, 1.2149e-13, 1.3678e-16],
        [1.6975e-11, 8.4395e-12, 9.0204e-12, 2.3490e-16],
        [5.0221e-13, 6.0164e-13, 3.7592e-13, 2.7493e-17],
        [3.6760e-12, 1.1200e-11, 8.1887e-12, 1.1180e-15],
        [1.1485e-13, 1.5107e-13, 1.0958e-13, 4.3859e-17],
        [1.3723e-13, 1.5805e-13, 1.1172e-13, 6.3742e-17],
        [1.3965e-10, 1.3864e-10, 1.0527e-10, 4.5394e-15],
        [3.7105e-12, 3.3804e-12, 2.1193e-12, 1.9921e-16],
        [1.3697e-13, 2.7778e-13, 1.5581e-13, 1.8875e-16],
        [3.1149e-11, 4.9434e-11, 3.5372e-11, 4.7889e-15],
        [1.5882e-12, 2.5208e-12, 1.4060e-12, 2.1208e-16],
        [2.2775e-13, 7.4972e-13, 8.4174e-13, 1.0713e-16],
        [3.2551e-13, 4.0080e-13, 2.6125e-13, 4.8616e-17],
        [2.7205e-13, 3.4577e-13, 2.3989e-13, 6.2934e-17],
        [1.1085e-12, 1.5081e-12, 1.0536e-12, 2.5181e-16],
        [2.2326e-13, 2.0383e-13, 1.7042e-13, 5.0371e-17],
        [1.0207e-13, 1.4828e-13, 1.2242e-13, 1.6826e-17],
        [9.4928e-12, 1.1321e-11, 6.9014e-12, 2.1105e-15],
        [1.6173e-13, 2.1116e-13, 1.3786e-13, 1.7466e-17],
        [5.4007e-12, 2.1735e-12, 2.5619e-12, 2.1645e-16],
        [1.0770e-12, 1.5529e-12, 1.2640e-12, 2.9042e-16],
        [6.1060e-11, 1.0638e-10, 5.7107e-11, 2.7786e-15],
        [1.0672e-13, 1.3563e-13, 9.9655e-14, 1.5929e-17],
        [5.6856e-13, 1.1910e-12, 7.1820e-13, 2.3576e-16],
        [2.6685e-13, 4.3842e-13, 2.9541e-13, 6.3862e-16],
        [1.7320e-13, 2.2861e-13, 1.4708e-13, 8.6567e-17],
        [1.3491e-11, 2.2885e-11, 1.6000e-11, 1.5755e-15],
        [8.2917e-12, 7.7342e-12, 5.9469e-12, 9.1455e-16],
        [4.2839e-13, 3.8105e-13, 2.5244e-13, 4.7930e-17],
        [2.0310e-13, 3.3137e-13, 2.1234e-13, 2.8572e-17],
        [7.5558e-12, 1.0055e-11, 7.1013e-12, 9.2560e-16],
        [4.4557e-12, 5.3548e-12, 4.2893e-12, 2.0502e-16],
        [1.2573e-13, 1.7819e-13, 1.1876e-13, 2.0636e-17],
        [5.4292e-13, 6.5089e-13, 5.5666e-13, 1.0576e-16],
        [1.0062e-13, 1.4374e-13, 9.7461e-14, 2.3090e-17],
        [1.1902e-12, 1.2554e-12, 8.7025e-13, 1.9338e-16],
        [1.3657e-13, 1.8024e-13, 1.1701e-13, 5.6928e-17],
        [2.0443e-12, 2.3358e-12, 1.5107e-12, 3.2328e-16],
        [3.5545e-11, 5.1945e-11, 3.0286e-11, 6.5846e-15],
        [6.5188e-11, 1.1849e-10, 6.2359e-11, 3.2432e-15],
        [2.0701e-13, 3.8831e-13, 2.0163e-13, 3.5419e-17],
        [8.6471e-13, 8.7764e-13, 6.3284e-13, 5.4077e-17],
        [7.7965e-12, 5.1621e-12, 3.6829e-12, 1.2553e-15],
        [2.8548e-12, 2.9029e-12, 1.7682e-12, 2.1181e-16],
        [1.3473e-13, 2.4212e-13, 1.7616e-13, 3.4635e-17],
        [2.3404e-13, 3.0430e-13, 1.8630e-13, 1.1984e-16],
        [1.0016e-11, 1.6969e-11, 1.2135e-11, 1.5961e-15],
        [4.6224e-12, 6.0763e-12, 4.3074e-12, 6.6210e-16],
        [6.8117e-13, 9.7664e-13, 5.9788e-13, 2.4430e-16],
        [1.5140e-10, 3.2310e-10, 2.3289e-10, 7.7925e-14],
        [1.3696e-13, 1.9647e-13, 1.4431e-13, 2.3883e-17],
        [1.0374e-11, 1.5179e-11, 9.3249e-12, 2.9894e-15],
        [3.1489e-13, 3.2746e-13, 2.3862e-13, 7.1124e-17],
        [3.1628e-12, 4.2469e-12, 2.9612e-12, 7.5838e-16],
        [6.6492e-12, 4.6656e-12, 3.6856e-12, 1.5948e-16],
        [8.1648e-13, 4.5490e-13, 4.0902e-13, 8.3253e-17],
        [1.8783e-13, 2.5683e-13, 1.6122e-13, 7.0883e-17],
        [8.3459e-12, 1.1229e-11, 7.7432e-12, 1.8628e-15],
        [1.2101e-12, 2.3499e-12, 1.3702e-12, 1.2312e-15],
        [8.6754e-13, 3.5674e-13, 4.2772e-13, 4.2897e-17],
        [1.0746e-12, 1.2727e-12, 9.2337e-13, 1.8250e-16],
        [3.5195e-12, 6.3637e-12, 4.0119e-12, 1.7862e-15],
        [2.2454e-11, 2.4819e-11, 1.3665e-11, 9.4447e-15],
        [2.5158e-12, 5.0597e-12, 2.9317e-12, 6.7267e-16],
        [1.3984e-12, 1.1794e-12, 8.5441e-13, 4.2178e-16],
        [1.7953e-12, 2.0463e-12, 1.2814e-12, 2.1907e-16],
        [1.8791e-13, 2.8809e-13, 2.1514e-13, 1.3218e-16],
        [1.1230e-11, 1.6451e-11, 1.0295e-11, 1.7875e-15],
        [2.3933e-12, 3.1694e-12, 2.6383e-12, 9.3512e-16],
        [1.0292e-11, 1.1136e-11, 7.3503e-12, 3.4144e-15],
        [1.2877e-11, 1.7051e-11, 9.9155e-12, 3.8526e-15],
        [1.3530e-13, 2.0980e-13, 1.3602e-13, 3.4012e-17],
        [3.7281e-13, 4.3574e-13, 3.4363e-13, 9.9357e-17],
        [1.3352e-13, 1.9751e-13, 1.5602e-13, 3.7174e-17],
        [4.5426e-11, 1.0806e-10, 6.5597e-11, 9.4469e-15],
        [1.8050e-13, 3.3547e-13, 2.2244e-13, 1.0225e-16],
        [7.1488e-13, 1.5185e-12, 8.2166e-13, 1.9386e-16],
        [1.7525e-13, 3.2420e-13, 2.0399e-13, 3.6800e-17],
        [5.5288e-12, 9.7760e-12, 4.5216e-12, 1.3539e-15],
        [8.7424e-12, 1.0068e-11, 7.0402e-12, 1.5143e-15],
        [4.0148e-12, 3.2469e-12, 2.3276e-12, 3.8266e-16],
        [1.1808e-10, 2.3789e-10, 1.0193e-10, 1.0661e-14],
        [5.7576e-13, 3.3370e-13, 2.8958e-13, 5.5722e-17],
        [6.6427e-13, 8.5404e-13, 5.4824e-13, 3.2803e-16],
        [1.2082e-13, 1.6509e-13, 1.0473e-13, 2.0179e-17],
        [1.4199e-12, 8.7177e-13, 6.4990e-13, 1.8045e-16],
        [1.6660e-13, 2.7627e-13, 1.6293e-13, 1.7386e-17],
        [3.8826e-12, 7.8044e-12, 3.6995e-12, 4.4736e-16],
        [2.4630e-13, 3.3752e-13, 2.4433e-13, 2.8491e-17],
        [8.1831e-12, 9.2715e-12, 6.7544e-12, 3.8750e-16],
        [5.4955e-13, 8.5178e-13, 4.6018e-13, 7.1502e-17],
        [1.2562e-12, 2.1106e-12, 1.6295e-12, 2.5487e-16],
        [1.4158e-13, 2.1172e-13, 1.3654e-13, 1.8182e-17],
        [1.2952e-11, 5.9726e-12, 5.0267e-12, 2.0797e-15],
        [6.1475e-13, 8.1216e-13, 5.0929e-13, 1.0153e-16],
        [9.5818e-14, 1.2584e-13, 8.7142e-14, 1.0984e-16],
        [7.0286e-13, 1.7481e-12, 1.6708e-12, 3.2328e-16],
        [1.5348e-12, 3.0494e-12, 1.8558e-12, 1.4382e-15],
        [1.3736e-13, 1.8690e-13, 1.2820e-13, 3.1139e-17],
        [2.3304e-11, 6.5861e-11, 3.0633e-11, 1.1033e-14],
        [8.4358e-12, 7.0796e-12, 6.0523e-12, 6.9817e-16],
        [1.7819e-12, 1.5913e-12, 8.8662e-13, 1.5933e-16],
        [8.5285e-13, 1.5100e-12, 6.7546e-13, 1.3831e-16],
        [2.6347e-11, 5.3232e-11, 4.2137e-11, 1.3632e-14],
        [2.6326e-13, 4.0299e-13, 2.1782e-13, 2.3641e-17],
        [8.5858e-12, 8.9437e-12, 6.1977e-12, 8.8196e-16],
        [5.5446e-12, 7.8186e-12, 6.2188e-12, 1.7147e-15],
        [1.3032e-11, 1.7190e-11, 9.7682e-12, 2.4978e-15],
        [6.2899e-11, 6.1902e-11, 4.4226e-11, 2.2047e-15],
        [3.3414e-12, 4.7563e-12, 3.3016e-12, 1.0147e-15],
        [3.2176e-13, 2.6092e-13, 2.2245e-13, 3.4896e-17],
        [2.6958e-13, 5.7068e-13, 4.2207e-13, 1.7593e-16],
        [4.9530e-13, 1.7267e-12, 1.2839e-12, 2.7226e-16],
        [1.0262e-13, 1.7717e-13, 1.0684e-13, 1.8647e-17],
        [1.0995e-11, 1.1450e-11, 7.8801e-12, 1.1879e-15],
        [5.2302e-13, 4.9172e-13, 4.3146e-13, 8.7649e-17],
        [3.4588e-11, 5.8060e-11, 3.6770e-11, 1.3155e-14],
        [8.1240e-13, 1.8127e-12, 8.2778e-13, 6.7950e-17],
        [8.7246e-13, 5.0983e-13, 4.1466e-13, 9.0602e-17],
        [3.7705e-11, 4.7911e-11, 2.6024e-11, 3.4293e-15],
        [9.7812e-13, 1.9047e-12, 1.3280e-12, 6.2569e-16]])}, 12: {'step': tensor(59741.), 'exp_avg': tensor([ 2.3915e-08,  9.5634e-08, -1.7231e-06, -3.5416e-07,  2.1061e-08,
         2.2003e-07,  2.0707e-07,  1.6231e-07,  7.5833e-07, -4.7465e-08,
         6.9830e-07,  6.1858e-08, -2.3901e-08, -2.3478e-06,  6.5952e-07,
         1.7335e-09,  1.7394e-06,  3.8922e-07,  1.9560e-07, -1.5205e-07,
        -1.1162e-07,  2.5578e-08,  3.8817e-07,  7.5945e-08,  7.4835e-07,
         7.2893e-08, -3.3097e-07, -5.1687e-08,  3.2287e-06,  3.4398e-08,
         2.0646e-07, -4.6768e-08, -2.2189e-08, -2.1718e-06,  8.6043e-07,
         1.8320e-07,  8.2852e-08, -1.4816e-06, -1.1568e-07,  5.7157e-08,
        -8.6794e-08,  1.1466e-07,  2.1810e-07,  9.7354e-08,  1.2915e-07,
        -1.2204e-06,  1.9725e-06, -8.7564e-09,  1.7584e-07, -1.7419e-07,
         2.7953e-07,  1.5924e-07, -6.0615e-08, -6.0744e-07,  2.6406e-07,
        -1.7400e-07, -5.8588e-06,  2.8205e-08, -4.2137e-08, -2.6441e-08,
         1.9488e-07,  2.3852e-07,  7.5335e-08,  1.5593e-07,  9.5283e-08,
         6.1154e-07, -2.9185e-07,  9.2738e-08, -7.8943e-07, -2.1697e-06,
         4.9047e-08,  3.7645e-07,  3.5965e-07,  1.7573e-07, -1.7149e-06,
        -8.6678e-08,  6.7180e-07, -1.4119e-08,  1.8745e-08,  2.3715e-07,
        -3.0886e-08, -2.4731e-06, -4.6155e-08, -7.0917e-08,  1.1177e-10,
         1.3428e-06,  2.8810e-07, -3.6681e-07,  3.3201e-06, -1.4766e-08,
        -3.8582e-07,  4.7664e-09, -5.0373e-07,  4.9242e-08,  1.9500e-07,
         9.8072e-08, -7.1349e-07, -2.7305e-07, -4.0214e-08, -1.1204e-08,
        -8.6103e-07, -1.2447e-07,  1.2694e-07,  9.2132e-08,  1.4726e-07,
         8.8939e-08,  6.0811e-08,  2.9646e-07,  2.1571e-07, -5.9464e-08,
         2.1161e-06, -1.1762e-07, -9.5381e-07, -9.1593e-07,  2.8457e-08,
         2.0695e-06, -2.8776e-07,  4.1684e-07, -1.4772e-07,  2.4318e-07,
        -1.0594e-07,  1.4198e-06, -5.6578e-08,  1.9088e-06, -3.7150e-08,
        -1.8040e-07, -1.2385e-06, -1.7308e-07]), 'exp_avg_sq': tensor([4.6741e-13, 6.2538e-13, 2.6693e-11, 1.3544e-12, 3.8033e-12, 4.9014e-11,
        1.0042e-12, 3.5641e-13, 3.5965e-11, 1.4013e-12, 1.9878e-11, 3.5447e-13,
        3.8049e-13, 3.6717e-10, 8.9989e-12, 4.9708e-13, 1.0503e-10, 4.9810e-12,
        1.6792e-12, 9.4408e-13, 7.8900e-13, 3.4006e-12, 5.6065e-13, 3.5281e-13,
        2.5906e-11, 4.7187e-13, 1.0681e-11, 3.5796e-12, 1.9710e-10, 3.1849e-13,
        2.1730e-12, 8.9578e-13, 5.0597e-13, 4.7152e-11, 2.1640e-11, 1.0118e-12,
        6.7849e-13, 2.2622e-11, 1.3411e-11, 3.8961e-13, 1.7006e-12, 3.1376e-13,
        3.0888e-12, 3.9827e-13, 5.5844e-12, 1.0675e-10, 2.1527e-10, 7.0779e-13,
        2.2947e-12, 1.6742e-11, 7.1394e-12, 4.8888e-13, 6.6757e-13, 3.5457e-11,
        1.4313e-11, 2.1224e-12, 6.0148e-10, 4.5386e-13, 3.1775e-11, 8.4297e-13,
        9.5136e-12, 1.4799e-11, 1.7048e-12, 5.7739e-13, 2.5141e-11, 4.2826e-12,
        1.7866e-12, 3.0920e-12, 1.2464e-11, 5.3247e-11, 9.1131e-12, 3.3302e-12,
        4.6698e-12, 6.2847e-13, 3.4372e-11, 7.6549e-12, 2.7094e-11, 3.6178e-11,
        4.3829e-13, 1.1094e-12, 4.4913e-13, 1.9074e-10, 6.4992e-13, 2.6483e-12,
        6.2877e-13, 1.6875e-11, 2.4244e-11, 9.3842e-12, 3.8803e-10, 1.2215e-12,
        1.9111e-12, 3.6002e-13, 3.0157e-12, 5.4326e-13, 1.3323e-11, 7.9266e-13,
        2.2777e-11, 1.6883e-12, 4.5891e-12, 4.4593e-13, 2.4251e-11, 1.8917e-12,
        2.8461e-13, 3.8182e-12, 5.5205e-12, 4.1510e-13, 9.7405e-11, 2.0324e-11,
        4.1521e-12, 2.6872e-12, 1.0422e-10, 8.1014e-13, 2.3036e-11, 1.8501e-11,
        3.6114e-11, 1.6001e-10, 1.0399e-11, 7.9248e-13, 1.1045e-12, 2.9091e-12,
        3.4236e-13, 2.7837e-11, 1.4160e-12, 1.1783e-10, 2.9886e-12, 1.8629e-12,
        1.0311e-10, 3.8602e-12])}, 13: {'step': tensor(59741.), 'exp_avg': tensor([-2.5849e-09, -1.4872e-10, -4.1891e-07,  2.4028e-09, -8.8788e-09,
         1.3579e-07, -1.9292e-08, -1.5972e-09,  3.8827e-07, -6.3018e-09,
         1.1657e-07, -1.1679e-09, -3.7720e-10, -5.3041e-07,  8.9418e-08,
        -4.6425e-11,  4.7685e-07,  6.3361e-09, -1.2641e-08,  2.0003e-09,
         1.6424e-09,  2.6707e-08, -3.0632e-08, -4.6054e-09,  2.6793e-07,
        -4.7702e-09, -2.4388e-09,  1.7447e-08,  1.0728e-06, -3.5658e-09,
         1.5104e-08, -4.1132e-08,  1.9611e-09, -4.0492e-08,  1.6647e-07,
        -2.2035e-09, -7.9683e-10, -2.0980e-07,  3.8245e-09,  8.2930e-10,
        -1.1178e-08, -3.1768e-09,  4.9867e-10, -4.2863e-09, -1.6065e-08,
        -3.0463e-07,  2.7165e-07, -1.7782e-09, -2.6174e-08, -7.5750e-09,
        -7.2494e-08, -1.0857e-08, -9.7484e-10, -1.0396e-07, -9.8938e-09,
        -2.1933e-09, -3.0048e-06, -2.6569e-10,  4.8146e-08,  2.6583e-09,
        -7.3557e-09,  3.0540e-08,  9.3729e-10, -1.0840e-08,  9.2427e-08,
        -1.8987e-08, -1.5173e-08, -2.7785e-08, -3.4880e-08, -6.9944e-07,
        -2.2711e-08,  4.8622e-09, -2.2737e-08, -2.4342e-08, -4.3032e-07,
         3.3715e-09,  9.2744e-08,  2.2363e-09,  6.4975e-10, -5.8716e-10,
        -1.0652e-09, -1.5996e-06, -3.2173e-09, -4.4856e-09, -1.0978e-09,
        -3.9545e-08,  1.0486e-07, -3.8607e-08,  1.0664e-06, -1.0802e-08,
         1.1342e-09, -7.3214e-10, -3.5441e-08, -9.6361e-10,  2.4690e-08,
        -2.5043e-09, -1.0004e-07,  8.5056e-09,  2.3482e-08, -2.9730e-09,
         4.1123e-09,  2.6516e-08, -7.3945e-09, -2.4922e-10,  1.5890e-08,
        -4.7599e-09,  2.2332e-07,  2.8424e-08, -7.6323e-09,  4.6013e-10,
         1.1359e-06,  1.1889e-09, -1.4249e-07, -1.7974e-07,  1.5309e-07,
         7.7507e-07, -4.7911e-08, -1.5433e-08,  9.8396e-10,  1.2245e-08,
         1.7264e-10,  9.2544e-08, -7.5905e-09,  1.2070e-06, -5.1283e-10,
        -3.1871e-08, -3.8501e-07,  9.5297e-09]), 'exp_avg_sq': tensor([2.0326e-16, 4.3545e-16, 2.3584e-12, 4.8209e-16, 9.7158e-15, 4.6134e-12,
        7.2749e-15, 9.0301e-16, 4.6584e-12, 8.1889e-16, 9.1499e-13, 7.3205e-16,
        4.8787e-16, 2.2986e-11, 9.8358e-14, 6.6463e-17, 2.2563e-11, 3.5515e-15,
        1.5998e-15, 7.2337e-16, 8.5354e-16, 4.5535e-15, 9.4802e-15, 1.3753e-16,
        1.0475e-12, 6.4888e-16, 2.8053e-14, 4.1616e-14, 3.4821e-11, 1.4990e-16,
        2.1055e-14, 1.2275e-14, 3.5805e-16, 2.0836e-14, 3.8965e-12, 1.4176e-16,
        1.0719e-16, 8.8992e-13, 1.5301e-14, 3.0549e-17, 8.3422e-16, 3.9639e-16,
        1.1524e-15, 5.1356e-16, 1.6362e-14, 8.3644e-12, 2.9982e-11, 6.8566e-17,
        2.3005e-14, 4.8555e-14, 2.5761e-14, 2.7608e-16, 2.4602e-15, 1.2181e-12,
        1.8368e-13, 4.9246e-15, 2.2406e-10, 1.4163e-16, 7.5621e-13, 8.3470e-16,
        6.9348e-13, 1.3133e-13, 1.1407e-15, 3.5091e-16, 6.9673e-13, 1.7635e-14,
        2.1325e-15, 3.4377e-15, 8.5918e-13, 1.0248e-11, 1.2497e-13, 3.7158e-15,
        7.8453e-15, 3.8663e-15, 3.3250e-12, 6.5093e-15, 1.1422e-12, 1.4747e-12,
        3.5469e-16, 8.5053e-16, 7.5080e-16, 6.7623e-11, 8.1403e-16, 2.8005e-15,
        7.6779e-17, 2.1529e-13, 1.7106e-12, 3.8362e-13, 3.4309e-11, 5.0422e-15,
        7.9290e-15, 3.6845e-17, 5.1101e-15, 7.7068e-17, 4.9322e-13, 4.3913e-16,
        3.2712e-13, 4.7832e-15, 4.6978e-14, 9.8990e-17, 3.3651e-14, 6.7709e-15,
        6.3327e-16, 1.4137e-14, 5.8197e-15, 5.3233e-16, 8.0452e-12, 9.1720e-13,
        1.0291e-14, 6.2567e-16, 3.0400e-11, 1.9678e-16, 4.3650e-13, 2.2753e-12,
        2.6462e-12, 3.8912e-11, 2.5537e-13, 1.7098e-15, 8.8275e-16, 2.9373e-15,
        2.4281e-16, 1.3304e-13, 2.9455e-15, 3.5737e-11, 1.6872e-15, 5.0323e-15,
        9.7685e-12, 8.7294e-15])}, 14: {'step': tensor(59741.), 'exp_avg': tensor([ 2.8577e-09,  1.3605e-08, -3.5191e-07, -1.6767e-08,  8.6823e-09,
         1.1297e-07,  2.4831e-08,  1.2644e-08,  1.8080e-07,  1.8626e-09,
         1.0670e-07,  4.4593e-09, -3.5431e-10, -6.0331e-07,  5.2772e-08,
         3.0516e-11,  3.2801e-07,  4.2990e-08,  1.6828e-08, -7.9583e-09,
         2.2700e-09,  1.7762e-08,  7.4897e-08,  6.1888e-09,  1.4897e-07,
         6.4230e-09, -5.2017e-08, -3.5554e-09,  5.0429e-07,  3.1140e-09,
         7.9087e-08,  1.3764e-08, -1.8804e-09, -1.2620e-07,  1.6072e-07,
         6.9339e-09,  3.8257e-09, -2.9727e-07, -2.1121e-08, -2.8854e-10,
        -1.0577e-08,  5.1377e-09,  3.1853e-08,  5.9839e-09,  2.2940e-08,
        -3.2139e-07,  4.8110e-07, -2.4048e-09,  1.8362e-08, -7.6923e-09,
         6.9642e-08,  7.5472e-09,  6.3110e-09, -1.2775e-07,  5.6801e-08,
        -4.8925e-08, -1.1844e-06,  2.6028e-09, -1.7261e-09, -8.6915e-09,
         5.4919e-08,  4.1267e-08,  8.8072e-09,  1.0928e-08,  4.9866e-08,
         1.2410e-07, -3.4932e-08,  3.9929e-08, -1.7234e-07, -3.7336e-07,
        -9.1308e-09,  6.6018e-08,  4.1348e-08,  2.2117e-08, -4.4427e-07,
         1.4449e-08,  1.3042e-07,  3.3262e-10, -1.1837e-09,  2.4361e-08,
         7.4200e-10, -6.2394e-07,  2.1023e-09,  8.5568e-09,  2.0075e-09,
         2.1212e-07,  5.9219e-08, -2.9401e-08,  5.6207e-07, -2.3894e-08,
        -2.9062e-08,  6.3483e-10, -4.9792e-08,  4.9613e-09,  3.8987e-08,
         2.1597e-09, -9.9356e-08, -1.3709e-08, -4.2262e-08,  4.9655e-09,
        -5.0470e-08, -6.3300e-09,  1.2942e-08,  1.6906e-08,  1.3392e-08,
         9.2638e-09, -4.0475e-08,  6.2026e-08,  3.2059e-08,  9.5623e-09,
         4.2214e-07, -4.1061e-09, -1.1973e-07, -1.9801e-07,  3.7389e-08,
         6.1874e-07, -3.1080e-08,  3.9727e-08, -1.2457e-08,  3.4069e-08,
        -2.9343e-11,  1.6525e-07,  9.0920e-10,  5.4205e-07,  1.3210e-08,
        -4.0813e-08, -1.5430e-07, -3.2336e-08]), 'exp_avg_sq': tensor([3.8812e-16, 1.5891e-15, 1.8169e-12, 5.0942e-15, 3.7894e-14, 3.6229e-12,
        1.0618e-14, 2.3426e-15, 2.1858e-12, 3.7498e-15, 6.6210e-13, 1.7521e-15,
        1.5595e-15, 2.5519e-11, 1.5609e-13, 2.8932e-16, 4.2515e-12, 2.9785e-14,
        1.2872e-14, 3.1987e-15, 2.9590e-15, 4.6993e-14, 2.6039e-14, 2.8885e-16,
        8.5573e-13, 1.5651e-15, 1.3478e-13, 1.2948e-13, 1.0231e-11, 3.7914e-16,
        4.2009e-13, 1.9706e-14, 1.2088e-15, 1.5271e-13, 1.9518e-12, 2.4500e-15,
        6.5051e-16, 8.7014e-13, 5.2548e-14, 1.0880e-16, 9.3021e-15, 6.9874e-16,
        1.6927e-14, 1.5262e-15, 1.9149e-13, 5.1335e-12, 2.1565e-11, 4.1592e-16,
        5.3108e-14, 1.3186e-13, 3.0165e-13, 1.7156e-15, 5.9075e-15, 6.5256e-13,
        3.5555e-13, 3.7001e-14, 3.8241e-11, 4.3146e-16, 9.6953e-13, 1.7429e-15,
        7.8080e-13, 2.1487e-13, 8.0300e-15, 1.0835e-15, 1.0921e-12, 1.9014e-13,
        8.2121e-15, 2.3719e-14, 1.6858e-12, 2.3158e-12, 2.2080e-13, 3.3733e-14,
        5.0619e-14, 4.5140e-15, 2.7085e-12, 6.3021e-14, 1.0202e-12, 1.0454e-12,
        6.3561e-16, 4.7691e-15, 1.2945e-15, 1.1456e-11, 2.5011e-15, 1.1876e-14,
        2.5127e-16, 9.6988e-13, 1.4366e-12, 3.9549e-13, 1.7637e-11, 4.6683e-14,
        4.3246e-14, 1.1782e-16, 3.1602e-14, 7.1498e-16, 6.8066e-13, 2.4542e-15,
        4.1136e-13, 1.1754e-14, 1.5959e-13, 2.9620e-16, 1.2727e-13, 5.7586e-14,
        1.4210e-15, 4.6322e-14, 3.4301e-14, 9.6468e-16, 4.9097e-12, 1.1419e-12,
        3.5880e-14, 6.1739e-15, 5.0650e-12, 1.1351e-15, 3.2605e-13, 1.9215e-12,
        1.8679e-12, 2.0122e-11, 3.5127e-13, 6.8617e-15, 8.3487e-15, 2.8175e-14,
        5.2268e-16, 5.6265e-13, 1.3410e-14, 7.1306e-12, 1.8726e-14, 1.5375e-14,
        2.8557e-12, 7.2428e-14])}, 15: {'step': tensor(59741.), 'exp_avg': tensor([[ 1.8970e-09,  1.4894e-09,  2.1619e-08,  ...,  3.4243e-08,
          2.6175e-08,  3.0065e-08],
        [ 1.6098e-08, -2.3452e-08,  5.1954e-08,  ...,  2.5429e-08,
         -4.5109e-08,  1.1646e-08],
        [ 1.8334e-08,  2.0463e-08,  1.6706e-08,  ..., -7.7195e-09,
          1.8994e-08, -5.4339e-08],
        ...,
        [ 3.0122e-08,  3.4437e-08,  2.4631e-08,  ..., -9.6698e-08,
          1.8311e-08,  9.6432e-08],
        [-4.1523e-08, -1.9295e-08, -2.9148e-08,  ...,  3.3775e-08,
         -1.6481e-08, -3.3359e-09],
        [-1.3080e-07, -4.7120e-08,  1.2467e-07,  ..., -5.3204e-08,
          9.4473e-09,  2.3602e-07]]), 'exp_avg_sq': tensor([[1.8414e-14, 8.6138e-15, 1.2727e-14,  ..., 1.6032e-14, 2.6156e-14,
         5.0547e-14],
        [1.8232e-14, 1.1093e-14, 2.5834e-14,  ..., 2.9612e-14, 3.0833e-14,
         8.9886e-14],
        [1.5755e-14, 1.1766e-14, 5.4111e-14,  ..., 1.3279e-14, 3.1502e-14,
         9.0350e-14],
        ...,
        [3.0640e-14, 2.7674e-14, 3.3290e-14,  ..., 1.1057e-13, 4.7952e-14,
         1.3645e-13],
        [4.3924e-14, 6.5444e-14, 2.8857e-14,  ..., 8.2954e-14, 1.8182e-13,
         2.1786e-13],
        [1.4254e-13, 7.8880e-14, 2.5174e-13,  ..., 3.9278e-13, 2.0657e-13,
         1.9920e-12]])}, 16: {'step': tensor(59741.), 'exp_avg': tensor([[ 3.8391e-07,  7.5841e-07,  7.7908e-07,  4.9395e-08],
        [ 5.8613e-07,  3.4551e-07,  8.2727e-07,  5.7374e-09],
        [ 2.8818e-07,  4.3433e-07,  2.0782e-07,  5.6994e-09],
        [ 1.5819e-07,  2.7648e-07,  3.8357e-07, -3.4408e-08],
        [ 7.7687e-07,  3.7507e-06,  5.7335e-07,  1.9974e-08],
        [ 1.7052e-06, -2.0690e-06, -1.4630e-06, -2.6955e-08],
        [-6.8278e-07, -1.6555e-06, -1.0812e-06, -2.5961e-08],
        [ 9.5113e-07,  4.6469e-07,  6.9234e-07,  4.0382e-08],
        [-1.5024e-06, -1.7711e-06, -1.1330e-06,  2.7918e-09],
        [-2.5025e-07, -1.2079e-08,  2.4209e-07, -3.6583e-08],
        [ 1.0467e-07,  7.6098e-07, -9.4588e-08,  2.1368e-08],
        [ 2.1227e-06,  1.9130e-06,  1.5216e-06,  5.4042e-09],
        [-8.4845e-07, -1.3037e-06, -5.2034e-07, -3.8841e-08],
        [-1.9358e-06, -2.8793e-06, -1.5259e-06, -6.9707e-09],
        [-1.5258e-07, -9.3945e-07, -7.3389e-07,  3.7480e-09],
        [-2.5146e-06, -2.7561e-06, -1.4362e-06, -4.0753e-09],
        [-4.1218e-08, -9.3715e-07, -4.3754e-07, -3.9077e-08],
        [-3.5304e-07, -2.5431e-07, -5.2227e-08,  9.1443e-09],
        [-1.5838e-07,  8.6402e-07,  6.6755e-07, -8.6624e-09],
        [ 7.2793e-08, -3.9149e-07,  5.6491e-07, -3.5404e-08],
        [ 7.4575e-07,  4.9971e-07,  4.1471e-07, -2.1444e-08],
        [ 2.2596e-06,  1.3481e-07, -2.6362e-07,  1.6074e-08],
        [-1.8194e-07,  5.7381e-07, -3.4062e-07,  7.6892e-08],
        [-7.5224e-07, -1.2082e-06, -1.0852e-06, -1.5378e-09],
        [-6.4679e-07, -1.0145e-06, -4.6201e-07, -6.6751e-09],
        [-3.2569e-07, -3.4291e-07, -4.4775e-07, -7.1422e-09],
        [ 7.6455e-07, -7.1864e-07, -9.8404e-07, -6.9614e-08],
        [ 1.8360e-06,  2.6109e-06,  1.9414e-06, -4.2026e-09],
        [-7.6126e-07, -8.3929e-07, -3.0690e-07,  1.6392e-08],
        [-8.0990e-07, -1.0915e-06, -4.7948e-07, -3.7449e-08],
        [-1.8246e-07, -1.1915e-06, -7.2709e-07,  2.3472e-08],
        [-9.9340e-08,  7.1967e-07,  3.1222e-07,  3.0543e-08],
        [ 3.6356e-07,  5.8386e-07,  1.1599e-06, -6.4400e-09],
        [ 2.9602e-06,  2.2909e-06,  2.1944e-06,  1.5504e-08],
        [-8.0104e-07, -1.4702e-06, -4.4494e-07, -5.9841e-09],
        [-9.3888e-07, -1.2404e-06, -9.4686e-07,  1.2602e-08],
        [-4.6482e-07, -1.0632e-06, -5.3624e-07,  1.7040e-08],
        [ 1.1414e-06,  7.9466e-07,  1.6920e-06, -1.7802e-08],
        [ 1.9997e-06,  1.4790e-06,  1.6050e-06, -3.6065e-08],
        [ 2.1210e-07,  2.4994e-07, -1.2401e-07,  8.2428e-09],
        [ 9.0568e-07,  2.1278e-06,  2.2755e-06,  1.2838e-08],
        [ 5.0385e-07,  7.3746e-07,  8.8659e-07,  9.6745e-09],
        [-8.1643e-07, -1.9027e-06, -9.1273e-07,  2.4362e-08],
        [ 7.6985e-08, -6.2725e-07, -2.3009e-07,  1.0549e-08],
        [ 1.7773e-06,  1.5816e-06, -1.2290e-06, -3.4604e-08],
        [ 2.1901e-06,  1.7683e-06,  5.2028e-07, -1.6769e-07],
        [-2.1091e-06, -3.0308e-06, -2.0464e-06,  8.5696e-09],
        [-1.6868e-07,  1.2980e-07,  2.6070e-07, -1.6383e-09],
        [ 1.4913e-06,  2.0623e-06,  3.7763e-06,  5.7371e-08],
        [-7.2093e-07, -2.6004e-06, -1.7432e-06, -4.2015e-08],
        [-2.0330e-07,  1.0314e-06, -3.2020e-07,  2.5966e-08],
        [-6.8326e-07, -8.2114e-07, -4.2708e-07,  1.4112e-08],
        [-7.7645e-07,  2.5077e-07,  5.8790e-08, -4.4106e-08],
        [ 1.5367e-06,  2.2413e-06,  1.6246e-06, -3.0059e-08],
        [-1.6001e-06, -2.0782e-06, -2.7915e-06,  7.8583e-08],
        [ 7.8663e-07, -3.9322e-07,  4.3008e-07,  1.9044e-07],
        [-2.7316e-06, -6.0247e-06, -8.9449e-06, -4.5321e-08],
        [ 2.9736e-07, -2.9185e-07,  7.1035e-07, -8.9702e-08],
        [-2.5623e-06, -3.4640e-06, -3.4026e-06, -1.6351e-08],
        [-3.2983e-06, -5.7823e-08, -1.4910e-06,  1.0851e-08],
        [-1.2435e-07,  2.7189e-07,  2.8033e-07,  2.5324e-09],
        [ 1.3824e-07,  1.2243e-07,  5.1074e-07,  5.1860e-09],
        [-4.4861e-07, -4.8734e-07, -3.9137e-07,  1.5118e-08],
        [-7.3717e-07, -3.6421e-07, -1.6683e-07,  1.3351e-08],
        [ 5.2453e-06,  7.9362e-06,  7.4148e-06,  4.3772e-08],
        [-1.9568e-06, -2.8705e-06, -3.1848e-06, -1.8498e-08],
        [ 2.0840e-06,  2.6576e-06,  2.9120e-06, -2.1013e-08],
        [ 2.6009e-07,  7.7471e-07,  8.5470e-07,  4.4844e-09],
        [ 1.1609e-06,  4.7911e-07,  9.0395e-07,  2.0049e-09],
        [-3.5942e-06, -2.4736e-06, -5.3818e-06,  8.6575e-09],
        [-2.8521e-06, -5.1796e-06, -4.5260e-06, -8.6892e-08],
        [-4.6744e-06,  4.4957e-06, -1.7357e-06, -1.0940e-08],
        [ 2.5771e-07,  1.1606e-06,  1.2015e-06,  5.3252e-08],
        [-1.4674e-06, -1.4096e-06, -8.9582e-07, -1.4826e-09],
        [-1.7360e-06, -1.4027e-06, -9.3179e-07, -1.8802e-09],
        [-2.8593e-07, -1.2676e-06, -6.1026e-07, -7.2343e-09],
        [ 3.8705e-06,  5.6329e-06,  3.1553e-06,  8.2463e-08],
        [-7.6128e-07, -1.7221e-06, -1.5414e-06,  3.1261e-08],
        [ 5.5557e-07,  1.3086e-06,  1.4143e-06,  8.6985e-09],
        [ 5.6178e-07,  6.4070e-07,  1.0646e-06,  2.0555e-08],
        [ 1.5500e-06,  1.4443e-06,  2.5873e-06,  8.7555e-08],
        [ 3.8505e-06,  8.8928e-06,  5.2559e-06, -1.2999e-07],
        [-5.2598e-07, -7.9349e-07, -5.6666e-07,  3.5112e-08],
        [ 4.1862e-07,  6.0974e-07,  8.3379e-07,  1.0679e-08],
        [ 3.3808e-06,  4.8468e-06,  5.3438e-06, -6.5643e-08],
        [ 1.4275e-06, -1.5815e-07,  4.5088e-07,  9.8519e-08],
        [ 7.4542e-07,  3.0150e-07,  1.2086e-06, -5.3351e-10],
        [ 1.7031e-07, -3.3346e-07,  3.9496e-07,  6.0498e-09],
        [-8.9592e-07, -1.6185e-06, -2.0378e-06,  2.2708e-08],
        [ 8.6849e-07,  1.8624e-06,  1.2689e-06, -4.3718e-09],
        [ 2.9768e-08, -2.8875e-07,  2.2340e-07, -1.6939e-08],
        [-3.3836e-07, -8.5071e-07, -7.9855e-07, -2.2915e-08],
        [-1.2503e-06, -6.9252e-07, -6.0400e-07,  1.0432e-08],
        [-1.0734e-06, -1.2944e-06, -3.4925e-07,  1.5911e-08],
        [ 1.4699e-06, -4.4731e-07,  3.8389e-07, -2.1727e-08],
        [-1.8556e-07, -1.1858e-06,  7.2841e-09, -2.6139e-09],
        [-1.4072e-06, -8.3465e-07, -3.0184e-06,  4.8614e-08],
        [ 1.2534e-06,  1.1709e-06,  1.6445e-06,  3.0399e-09],
        [ 1.3288e-06,  8.7502e-07,  9.0180e-07,  1.8982e-09],
        [ 6.0347e-08, -6.8331e-08,  5.8936e-07,  4.8091e-09],
        [ 1.9200e-06,  1.0389e-06,  1.3630e-06,  7.6221e-09],
        [-2.4722e-07, -9.1678e-07,  2.7172e-08, -6.0301e-08],
        [ 8.8161e-07,  7.3366e-07,  5.8472e-07,  5.2451e-09],
        [-2.0286e-08, -3.4861e-07,  1.6801e-07, -2.8614e-08],
        [ 2.7232e-07,  8.9696e-08,  5.3999e-07,  2.1669e-11],
        [-8.7231e-07, -3.7190e-07, -3.2439e-07, -7.1509e-09],
        [-1.4850e-07,  2.9809e-07,  2.6078e-07, -7.9970e-09],
        [-1.7439e-06,  1.0265e-06, -1.2995e-07,  2.1964e-08],
        [-1.5134e-06, -4.6060e-07, -5.7996e-07, -1.0734e-09],
        [ 2.7323e-07, -5.4608e-07, -9.2672e-08, -2.2246e-08],
        [-8.9353e-08,  3.8685e-08, -5.0975e-07,  3.1909e-08],
        [ 1.0566e-06,  5.9792e-07,  1.1463e-06,  2.8657e-08],
        [-1.1964e-06, -1.2789e-06, -1.2192e-06, -1.2510e-08],
        [ 1.6994e-06,  1.1859e-06,  1.3109e-06, -5.0384e-08],
        [ 1.3216e-06,  1.7131e-06,  8.2235e-07, -2.3414e-08],
        [-2.8934e-06, -4.1075e-06, -4.5784e-06, -4.1252e-08],
        [ 1.2695e-06,  1.0495e-06,  1.3005e-06, -2.9853e-08],
        [-8.4044e-07, -8.9628e-07, -5.8081e-07, -2.5581e-08],
        [-2.3946e-06, -6.7533e-07, -1.5357e-06,  7.0768e-09],
        [ 6.3115e-07,  8.2681e-07,  8.6637e-07,  6.7546e-09],
        [ 6.3063e-07,  2.7318e-07,  2.5841e-07, -3.4324e-09],
        [-1.0838e-07, -2.8113e-07,  5.5675e-07,  1.3713e-08],
        [ 3.1870e-07, -1.6117e-06, -3.5538e-07,  2.1977e-08],
        [ 1.8216e-07,  6.1894e-07,  2.7585e-07,  5.8979e-08],
        [-1.2693e-06, -1.6880e-06, -2.2443e-07,  2.4099e-08],
        [-2.0652e-06, -1.4057e-06, -1.5720e-06,  4.3419e-10],
        [ 2.3235e-07, -2.8421e-07,  1.7273e-07,  1.4369e-08],
        [-5.7122e-07,  6.5778e-07,  7.9161e-07, -3.4477e-08]]), 'exp_avg_sq': tensor([[1.0803e-11, 1.7695e-11, 1.1260e-11, 4.9783e-14],
        [2.5413e-11, 3.5905e-11, 2.3806e-11, 8.5192e-15],
        [1.0238e-11, 1.7950e-11, 1.4750e-11, 3.5564e-15],
        [5.4008e-11, 5.6376e-11, 4.3541e-11, 4.2704e-15],
        [8.9655e-10, 2.5228e-09, 1.2257e-09, 1.0804e-14],
        [8.9335e-10, 1.2787e-09, 7.6123e-10, 6.2327e-14],
        [1.0156e-11, 1.5194e-11, 1.0117e-11, 5.8028e-15],
        [1.6107e-11, 3.0914e-11, 1.7551e-11, 6.2096e-14],
        [2.5583e-11, 4.0930e-11, 2.7525e-11, 2.4875e-15],
        [1.6500e-11, 2.4900e-11, 1.5266e-11, 5.6823e-15],
        [2.9262e-11, 3.7088e-11, 2.4506e-11, 5.7156e-15],
        [2.7872e-11, 3.3799e-11, 2.2788e-11, 4.9600e-15],
        [1.9316e-11, 2.9547e-11, 1.8569e-11, 1.0634e-14],
        [2.4789e-10, 9.4216e-10, 4.2811e-10, 1.0228e-13],
        [1.1487e-11, 2.0735e-11, 1.7553e-11, 2.7666e-15],
        [2.2348e-10, 7.2465e-10, 3.2133e-10, 1.6453e-13],
        [1.8035e-10, 2.6817e-10, 1.4120e-10, 2.7540e-14],
        [1.2376e-11, 1.6504e-11, 1.0851e-11, 4.0193e-15],
        [1.5567e-11, 3.0555e-11, 2.5062e-11, 5.3284e-15],
        [4.9363e-11, 8.5436e-11, 5.1425e-11, 1.3425e-14],
        [1.4555e-11, 1.6768e-11, 1.2196e-11, 3.6451e-15],
        [2.7763e-10, 3.1783e-10, 2.5382e-10, 4.1500e-14],
        [1.8135e-10, 1.4012e-10, 1.1377e-10, 2.6670e-14],
        [9.6656e-12, 2.2378e-11, 1.3059e-11, 7.2443e-15],
        [1.1948e-11, 2.1957e-11, 1.4161e-11, 4.9247e-15],
        [1.2847e-11, 1.9020e-11, 1.2425e-11, 1.1911e-14],
        [5.9252e-10, 3.3773e-10, 3.3776e-10, 1.7978e-14],
        [1.1272e-10, 8.2700e-11, 5.7159e-11, 1.2539e-14],
        [1.2618e-11, 2.4072e-11, 1.6171e-11, 4.7346e-15],
        [1.2528e-11, 2.6695e-11, 1.6842e-11, 6.6949e-15],
        [8.5267e-11, 1.3943e-10, 1.1501e-10, 2.9569e-15],
        [1.9778e-11, 3.5790e-11, 2.1177e-11, 3.1469e-14],
        [3.6991e-11, 5.3184e-11, 3.2561e-11, 7.0508e-15],
        [4.5984e-11, 6.4649e-11, 4.8488e-11, 1.0613e-14],
        [5.6297e-11, 1.0368e-10, 6.8522e-11, 8.0493e-15],
        [1.6546e-11, 2.9717e-11, 1.8652e-11, 2.5491e-15],
        [6.7637e-12, 1.4931e-11, 9.8651e-12, 1.4223e-15],
        [2.7084e-11, 5.1080e-11, 2.5322e-11, 8.7171e-15],
        [4.1532e-11, 6.1770e-11, 3.5394e-11, 2.3512e-14],
        [2.8110e-11, 4.9745e-11, 2.7370e-11, 5.1209e-15],
        [1.6582e-11, 2.9891e-11, 2.0000e-11, 2.7450e-15],
        [5.0340e-11, 1.1165e-10, 6.0167e-11, 3.5535e-14],
        [2.2928e-11, 4.7298e-11, 2.5521e-11, 1.9881e-14],
        [1.4631e-11, 2.6456e-11, 1.5183e-11, 6.9155e-15],
        [2.4860e-10, 4.3542e-10, 3.2200e-10, 6.2753e-14],
        [1.6253e-09, 2.3989e-09, 1.4120e-09, 2.5331e-13],
        [1.4991e-10, 2.1956e-10, 1.3418e-10, 5.2340e-14],
        [1.1888e-11, 1.8339e-11, 1.2196e-11, 1.7911e-15],
        [6.2200e-11, 1.4888e-10, 1.4730e-10, 1.7662e-14],
        [1.2782e-10, 1.1724e-10, 8.7838e-11, 2.5405e-14],
        [9.3328e-11, 7.7117e-11, 6.7790e-11, 1.1951e-14],
        [1.1658e-11, 1.9009e-11, 1.2536e-11, 1.4143e-15],
        [3.7174e-11, 4.4114e-11, 2.9836e-11, 1.0418e-14],
        [1.6770e-10, 1.6109e-10, 9.1711e-11, 1.4825e-14],
        [3.2563e-10, 6.9931e-10, 4.5252e-10, 9.3079e-14],
        [8.9447e-10, 1.4710e-09, 9.9653e-10, 1.9185e-13],
        [1.2808e-10, 5.6767e-10, 7.6945e-10, 3.8498e-14],
        [5.0294e-10, 2.4703e-10, 2.9217e-10, 7.6247e-14],
        [8.4056e-11, 6.0486e-11, 5.4742e-11, 1.0728e-14],
        [3.8004e-10, 7.1739e-10, 4.1220e-10, 1.7175e-13],
        [2.0574e-11, 4.6221e-11, 4.1468e-11, 4.4658e-15],
        [9.4878e-12, 1.8269e-11, 1.1091e-11, 3.7996e-15],
        [1.9402e-11, 2.5425e-11, 1.7376e-11, 2.7780e-15],
        [2.5493e-11, 3.5535e-11, 2.5668e-11, 3.5245e-15],
        [2.1759e-10, 4.0601e-10, 2.4398e-10, 1.4452e-13],
        [4.7561e-11, 1.3205e-10, 8.0726e-11, 1.5553e-13],
        [3.0609e-10, 2.1274e-10, 2.0721e-10, 2.0580e-14],
        [3.3138e-11, 5.5224e-11, 4.7201e-11, 2.8711e-15],
        [1.8051e-11, 3.2087e-11, 1.8936e-11, 7.8028e-15],
        [2.3082e-10, 9.7417e-10, 7.5395e-10, 5.0237e-14],
        [1.4473e-10, 2.9921e-10, 1.8649e-10, 7.4704e-14],
        [3.0476e-09, 6.0134e-09, 3.8189e-09, 4.4992e-13],
        [1.6167e-11, 1.3849e-11, 1.2045e-11, 8.9331e-15],
        [1.8277e-11, 3.9706e-11, 2.4191e-11, 2.7339e-14],
        [1.5493e-10, 1.8976e-10, 1.5615e-10, 2.8533e-14],
        [1.8836e-11, 3.5123e-11, 2.1605e-11, 5.5121e-15],
        [3.6570e-10, 5.5927e-10, 4.1043e-10, 2.8671e-13],
        [3.9009e-11, 7.2840e-11, 4.2471e-11, 1.2423e-14],
        [1.3691e-11, 1.8792e-11, 1.2563e-11, 2.0821e-15],
        [5.5701e-11, 1.5094e-10, 9.2720e-11, 1.1335e-14],
        [4.0373e-10, 1.5057e-09, 9.3640e-10, 1.7855e-13],
        [5.6506e-09, 1.2132e-08, 7.1519e-09, 5.2882e-13],
        [2.0169e-11, 2.6737e-11, 1.9720e-11, 7.8719e-15],
        [1.1627e-11, 2.1927e-11, 1.2784e-11, 1.3203e-15],
        [4.9296e-10, 4.5289e-10, 5.9925e-10, 1.0935e-13],
        [2.6955e-10, 3.8225e-10, 2.2895e-10, 1.6734e-13],
        [4.4220e-11, 6.6738e-11, 5.0770e-11, 6.6773e-15],
        [2.3204e-11, 3.3007e-11, 2.3835e-11, 6.4682e-15],
        [3.7411e-11, 6.1931e-11, 5.8218e-11, 1.4493e-14],
        [5.9485e-11, 4.6105e-11, 3.8582e-11, 2.5108e-15],
        [1.7979e-11, 2.3791e-11, 1.6810e-11, 6.5189e-15],
        [1.1377e-11, 2.2094e-11, 1.3228e-11, 1.1395e-14],
        [9.9173e-12, 1.2287e-11, 8.5107e-12, 1.7150e-15],
        [1.7789e-11, 2.5785e-11, 1.4758e-11, 2.7788e-15],
        [1.5027e-10, 1.8886e-10, 1.7401e-10, 1.2693e-13],
        [3.4978e-11, 6.7151e-11, 3.6289e-11, 1.9496e-14],
        [3.4127e-10, 3.9700e-10, 3.1884e-10, 1.1678e-14],
        [1.2773e-11, 2.2897e-11, 1.4941e-11, 1.8122e-15],
        [1.2726e-11, 2.3292e-11, 1.4532e-11, 4.7808e-15],
        [2.0354e-11, 6.2748e-11, 5.1244e-11, 7.2757e-15],
        [3.7656e-11, 4.9563e-11, 3.4036e-11, 2.3217e-14],
        [7.7989e-11, 1.6581e-10, 7.9343e-11, 2.6915e-14],
        [2.0248e-11, 4.2104e-11, 2.2796e-11, 3.3163e-14],
        [1.6956e-11, 3.3037e-11, 2.0291e-11, 4.4495e-15],
        [6.8560e-12, 1.0978e-11, 7.3417e-12, 3.1577e-15],
        [1.5537e-11, 1.7088e-11, 1.3385e-11, 5.8768e-15],
        [3.4617e-11, 6.7544e-11, 6.0455e-11, 8.9385e-15],
        [2.2873e-10, 2.1996e-10, 1.8323e-10, 4.1047e-14],
        [2.7800e-11, 4.2709e-11, 2.6116e-11, 7.4413e-15],
        [2.2894e-11, 3.2163e-11, 2.4475e-11, 1.7055e-14],
        [3.7338e-11, 5.4102e-11, 3.5641e-11, 1.8096e-14],
        [1.2051e-11, 1.7634e-11, 1.1292e-11, 3.1050e-15],
        [1.0671e-10, 1.4894e-10, 7.7880e-11, 3.0787e-14],
        [5.5626e-11, 6.8064e-11, 4.3686e-11, 3.1889e-14],
        [9.1870e-11, 1.6616e-10, 9.4541e-11, 5.2841e-14],
        [1.7632e-10, 4.6390e-10, 4.2283e-10, 2.1835e-14],
        [2.0177e-10, 3.7451e-10, 2.5649e-10, 3.0448e-14],
        [1.5105e-11, 2.1168e-11, 1.3666e-11, 1.7440e-14],
        [3.7057e-11, 4.7486e-11, 3.0084e-11, 2.9759e-15],
        [7.1011e-12, 1.3938e-11, 8.4842e-12, 2.0185e-15],
        [1.7308e-11, 2.1761e-11, 1.5317e-11, 2.4729e-15],
        [3.1062e-11, 5.4967e-11, 3.6598e-11, 9.4677e-15],
        [1.4497e-10, 2.0906e-10, 1.4302e-10, 6.0474e-14],
        [2.6282e-11, 7.2020e-11, 3.8756e-11, 3.4673e-14],
        [2.6697e-11, 6.8045e-11, 5.4256e-11, 1.1099e-14],
        [2.7754e-11, 2.7286e-11, 2.1909e-11, 2.0781e-15],
        [4.1050e-11, 3.9357e-11, 2.5003e-11, 3.5299e-15],
        [1.3320e-10, 1.7353e-10, 1.1653e-10, 5.1029e-14]])}, 17: {'step': tensor(59741.), 'exp_avg': tensor([ 9.2257e-07,  1.1152e-06,  4.1605e-07,  5.7654e-07,  2.5534e-06,
        -3.9011e-07, -1.8053e-06,  1.2945e-06, -2.3086e-06,  4.4103e-08,
         3.6254e-07,  3.1573e-06, -1.3252e-06, -3.4382e-06, -1.0286e-06,
        -3.4624e-06, -6.5962e-07, -2.3225e-07,  6.2344e-07,  3.9464e-07,
         9.6036e-07,  1.9006e-06,  6.4496e-08, -1.7819e-06, -1.1338e-06,
        -6.3469e-07, -8.9124e-07,  3.5896e-06, -1.0080e-06, -1.1886e-06,
        -9.7765e-07,  4.0942e-07,  1.6145e-06,  4.3218e-06, -1.2031e-06,
        -1.7659e-06, -1.0815e-06,  2.1647e-06,  2.9950e-06,  3.9603e-07,
         3.1908e-06,  9.2569e-07, -1.6332e-06, -3.1178e-07,  1.3239e-07,
         2.6014e-06, -3.6609e-06,  1.3685e-07,  4.5194e-06, -2.7910e-06,
         2.7162e-08, -1.0582e-06, -2.5306e-07,  3.1479e-06, -4.4949e-06,
         3.5646e-07, -1.1247e-05,  6.0824e-07, -5.4665e-06, -3.7894e-06,
         5.0838e-07,  5.5330e-07, -6.4524e-07, -7.1008e-07,  1.2246e-05,
        -4.7388e-06,  4.3084e-06,  9.7675e-07,  1.7663e-06, -7.1731e-06,
        -7.5659e-06, -3.5998e-06,  1.4134e-06, -1.9295e-06, -2.0775e-06,
        -1.0847e-06,  6.9821e-06, -2.2199e-06,  1.9818e-06,  1.4985e-06,
         3.5478e-06,  9.9549e-06, -1.0791e-06,  1.1531e-06,  8.0219e-06,
         1.1111e-06,  1.8000e-06,  4.8670e-07, -2.6335e-06,  2.0421e-06,
         2.2470e-07, -1.1992e-06, -1.6012e-06, -1.5336e-06,  1.3899e-06,
        -6.6259e-07, -4.1874e-06,  2.5069e-06,  1.8110e-06,  2.6721e-07,
         2.6798e-06, -5.0164e-07,  1.1642e-06,  1.7985e-07,  6.5917e-07,
        -9.7919e-07,  4.5504e-07, -1.3918e-06, -1.5410e-06,  1.2068e-08,
        -4.1634e-07,  1.7696e-06, -2.1068e-06,  2.7028e-06,  1.4796e-06,
        -6.7507e-06,  2.4244e-06, -1.3164e-06, -3.1593e-06,  1.3214e-06,
         6.6064e-07,  3.7806e-08, -6.5047e-07,  7.4888e-07, -1.5209e-06,
        -3.1264e-06,  3.4218e-07,  5.2153e-07]), 'exp_avg_sq': tensor([3.5360e-11, 7.7585e-11, 3.8749e-11, 1.4646e-10, 3.8950e-09, 2.5822e-09,
        3.2319e-11, 5.6678e-11, 8.4828e-11, 5.1036e-11, 8.3665e-11, 7.7152e-11,
        6.0534e-11, 1.2372e-09, 4.6255e-11, 9.9129e-10, 5.1282e-10, 3.7081e-11,
        6.6246e-11, 1.6447e-10, 4.1025e-11, 7.9725e-10, 4.0935e-10, 3.9054e-11,
        4.2739e-11, 3.9538e-11, 1.3072e-09, 2.3890e-10, 4.5661e-11, 4.9255e-11,
        3.1799e-10, 6.6681e-11, 1.1087e-10, 1.4632e-10, 1.9955e-10, 5.9598e-11,
        2.8096e-11, 8.8105e-11, 1.2275e-10, 9.2780e-11, 6.0971e-11, 1.8870e-10,
        8.1159e-11, 4.8940e-11, 9.4395e-10, 4.8533e-09, 4.4703e-10, 3.8398e-11,
        3.2693e-10, 3.1365e-10, 2.2560e-10, 4.0010e-11, 1.0266e-10, 3.9455e-10,
        1.3055e-09, 3.0330e-09, 1.3682e-09, 1.1150e-09, 1.9642e-10, 1.3504e-09,
        1.0217e-10, 3.4196e-11, 5.7167e-11, 8.0041e-11, 7.7705e-10, 2.1820e-10,
        7.1783e-10, 1.2402e-10, 6.0343e-11, 1.6017e-09, 5.3776e-10, 1.1531e-08,
        4.0691e-11, 7.0125e-11, 4.6127e-10, 6.6822e-11, 1.1730e-09, 1.3501e-10,
        4.1298e-11, 2.4449e-10, 2.2658e-09, 2.1655e-08, 6.3122e-11, 4.0518e-11,
        1.5351e-09, 7.9208e-10, 1.4528e-10, 7.3418e-11, 1.4680e-10, 1.4215e-10,
        5.3621e-11, 4.2472e-11, 2.8310e-11, 5.2976e-11, 4.7576e-10, 1.1713e-10,
        1.0083e-09, 4.4891e-11, 4.4872e-11, 1.2135e-10, 1.1052e-10, 2.7461e-10,
        7.2367e-11, 6.0470e-11, 2.3043e-11, 4.3715e-11, 1.4986e-10, 6.0224e-10,
        8.6270e-11, 7.3842e-11, 1.1943e-10, 3.7140e-11, 3.0268e-10, 1.4881e-10,
        3.1004e-10, 9.3973e-10, 7.4628e-10, 4.5902e-11, 1.0594e-10, 2.5974e-11,
        5.0882e-11, 1.0627e-10, 4.5146e-10, 1.2328e-10, 1.3549e-10, 7.4135e-11,
        1.0046e-10, 3.9101e-10])}, 18: {'step': tensor(59741.), 'exp_avg': tensor([ 5.1681e-08, -7.5664e-09, -6.5423e-08,  2.1146e-08,  1.6368e-08,
         8.0202e-08, -2.9068e-08,  2.9262e-08, -2.4632e-07,  4.1665e-08,
         1.2790e-07, -1.3795e-07, -2.9737e-08, -4.1767e-07,  4.6406e-08,
        -1.5062e-07, -4.3740e-08, -5.6370e-09,  5.3975e-08, -9.1183e-08,
         2.0393e-08, -2.9140e-07, -2.7321e-07, -1.1573e-08, -3.0663e-07,
        -5.9027e-08, -4.2264e-10,  1.8858e-08, -5.4837e-08, -3.7037e-08,
        -4.2098e-08, -3.4329e-08,  6.9737e-08, -8.5440e-08, -3.9509e-07,
         2.0743e-08, -4.2759e-09,  5.8711e-08,  1.7299e-08, -2.6440e-08,
        -5.8600e-08, -6.9221e-08,  4.4892e-08, -4.7826e-08,  1.6180e-07,
         2.0155e-07, -2.3746e-07, -2.5523e-08, -7.6513e-08,  7.5448e-10,
         2.3279e-07,  7.6935e-09, -2.1972e-08, -3.4566e-08, -8.5059e-08,
        -3.2103e-07, -1.1656e-06, -4.3613e-08,  1.5335e-07,  6.2774e-08,
         2.2529e-08,  4.4387e-09, -6.1623e-08, -5.7022e-08, -1.6944e-09,
         8.0858e-08, -1.5621e-07,  4.2872e-09,  7.0108e-09,  5.9321e-07,
        -2.3312e-07, -2.9226e-09, -6.7223e-08, -6.7335e-08, -3.1388e-07,
         1.7730e-08, -1.5886e-07, -2.6349e-07,  7.4888e-09, -3.1139e-08,
        -3.8713e-08,  1.1869e-07, -6.0777e-09, -4.6623e-09, -3.1480e-07,
         1.5267e-07, -5.4194e-07,  1.2237e-08, -2.7122e-08, -7.0030e-08,
        -3.3306e-09,  8.4071e-09,  1.0253e-07,  7.5493e-09,  3.9065e-08,
        -1.2097e-07, -2.0400e-07, -2.7848e-08,  1.2736e-07,  1.1846e-07,
         2.0213e-08, -2.4719e-07,  2.8986e-08, -5.4538e-09, -3.1964e-08,
         1.3453e-07, -1.0621e-07, -4.6662e-08,  2.6532e-08,  8.9734e-09,
        -2.2601e-07, -3.6358e-08, -6.8563e-08,  2.6635e-07, -1.9183e-07,
         5.6798e-08,  3.2541e-07, -7.1243e-09,  3.0967e-07,  3.5595e-08,
        -5.4682e-08, -2.3146e-08,  1.6753e-07, -1.3719e-07, -2.1040e-07,
         4.4450e-08,  1.0292e-08,  1.3651e-07]), 'exp_avg_sq': tensor([2.3942e-14, 4.7130e-14, 3.9837e-13, 1.6392e-13, 4.7435e-13, 8.6176e-12,
        6.8163e-14, 7.9912e-14, 6.9550e-13, 4.0291e-14, 2.4712e-13, 1.4875e-13,
        1.1522e-13, 8.9179e-12, 3.2924e-13, 2.0886e-13, 7.3512e-12, 1.4100e-13,
        3.0783e-13, 1.0144e-13, 1.0983e-13, 7.1295e-13, 6.3730e-13, 1.0940e-14,
        8.5404e-13, 1.7551e-13, 1.0924e-12, 3.5101e-13, 3.1512e-13, 2.1684e-14,
        1.9173e-13, 1.5072e-13, 2.2879e-13, 8.9378e-14, 1.3026e-12, 1.5295e-14,
        2.1852e-15, 4.8662e-13, 8.8584e-14, 5.4887e-14, 3.6306e-14, 1.6688e-13,
        2.5102e-13, 7.4547e-14, 5.4694e-13, 1.0054e-10, 2.6161e-12, 1.8248e-14,
        1.4293e-13, 4.9845e-13, 8.8698e-13, 8.9720e-15, 1.0732e-13, 7.0088e-13,
        4.8257e-13, 7.6663e-12, 1.4485e-11, 1.1523e-12, 1.7814e-12, 1.5204e-12,
        6.3663e-13, 3.7462e-14, 6.3037e-14, 5.5178e-14, 2.1347e-13, 2.5531e-13,
        4.2329e-13, 7.2648e-13, 4.1608e-13, 9.8844e-12, 3.7054e-12, 2.2043e-11,
        1.7553e-13, 1.3154e-13, 4.9605e-12, 1.3086e-13, 1.2257e-12, 6.1620e-13,
        2.4678e-14, 2.1223e-13, 1.7732e-12, 2.0703e-11, 2.2218e-14, 4.4929e-14,
        3.8086e-13, 6.1307e-13, 1.3597e-12, 3.1177e-13, 3.8507e-13, 1.3829e-13,
        1.0548e-13, 5.0428e-15, 1.9922e-13, 1.4061e-14, 1.2472e-13, 1.7339e-13,
        6.4376e-13, 4.2149e-14, 2.5709e-13, 5.3412e-13, 1.9013e-13, 5.4225e-13,
        1.5198e-13, 2.3341e-13, 6.1563e-14, 1.7567e-13, 4.0041e-13, 9.2064e-13,
        1.5059e-13, 3.0604e-14, 8.2539e-13, 1.0551e-14, 9.5293e-13, 3.5243e-13,
        4.6558e-13, 2.4011e-11, 2.1918e-12, 4.2674e-14, 4.8783e-13, 1.7255e-13,
        1.3983e-13, 1.2195e-13, 9.1591e-13, 4.0710e-13, 2.8678e-13, 1.4806e-13,
        3.4468e-13, 8.3018e-13])}, 19: {'step': tensor(59741.), 'exp_avg': tensor([ 1.3642e-08,  6.7408e-08,  5.4676e-08,  2.0097e-08,  7.9579e-08,
         1.8458e-07, -1.4561e-07,  6.1539e-08, -1.9208e-07, -8.3239e-09,
         2.9365e-08,  2.1413e-07, -7.6290e-08, -2.4805e-07, -1.2845e-07,
        -1.5036e-07, -1.4532e-07,  3.7282e-08, -1.4945e-08,  5.3340e-08,
         9.9983e-08,  9.9972e-08,  9.8541e-08, -9.9233e-08, -9.0730e-08,
        -7.7450e-08, -9.0346e-08,  1.4122e-07, -1.7370e-08, -7.3134e-08,
        -3.0507e-08,  4.4625e-08,  8.9871e-08,  2.2268e-07, -4.8752e-08,
        -6.4711e-08, -5.9089e-08,  2.7167e-07,  1.3406e-07,  6.0200e-09,
         1.3489e-07,  1.1684e-08, -1.0769e-07, -1.0779e-08, -2.0145e-08,
         1.9403e-07, -1.6673e-07, -2.5338e-09,  2.7659e-07, -7.3513e-08,
        -5.9753e-08, -3.5832e-08, -3.0249e-08,  1.4994e-07, -1.5333e-07,
         1.1014e-07, -8.6624e-07,  3.5621e-08, -4.3302e-07, -2.4170e-08,
        -4.6909e-09,  1.7858e-08,  6.5446e-09, -1.2163e-08,  3.8157e-07,
        -2.0004e-07,  1.4626e-07,  3.3343e-08,  1.6822e-07, -4.9241e-07,
        -4.9124e-07, -1.8226e-07,  1.3173e-07, -1.3995e-07, -1.1420e-07,
        -5.7351e-08,  2.3711e-07, -1.4299e-07,  6.3190e-08,  1.0353e-07,
         1.9555e-07,  1.9432e-06, -5.3179e-08,  6.2334e-08,  2.4824e-07,
         1.3466e-07,  3.3589e-07,  9.9285e-08, -1.5586e-07,  1.0770e-07,
         1.7933e-08, -5.3462e-08, -2.1120e-07, -5.7543e-08,  9.6153e-08,
         9.6777e-09, -1.9431e-07,  1.6323e-07,  1.3718e-07, -2.7236e-08,
         1.2702e-07, -4.0374e-08,  5.7055e-08,  1.5018e-08,  6.4828e-08,
        -9.8389e-08,  4.8567e-08, -3.4730e-08, -6.4822e-08,  1.0869e-08,
        -7.2248e-08,  8.8335e-08, -5.3774e-08,  1.5561e-07,  8.8944e-08,
        -6.5784e-07,  2.3142e-07, -1.0127e-07, -2.3087e-07,  9.9495e-08,
         8.3696e-08,  3.3566e-08,  6.0773e-08,  5.8374e-08, -3.6634e-08,
        -2.2421e-07,  1.9815e-08,  8.2937e-08]), 'exp_avg_sq': tensor([7.0607e-14, 1.9102e-13, 6.4613e-13, 3.1033e-13, 3.5865e-12, 1.1102e-11,
        2.2764e-13, 1.5096e-13, 5.0089e-13, 1.3531e-13, 2.9782e-13, 3.4606e-13,
        2.4646e-13, 6.4684e-12, 3.4375e-13, 1.2206e-12, 4.3111e-12, 3.3357e-13,
        3.7963e-13, 3.1575e-13, 2.9569e-13, 1.5969e-12, 1.1876e-12, 5.2666e-14,
        9.9558e-13, 3.2656e-13, 5.0057e-12, 8.0617e-13, 2.0170e-13, 9.5600e-14,
        5.3828e-13, 3.5768e-13, 3.5932e-13, 3.9889e-13, 2.2296e-12, 6.3019e-14,
        1.4993e-14, 9.1241e-13, 4.0232e-13, 1.7003e-13, 1.0779e-13, 6.4755e-13,
        2.8427e-13, 2.3362e-13, 1.6008e-12, 3.0125e-11, 1.9805e-12, 6.2196e-14,
        7.7076e-13, 8.1675e-13, 1.3938e-12, 4.2812e-14, 3.0522e-13, 1.4957e-12,
        1.6594e-12, 8.5294e-12, 7.9905e-12, 3.2362e-12, 1.7948e-12, 2.5400e-12,
        5.9409e-13, 9.1937e-14, 2.0790e-13, 1.9081e-13, 6.6854e-13, 3.7750e-13,
        1.5703e-12, 7.3503e-13, 4.8270e-13, 8.8953e-12, 2.6307e-12, 4.4347e-11,
        3.1407e-13, 4.0683e-13, 3.3310e-12, 3.0432e-13, 2.6787e-12, 5.0246e-13,
        5.8719e-14, 7.2324e-13, 5.7932e-12, 3.4359e-10, 1.0442e-13, 1.6801e-13,
        2.2133e-12, 1.3500e-12, 2.0492e-12, 3.7256e-13, 7.0530e-13, 3.2063e-13,
        2.9424e-13, 3.8135e-14, 3.1474e-13, 7.2202e-14, 4.5486e-13, 4.3567e-13,
        1.2581e-12, 1.8633e-13, 3.6379e-13, 5.8936e-13, 3.7029e-13, 7.2302e-13,
        4.2296e-13, 3.4230e-13, 1.0926e-13, 2.7180e-13, 8.8131e-13, 1.5171e-12,
        3.1966e-13, 1.2874e-13, 7.0222e-13, 5.1208e-14, 9.6786e-13, 5.2031e-13,
        8.1868e-13, 9.5667e-12, 8.3677e-12, 1.7541e-13, 5.4539e-13, 2.6464e-13,
        2.7265e-13, 2.7181e-13, 1.4031e-12, 6.9653e-13, 6.9587e-13, 4.0990e-13,
        6.1123e-13, 1.2855e-12])}, 20: {'step': tensor(59741.), 'exp_avg': tensor([-9.8310e-08, -2.8669e-09, -2.4378e-07,  1.2380e-08, -4.1428e-08,
         1.5056e-09,  9.8994e-08,  7.5072e-11, -2.0270e-08,  1.0243e-08,
         6.6844e-07, -1.8219e-09,  3.7683e-08,  2.3743e-08,  2.3080e-08,
         3.4735e-08,  2.3807e-07, -9.6589e-07,  9.1138e-08,  3.3504e-08,
        -4.0950e-08,  5.0105e-08, -3.2765e-08,  1.5972e-07, -8.5491e-08,
         4.4819e-07, -9.5035e-09,  1.6081e-07,  1.6854e-07,  1.6562e-08,
        -2.1856e-08,  3.9790e-08,  3.2611e-08,  6.7787e-08, -3.1485e-08,
         4.3642e-08, -3.7764e-08,  3.2843e-08, -9.1746e-08,  4.5754e-07,
        -1.4569e-08, -1.2491e-09, -4.7551e-08,  1.6544e-08, -7.1777e-07,
         1.5748e-07, -5.8961e-08, -1.4229e-07,  2.4520e-08, -1.5009e-07,
         9.5747e-08,  1.7042e-08,  1.8463e-08,  5.0237e-08,  1.7343e-08,
        -1.1134e-07, -3.4428e-08,  2.4961e-08, -3.6639e-08, -1.2165e-09,
         1.1199e-08,  2.1762e-08,  2.8226e-08,  9.6879e-09, -4.1975e-08,
         2.8407e-07,  3.4721e-09,  1.2541e-08,  6.2016e-08, -1.1574e-08,
        -4.1342e-09,  2.6915e-09, -3.0304e-07, -1.9844e-08, -1.0355e-07,
        -1.7230e-08,  7.8398e-08,  2.0701e-08,  2.1275e-08, -8.4913e-08,
         5.2725e-07,  7.4698e-08, -2.3946e-08, -4.6136e-09,  4.9907e-08,
        -1.9456e-11,  6.3917e-08,  4.0691e-08,  2.4800e-08,  2.5807e-07,
         8.3924e-09,  3.0890e-08,  2.1450e-07,  3.6392e-07, -2.1500e-08,
         4.6174e-08,  4.8017e-07, -2.0670e-07,  1.2634e-06,  1.3504e-07,
         1.0230e-06,  8.5910e-09,  5.7170e-08,  9.0978e-09,  1.2514e-08,
        -3.1192e-08, -4.9279e-08,  2.1912e-08,  6.4332e-07, -2.3219e-08,
         1.9130e-07,  3.2039e-08,  7.3857e-08,  6.4685e-08,  2.2973e-08,
        -1.9282e-07, -1.4362e-07, -4.4389e-08,  1.4713e-06,  3.9170e-08,
         1.6720e-08,  4.5300e-08, -1.7045e-08, -7.4820e-08, -7.7652e-08,
         2.6146e-08, -4.7370e-07,  3.2442e-08]), 'exp_avg_sq': tensor([3.5823e-12, 4.7476e-14, 1.6403e-12, 2.9380e-14, 1.1493e-13, 2.3029e-14,
        1.1255e-13, 8.0004e-14, 7.3011e-15, 7.6260e-14, 7.4113e-12, 2.6910e-14,
        4.0364e-14, 9.0932e-15, 5.0534e-14, 5.7363e-13, 1.5974e-12, 1.0287e-11,
        9.5877e-13, 5.1132e-13, 2.9292e-14, 1.8922e-13, 1.7052e-13, 7.4478e-13,
        2.0951e-13, 1.3756e-12, 2.5669e-13, 6.2982e-13, 1.8709e-13, 8.8367e-15,
        2.7425e-13, 1.7318e-14, 7.7605e-14, 8.9081e-13, 6.7501e-14, 9.2517e-14,
        6.4338e-13, 1.9812e-13, 3.1161e-13, 6.3011e-12, 1.1570e-14, 3.6343e-13,
        3.2859e-13, 3.7261e-13, 1.4317e-11, 1.7937e-12, 4.5577e-13, 1.3488e-12,
        8.1944e-14, 1.7403e-13, 1.3799e-12, 2.5579e-14, 1.6521e-13, 3.7021e-14,
        3.2008e-14, 2.0815e-13, 9.5854e-13, 1.4881e-14, 3.8582e-13, 1.3228e-14,
        4.6225e-15, 2.9697e-14, 2.3926e-13, 3.9014e-14, 1.4283e-14, 2.0636e-12,
        3.1935e-14, 2.7491e-14, 2.6517e-13, 2.1924e-14, 2.0846e-13, 2.5427e-14,
        4.1870e-13, 1.9603e-12, 8.6888e-14, 3.8996e-14, 2.9097e-13, 6.3857e-14,
        4.7671e-14, 2.3352e-13, 3.6988e-12, 3.6698e-13, 1.0765e-13, 1.3519e-14,
        9.3163e-14, 2.9963e-14, 5.6899e-12, 2.0652e-13, 2.3059e-14, 1.2749e-12,
        1.0542e-13, 2.7832e-14, 2.1308e-12, 1.3848e-12, 1.3220e-13, 3.1395e-14,
        1.5994e-12, 5.6773e-13, 1.6410e-11, 9.8074e-13, 2.8282e-11, 6.5818e-14,
        5.5568e-14, 2.2135e-14, 1.7080e-14, 4.2774e-13, 1.7238e-13, 4.4207e-14,
        1.7200e-11, 4.0307e-15, 2.5537e-12, 1.1100e-14, 4.1514e-14, 1.5763e-13,
        1.5237e-13, 1.0840e-12, 6.7859e-12, 1.9029e-13, 1.3608e-10, 9.0685e-14,
        4.6552e-14, 4.3549e-14, 2.3236e-14, 1.2886e-13, 2.0333e-13, 9.1712e-15,
        3.5794e-12, 6.6343e-14])}, 21: {'step': tensor(59741.), 'exp_avg': tensor([-2.3072e-08, -1.8383e-08, -3.6944e-08,  2.5523e-08, -1.4616e-08,
        -3.4047e-08, -3.2915e-09,  1.2296e-08, -3.2684e-08, -5.2828e-08,
        -7.8918e-09, -1.5750e-08,  8.5076e-09,  1.3110e-08,  3.5025e-08,
        -9.2067e-09,  8.6736e-08,  2.4408e-07, -3.1129e-08, -9.2315e-09,
         4.7118e-08, -2.5881e-08,  2.8185e-09, -2.8510e-08, -1.5511e-08,
         1.7605e-08, -1.8644e-08,  2.4206e-08,  1.6988e-08, -2.4617e-08,
        -1.2246e-08,  1.5740e-08,  6.0798e-08,  4.0731e-08,  1.7651e-08,
         3.2551e-08,  2.1712e-09,  2.7371e-08, -3.6582e-08, -6.0694e-08,
         3.4644e-08,  1.6448e-08,  3.6742e-08, -1.5459e-10, -8.9857e-08,
        -4.8484e-08, -8.8663e-08,  4.8682e-08, -2.0675e-09, -1.3826e-07,
         2.9963e-08,  1.0778e-10,  1.5001e-08,  3.0654e-08, -1.3298e-08,
        -2.3196e-07, -2.0051e-08,  1.3149e-08,  8.9016e-09,  5.6438e-09,
        -3.3250e-09,  2.3909e-08,  2.7672e-08,  3.3977e-08,  2.6537e-08,
        -7.1168e-08, -1.3392e-07,  1.4757e-08, -3.7597e-09,  1.0039e-08,
        -9.7831e-10, -1.3823e-08,  5.8216e-08, -3.4468e-09,  5.6893e-08,
        -2.5706e-08,  3.2503e-07,  1.0979e-08, -7.9574e-08, -6.7289e-08,
         1.3858e-09, -9.8662e-08,  1.0876e-08,  6.3336e-09, -1.5832e-07,
         8.6868e-08,  5.8048e-08,  6.4084e-09,  9.5543e-09,  1.7785e-07,
         6.7023e-08,  4.0406e-08,  1.4181e-08, -1.0059e-07, -8.9747e-10,
        -5.6770e-09, -2.7783e-08,  4.7907e-08, -9.8114e-09, -2.4027e-08,
         1.6926e-09, -1.6638e-08, -2.5151e-08,  2.6003e-08,  1.4397e-08,
        -1.4273e-07,  8.8766e-09,  7.7474e-09,  5.0062e-08,  1.1604e-08,
        -1.0785e-07,  3.0824e-08,  1.3851e-08, -5.0867e-08, -1.5983e-08,
        -8.9006e-08, -1.8814e-08, -5.7382e-10, -9.8447e-10, -5.2957e-08,
        -1.6503e-08, -4.0233e-08,  1.3769e-08, -6.0844e-08,  8.5845e-08,
         1.8290e-08,  9.0938e-08,  1.5736e-08]), 'exp_avg_sq': tensor([4.1933e-13, 2.9412e-14, 2.4324e-14, 6.2426e-15, 5.3382e-15, 2.2403e-14,
        1.0709e-14, 1.1921e-14, 6.0220e-15, 1.6123e-14, 1.3513e-14, 1.7896e-14,
        2.6229e-15, 3.4940e-15, 2.3018e-14, 2.0144e-14, 1.3918e-13, 6.3955e-13,
        7.1642e-14, 8.8567e-15, 2.1739e-14, 8.1201e-15, 3.1098e-14, 4.9810e-14,
        2.8109e-14, 1.9635e-14, 2.9732e-14, 2.5392e-14, 1.4798e-14, 1.3289e-13,
        6.1861e-15, 4.1097e-15, 2.4252e-14, 2.5110e-14, 1.8422e-14, 5.4275e-14,
        1.7078e-14, 7.6339e-15, 7.3298e-14, 4.1187e-14, 6.7039e-14, 1.2527e-14,
        2.7889e-13, 2.6807e-14, 2.0666e-13, 3.0785e-14, 2.0685e-13, 4.7358e-13,
        1.0720e-14, 8.8571e-14, 2.3967e-14, 5.1463e-14, 2.5445e-14, 1.2347e-14,
        5.4500e-15, 1.8153e-13, 1.9089e-14, 2.7004e-15, 9.9759e-15, 2.8671e-15,
        7.3256e-15, 1.0956e-14, 6.8781e-14, 1.6472e-14, 2.2468e-14, 7.4979e-14,
        3.3293e-13, 1.5478e-14, 1.5941e-14, 2.5201e-14, 2.0606e-14, 2.1990e-14,
        8.4813e-14, 2.0294e-13, 2.2149e-14, 1.4009e-14, 6.9727e-13, 3.2930e-15,
        5.6651e-14, 2.5430e-14, 1.7574e-14, 9.7538e-13, 2.0942e-14, 1.6156e-14,
        4.0729e-14, 1.1899e-14, 2.1855e-13, 4.3830e-14, 2.9235e-15, 5.8242e-13,
        3.1256e-14, 9.5761e-15, 6.5547e-14, 3.7937e-13, 9.0398e-15, 2.7160e-15,
        5.7699e-14, 1.3653e-13, 5.8608e-13, 1.8429e-14, 8.8782e-14, 5.7018e-15,
        6.5073e-14, 1.9770e-14, 3.5641e-15, 2.6257e-13, 1.5394e-14, 4.7966e-15,
        9.2056e-14, 9.4035e-15, 4.2397e-13, 2.4283e-14, 3.8167e-15, 2.6037e-13,
        8.2168e-15, 8.0450e-14, 3.6127e-13, 4.8876e-14, 1.3020e-12, 1.5848e-14,
        1.9894e-14, 1.1665e-14, 1.5894e-14, 2.6457e-14, 1.0784e-13, 3.9257e-15,
        8.2279e-14, 6.9650e-15])}, 22: {'step': tensor(59741.), 'exp_avg': tensor([-9.0949e-08,  9.8845e-09, -1.8020e-08, -7.4562e-09, -2.3342e-07,
         3.8867e-08, -5.5489e-09, -1.0432e-08, -6.1006e-09,  1.8385e-08,
         4.6399e-08,  2.3764e-08,  1.3413e-08,  8.5444e-09,  4.9807e-08,
        -1.9576e-08,  1.3057e-07, -1.3833e-06, -1.4110e-08,  2.8754e-08,
         4.7865e-09, -1.4245e-08, -1.3492e-08,  4.6828e-08, -5.8131e-08,
         4.0632e-08, -3.6922e-08,  8.4347e-08,  8.9496e-08,  1.8749e-08,
        -6.2994e-08,  1.1350e-08, -8.9507e-08,  6.5359e-08,  7.0044e-11,
         3.3520e-08,  8.9860e-08, -5.4138e-08,  1.5064e-07,  1.6455e-07,
         4.9208e-08, -4.7771e-08, -2.5032e-08,  7.9504e-09, -9.8839e-09,
         4.7836e-08, -1.6160e-07,  7.2354e-08, -4.0840e-08, -2.5738e-08,
        -2.5669e-08, -2.4646e-10,  1.3119e-07,  1.5596e-08, -1.4889e-08,
        -4.9984e-08,  6.1077e-08,  6.3292e-09, -4.2865e-08,  1.0120e-08,
         4.9548e-09,  3.9645e-08,  2.5467e-08, -3.7031e-09, -2.4007e-08,
         4.2525e-07,  2.7959e-08,  3.9778e-09,  1.0714e-07, -1.1674e-08,
        -3.3692e-08,  9.1894e-08,  8.8948e-08, -2.2347e-07, -5.6408e-07,
         1.7718e-08,  1.1952e-06,  1.5279e-08, -1.5910e-08,  1.6444e-07,
         1.6788e-07,  9.5861e-07, -4.3799e-08,  3.6415e-08,  3.5293e-08,
        -1.7431e-08,  4.8904e-08,  9.4289e-09,  1.6322e-08, -1.9962e-09,
         5.1252e-08,  5.0926e-09,  2.2290e-08,  2.4888e-07,  9.4003e-09,
         2.6429e-09,  3.0697e-07, -1.0880e-07,  4.7442e-07, -2.7242e-07,
         5.7520e-07,  2.4161e-08,  5.7813e-08,  4.7012e-08,  2.8108e-08,
        -1.5439e-07, -7.3426e-08,  4.7954e-08,  1.0163e-07,  6.5646e-08,
         3.3053e-07, -1.7766e-08,  7.1077e-08,  8.5187e-08,  3.4346e-08,
        -2.6847e-08,  2.9685e-07,  3.7342e-08,  3.6437e-07,  3.3736e-08,
        -4.4993e-08,  1.3991e-07, -1.4079e-08,  1.0264e-07, -4.7962e-08,
        -3.6617e-10, -3.2018e-08,  1.6212e-08]), 'exp_avg_sq': tensor([6.5732e-13, 2.1859e-14, 2.6612e-13, 9.8302e-15, 1.4458e-13, 6.3770e-14,
        3.4972e-14, 2.9708e-13, 2.3745e-15, 4.6615e-14, 2.4214e-13, 3.1309e-13,
        5.6829e-15, 3.2810e-15, 2.4121e-14, 1.2552e-13, 2.6702e-13, 1.5261e-11,
        2.6361e-13, 1.7590e-13, 2.1759e-14, 2.5893e-14, 1.6179e-13, 6.0807e-14,
        5.2399e-14, 2.2013e-13, 1.2635e-13, 1.8134e-13, 3.0761e-13, 4.6325e-14,
        3.7313e-14, 6.9548e-15, 3.2845e-14, 3.2614e-13, 7.8991e-14, 1.7319e-13,
        1.1025e-13, 2.1248e-13, 1.2308e-12, 6.0974e-13, 3.8416e-14, 5.5809e-14,
        8.6269e-14, 3.3890e-14, 6.2119e-13, 3.3270e-13, 2.8156e-13, 5.3653e-13,
        5.2301e-14, 2.6995e-14, 4.6549e-14, 6.9323e-14, 3.7117e-13, 1.5885e-13,
        3.4205e-15, 6.7929e-13, 3.3520e-13, 9.1661e-15, 1.8179e-13, 5.5974e-15,
        3.6982e-15, 1.5018e-13, 5.8289e-14, 1.0580e-14, 1.1838e-14, 7.2233e-12,
        2.1306e-13, 1.7133e-14, 6.1654e-13, 2.3160e-15, 9.4132e-14, 9.3315e-14,
        1.3354e-12, 2.1281e-12, 1.8357e-12, 2.7392e-14, 1.2217e-11, 6.5334e-15,
        2.9614e-14, 1.3361e-12, 3.0365e-13, 1.6747e-11, 7.4921e-14, 4.4949e-14,
        1.6432e-13, 1.9891e-14, 3.9698e-13, 1.9250e-14, 4.1995e-15, 3.3999e-13,
        6.2155e-14, 3.0025e-14, 1.7252e-13, 5.9334e-13, 1.8036e-13, 1.4158e-14,
        7.9513e-13, 1.5011e-12, 2.5404e-12, 5.4206e-13, 8.4246e-12, 7.4821e-14,
        6.6383e-14, 1.1588e-13, 1.2263e-14, 1.6748e-12, 3.4058e-13, 3.2546e-14,
        4.1425e-13, 2.4422e-14, 2.1988e-12, 2.7761e-14, 3.1261e-14, 2.4900e-13,
        7.8389e-15, 1.1057e-13, 1.2875e-12, 3.2168e-13, 1.0059e-11, 1.6144e-13,
        2.7156e-14, 2.4856e-13, 1.0958e-14, 1.1319e-13, 1.3031e-13, 1.8460e-15,
        1.7859e-13, 1.6526e-14])}, 23: {'step': tensor(59741.), 'exp_avg': tensor([[-7.0650e-08,  8.0409e-09,  1.5509e-08,  ..., -3.8453e-10,
         -1.1580e-08,  2.1809e-08],
        [-2.7055e-09, -3.6734e-09,  1.9404e-09,  ..., -1.0651e-08,
         -9.3147e-10,  6.5058e-09],
        [ 2.0556e-07, -7.6079e-08, -1.5889e-07,  ..., -1.8167e-08,
         -2.9528e-09, -1.5198e-08],
        ...,
        [-3.5679e-08, -3.6888e-09, -1.0314e-09,  ...,  1.9268e-08,
         -4.8811e-08, -4.2365e-09],
        [-1.4942e-07,  1.6003e-08,  1.7089e-08,  ...,  1.3706e-07,
         -4.5086e-07, -8.3876e-09],
        [ 2.8839e-08,  1.3468e-08,  1.5418e-08,  ..., -2.1221e-08,
          1.1664e-08,  2.3962e-08]]), 'exp_avg_sq': tensor([[2.1105e-12, 5.1870e-14, 1.4975e-13,  ..., 5.1290e-14, 1.5952e-13,
         1.1913e-13],
        [1.7618e-14, 1.9604e-14, 3.1210e-14,  ..., 1.5952e-15, 2.0135e-15,
         8.1541e-15],
        [8.8927e-13, 3.0618e-13, 7.9744e-13,  ..., 2.8156e-14, 4.6870e-15,
         1.1008e-14],
        ...,
        [1.7620e-14, 6.7199e-15, 1.0152e-14,  ..., 6.3215e-15, 2.6471e-14,
         4.4405e-15],
        [3.4704e-13, 7.5141e-15, 8.5724e-15,  ..., 2.5657e-13, 2.8741e-12,
         9.5599e-14],
        [8.0635e-15, 5.8884e-15, 8.5215e-15,  ..., 2.0997e-15, 4.8891e-15,
         3.1917e-14]])}, 24: {'step': tensor(59741.), 'exp_avg': tensor([[ 2.6158e-09,  3.8577e-09,  5.1330e-09,  ..., -1.0012e-08,
         -1.2619e-09,  3.1624e-08],
        [ 9.7208e-10, -3.5620e-10, -1.0051e-09,  ..., -2.8237e-09,
         -1.0219e-08, -3.0639e-09],
        [-1.0606e-09, -5.5154e-09, -1.6495e-08,  ...,  1.6712e-08,
          4.6596e-10, -1.7448e-08],
        ...,
        [-8.1386e-09,  3.1725e-09,  3.2550e-10,  ...,  1.7259e-09,
         -1.1380e-08, -5.1606e-09],
        [-2.9508e-08,  6.2374e-09, -8.2363e-09,  ...,  1.4957e-09,
         -6.9871e-08,  7.7815e-08],
        [-6.0380e-09, -3.3586e-09, -7.6372e-09,  ..., -2.9079e-09,
         -1.6442e-09, -1.3197e-08]]), 'exp_avg_sq': tensor([[4.1862e-15, 1.5268e-15, 6.6782e-15,  ..., 3.3188e-15, 7.8527e-15,
         1.2662e-13],
        [2.2372e-16, 1.9461e-16, 7.5771e-16,  ..., 1.5521e-15, 1.2365e-15,
         3.5061e-15],
        [2.5477e-15, 1.5476e-15, 7.5022e-15,  ..., 1.1268e-14, 9.1432e-15,
         1.3336e-13],
        ...,
        [6.5722e-16, 2.3659e-16, 8.1077e-16,  ..., 3.6826e-16, 1.1384e-15,
         4.4437e-15],
        [4.0841e-14, 7.0758e-15, 1.6139e-14,  ..., 1.7598e-15, 2.7139e-14,
         1.4016e-13],
        [3.4176e-16, 1.8505e-16, 8.8550e-16,  ..., 4.9932e-16, 1.6897e-15,
         1.8894e-15]])}, 25: {'step': tensor(59741.), 'exp_avg': tensor([-1.6254e-07, -1.5224e-07,  1.5195e-06,  3.1655e-07, -1.2956e-07,
        -9.6208e-08,  3.3877e-07, -2.1765e-07, -1.2323e-07, -1.6412e-07,
         9.0282e-07, -2.3301e-07, -2.7017e-08,  4.9341e-08, -5.2692e-07,
        -8.5457e-08,  2.0418e-08, -1.7351e-06,  2.6664e-07, -3.9794e-07,
         4.8745e-07, -5.3776e-07, -2.9783e-07,  1.9876e-07, -3.7441e-08,
        -3.5137e-06,  7.3570e-08,  2.3567e-07, -7.4548e-07,  2.4878e-08,
         1.8256e-07,  1.0671e-07, -2.2537e-07, -2.1983e-07, -3.0396e-07,
        -2.3942e-07, -3.7700e-07, -3.5461e-08, -2.2918e-07,  2.3654e-06,
        -1.6576e-07, -3.5764e-07, -8.5923e-08, -2.0535e-07,  2.6919e-06,
        -6.6136e-07,  3.9917e-07,  5.2103e-07,  3.0834e-07, -4.8140e-07,
        -1.0707e-06, -3.3248e-07, -2.6628e-07,  1.0144e-07,  5.0724e-07,
        -2.6308e-07,  3.8817e-08, -2.6797e-07, -1.5737e-07, -2.5269e-07,
         4.4760e-08, -5.9882e-08,  7.0263e-07, -2.5689e-07, -2.7426e-07,
        -1.0819e-06, -1.4322e-07, -1.1678e-07, -2.5264e-07, -1.3231e-07,
        -2.7916e-07,  2.8480e-08, -9.5765e-07,  1.2158e-08, -3.5604e-08,
         1.9331e-07, -8.8029e-08, -2.9165e-07,  5.2866e-07, -3.3776e-07,
         1.4840e-06,  1.4419e-07, -2.2547e-07, -2.9417e-07, -1.2363e-08,
        -3.0412e-08,  1.2583e-06, -5.9742e-08, -1.5579e-07, -2.3870e-07,
        -3.0812e-08, -1.5916e-07, -1.2205e-06,  9.4562e-07,  6.5311e-08,
         1.5113e-08,  6.8082e-07, -7.5629e-07,  2.8971e-06, -9.2650e-07,
         2.9880e-06, -1.1844e-07, -9.0977e-08, -1.0889e-07,  1.8693e-07,
         3.6037e-07, -1.3483e-07, -6.7754e-08,  3.1305e-06, -2.4968e-07,
         4.8712e-07, -1.2530e-07, -4.7192e-07, -7.1510e-07,  2.4702e-07,
        -1.4985e-06, -5.1842e-07, -7.2907e-07,  3.5960e-06, -2.7460e-07,
         4.6461e-08, -1.4008e-07,  8.8995e-08, -3.5119e-07,  3.2166e-07,
        -4.6945e-07, -2.1912e-06, -4.2038e-08]), 'exp_avg_sq': tensor([1.0802e-10, 3.5984e-12, 7.5416e-11, 2.8019e-12, 5.1907e-12, 1.6281e-12,
        3.1616e-12, 1.8739e-12, 1.8472e-12, 5.4767e-12, 2.4550e-11, 1.4843e-12,
        2.5889e-12, 1.5424e-12, 3.3021e-12, 2.1773e-11, 9.5849e-12, 3.4715e-11,
        4.2696e-11, 7.5193e-12, 2.4842e-12, 1.0285e-11, 3.6012e-12, 1.7909e-11,
        7.5776e-12, 7.1410e-11, 5.0521e-12, 1.7719e-11, 3.7187e-12, 1.1300e-12,
        2.4398e-11, 2.0378e-12, 5.3247e-12, 4.0896e-12, 3.2750e-12, 2.5902e-12,
        4.4548e-12, 2.8067e-12, 1.8985e-12, 1.2180e-10, 6.7264e-13, 1.6546e-11,
        5.6199e-11, 1.4870e-11, 3.9411e-10, 8.9183e-11, 2.9328e-11, 1.4075e-10,
        8.5032e-12, 7.6672e-12, 5.7693e-11, 1.5444e-12, 3.0888e-12, 9.5586e-13,
        7.0816e-12, 4.8140e-12, 1.2276e-11, 3.2412e-12, 3.4449e-12, 2.2462e-12,
        1.4915e-12, 1.4114e-12, 1.7567e-11, 2.9923e-12, 1.4753e-12, 3.9671e-11,
        1.3349e-12, 2.3614e-12, 4.9701e-12, 5.2211e-12, 9.5086e-12, 2.5134e-12,
        4.9095e-12, 2.5511e-11, 2.7683e-12, 5.1198e-12, 3.4557e-12, 4.9876e-12,
        7.1511e-12, 2.5856e-12, 6.7968e-11, 7.4190e-12, 4.8712e-12, 1.4379e-12,
        1.6759e-12, 2.8733e-12, 1.8211e-10, 3.1083e-12, 2.3649e-12, 8.8760e-11,
        2.3784e-12, 2.3161e-12, 6.4776e-11, 2.8411e-11, 2.5313e-12, 2.8114e-12,
        1.0407e-11, 4.9969e-12, 1.9065e-10, 6.1718e-12, 3.1359e-10, 1.9108e-12,
        2.9484e-12, 1.9508e-12, 2.9811e-12, 2.5139e-11, 5.5830e-12, 3.0130e-12,
        3.9919e-10, 7.8238e-13, 6.6453e-11, 1.6233e-12, 3.8428e-12, 5.9623e-12,
        6.9117e-12, 7.1780e-11, 2.9328e-11, 5.7215e-12, 6.3581e-10, 4.6715e-12,
        3.6459e-12, 1.4140e-12, 2.2567e-12, 7.3327e-12, 1.3462e-11, 2.1681e-12,
        3.4240e-11, 3.0759e-12])}, 26: {'step': tensor(59741.), 'exp_avg': tensor([-5.1959e-10,  1.2530e-08, -4.6435e-08,  3.4760e-08,  7.8179e-09,
        -1.5420e-08, -4.3567e-08, -1.4593e-08,  5.2357e-09, -2.1504e-08,
        -1.6067e-08,  5.9072e-09, -8.1763e-09,  2.2347e-08, -1.5432e-08,
        -1.7732e-09, -2.7899e-07,  1.9887e-07,  5.4917e-08, -8.1024e-08,
         2.3209e-08,  5.3783e-08,  1.8015e-08, -3.8987e-08, -2.4000e-08,
         1.2978e-08,  3.8396e-11,  1.3915e-07,  1.6265e-08, -2.4255e-08,
        -1.3238e-09,  6.8238e-09,  4.5882e-08, -1.0945e-07,  3.9843e-08,
         1.0846e-08,  3.1884e-08,  8.5620e-09,  8.5270e-09, -5.7979e-08,
         9.9938e-09,  3.2487e-09,  1.3104e-07,  2.4712e-08, -1.2837e-07,
        -4.2600e-08,  7.6249e-08, -2.5490e-07, -3.0616e-09,  5.5759e-08,
         5.2256e-08,  6.2527e-09, -3.3998e-08, -2.0574e-08,  1.3990e-08,
         5.4283e-08, -2.1412e-08,  3.9525e-08,  2.1457e-08,  2.0806e-08,
         5.3361e-09,  4.5682e-09,  1.0758e-07, -1.8124e-08,  1.2644e-08,
        -4.8765e-08, -1.6793e-09,  2.1088e-09,  8.8724e-09,  6.2320e-09,
        -1.6371e-08,  3.2808e-09,  1.1295e-08, -3.3122e-08,  2.8596e-08,
         4.8867e-09,  1.6836e-07,  4.5505e-08,  3.6344e-08, -4.7570e-08,
         1.2657e-08,  1.9798e-07, -3.8548e-08, -1.3012e-08,  3.0849e-08,
        -2.2023e-08, -2.7351e-08, -8.8175e-08, -1.1638e-08, -5.3512e-08,
        -4.0912e-08,  1.6778e-08,  1.0725e-07,  3.9635e-07,  4.2479e-08,
         8.6491e-09,  7.2811e-08,  3.4655e-08,  2.2832e-07, -7.6313e-08,
        -1.2205e-07, -1.4567e-08, -2.0035e-08,  4.0677e-09,  1.3702e-08,
        -1.9319e-08, -2.9724e-08,  2.1838e-08, -9.6587e-08,  9.0859e-09,
         1.7964e-08,  1.4939e-08,  1.0105e-07, -1.6716e-08, -1.5228e-09,
         7.1732e-09, -9.0398e-08, -4.9555e-09,  1.6417e-07,  5.1483e-09,
        -3.1145e-08, -2.1914e-08,  2.1694e-08, -1.8579e-08,  1.1248e-07,
         1.8803e-08,  1.2870e-08, -2.0372e-08]), 'exp_avg_sq': tensor([1.3080e-12, 2.6296e-14, 1.0255e-13, 6.2698e-15, 1.5424e-14, 5.5521e-15,
        1.0761e-14, 2.2625e-14, 1.1769e-15, 1.1463e-14, 2.9630e-13, 8.4809e-15,
        6.9972e-15, 5.5998e-15, 1.0692e-14, 3.7858e-14, 8.2569e-13, 1.7490e-13,
        1.3296e-13, 4.0259e-14, 1.9386e-14, 1.2176e-13, 1.6549e-14, 2.7356e-14,
        1.3962e-14, 5.5585e-14, 2.5613e-14, 1.5645e-13, 1.7597e-14, 1.4493e-14,
        9.3958e-14, 5.2607e-15, 5.5190e-14, 2.3854e-13, 3.5516e-14, 4.5611e-14,
        3.3138e-14, 2.2228e-14, 2.9776e-14, 1.3679e-13, 7.6860e-15, 2.3556e-14,
        4.4355e-13, 2.0929e-13, 1.2510e-12, 6.0713e-14, 1.8244e-13, 1.6521e-12,
        6.0033e-14, 6.4850e-14, 3.2485e-14, 1.3834e-14, 9.5851e-15, 1.3750e-14,
        5.7866e-15, 3.1731e-14, 6.8491e-14, 8.9255e-15, 1.0195e-14, 4.2124e-15,
        3.7806e-15, 7.1152e-15, 2.4684e-13, 8.4170e-14, 6.4765e-15, 6.4832e-14,
        1.1305e-14, 2.4503e-14, 5.7516e-14, 1.8553e-14, 9.0947e-15, 1.9943e-14,
        1.1335e-14, 1.5417e-14, 1.4879e-14, 3.2843e-14, 5.1428e-13, 6.8950e-14,
        2.4089e-14, 1.3245e-14, 4.1327e-13, 1.1937e-12, 2.1307e-14, 8.4960e-15,
        1.2465e-14, 3.5631e-14, 1.3174e-13, 1.1563e-13, 2.4018e-15, 1.7725e-13,
        2.7455e-14, 1.3609e-14, 4.2653e-13, 2.6824e-12, 9.0431e-15, 5.8617e-15,
        1.2479e-13, 2.2887e-14, 1.7520e-12, 7.2496e-14, 5.4665e-13, 9.0855e-15,
        5.4650e-15, 9.5937e-15, 7.5154e-15, 6.7116e-14, 1.9213e-14, 2.8570e-14,
        4.9754e-13, 5.0504e-15, 3.5642e-13, 6.3869e-15, 6.5871e-14, 1.4597e-14,
        1.1741e-14, 4.4510e-14, 4.3194e-14, 8.9587e-15, 1.6413e-12, 7.5141e-14,
        2.5250e-14, 7.0678e-15, 2.5840e-14, 5.0622e-15, 1.1366e-13, 3.1111e-15,
        6.3517e-14, 2.0976e-14])}, 27: {'step': tensor(59741.), 'exp_avg': tensor([ 1.8274e-08,  1.4692e-08,  1.3621e-07,  3.7994e-08, -1.5609e-08,
        -1.3007e-10,  5.1008e-08, -9.0071e-09,  7.3664e-09,  4.3759e-09,
         2.6098e-07, -1.4478e-08,  2.8763e-08,  4.9986e-08, -2.4974e-08,
        -6.7183e-09,  1.1917e-07, -2.1481e-07, -5.9009e-09, -6.8130e-08,
         4.1858e-08, -4.2239e-08, -1.9328e-08,  6.2573e-08,  2.9839e-08,
        -2.1333e-07,  1.9233e-08,  1.4606e-07, -9.1206e-08,  3.5095e-09,
         4.9835e-08,  6.2540e-08, -1.2701e-08,  8.7101e-09, -4.2746e-08,
        -2.4402e-08, -8.0753e-09,  3.5048e-08, -2.0490e-08,  1.9082e-07,
        -1.3863e-08, -1.4533e-08, -8.1587e-08, -2.8427e-08,  2.9789e-07,
        -4.2292e-08,  5.6917e-08,  6.6567e-08,  4.7072e-08, -9.6404e-08,
        -2.3430e-08, -2.8691e-08, -5.1139e-09,  4.9552e-08,  4.8404e-08,
        -2.8590e-08,  3.3615e-09, -3.1410e-08,  1.6103e-09, -1.4170e-08,
         4.0809e-08, -1.1249e-09,  1.0081e-07, -2.5023e-08, -3.8773e-08,
        -1.1938e-07, -5.4738e-09, -1.3319e-08, -1.3606e-08, -2.0884e-08,
        -2.9531e-09,  8.8908e-09, -9.9421e-08, -5.9307e-09, -8.1150e-09,
         4.3288e-08,  5.2412e-08, -3.3564e-08,  6.4822e-08, -5.0395e-08,
         2.7946e-07,  9.3145e-08,  2.1532e-08, -6.6392e-09,  3.7478e-08,
         1.5301e-08,  3.9099e-08,  8.3126e-09, -1.2434e-08, -5.3471e-08,
         2.9966e-08, -1.5736e-08, -1.0467e-07,  3.1140e-07,  1.4680e-08,
         1.1037e-08,  1.7968e-07, -6.1108e-08,  8.6905e-07, -2.8672e-08,
         4.6799e-07,  3.4923e-09,  5.8846e-09, -2.9695e-09,  3.4801e-08,
         3.2841e-08, -1.2722e-09, -1.1574e-08,  3.9688e-07, -3.0096e-08,
         5.8240e-08, -2.0350e-08, -8.8375e-08, -4.4685e-08,  8.5402e-09,
        -6.0377e-08, -4.6325e-08, -5.1210e-08,  4.0079e-07, -1.5300e-08,
         3.2624e-08,  8.4218e-09,  4.5028e-08, -6.2771e-10,  9.9454e-08,
        -3.1609e-08, -2.1749e-07,  5.7217e-09]), 'exp_avg_sq': tensor([1.8573e-12, 4.9511e-14, 6.5908e-13, 1.9417e-14, 4.2365e-14, 1.1470e-14,
        3.8383e-14, 2.0756e-14, 9.8789e-15, 3.9896e-14, 1.1358e-12, 7.8783e-15,
        2.8080e-14, 1.4081e-14, 2.0461e-14, 1.3495e-13, 7.6407e-13, 5.5339e-13,
        6.6201e-13, 2.7131e-13, 1.7795e-14, 1.6914e-13, 2.7531e-14, 1.7251e-13,
        5.5037e-14, 3.9256e-13, 7.3470e-14, 8.9701e-13, 4.7619e-14, 2.0850e-14,
        2.4078e-13, 2.7506e-14, 7.2591e-14, 1.0511e-13, 6.2986e-14, 6.3652e-14,
        5.1937e-14, 1.3931e-13, 6.9926e-14, 1.0384e-12, 2.2320e-14, 7.9710e-14,
        1.3071e-12, 4.8613e-13, 2.5471e-12, 3.0123e-13, 2.9687e-13, 1.6541e-12,
        1.4343e-13, 1.2690e-13, 2.1847e-13, 1.9163e-14, 4.3306e-14, 2.5131e-14,
        2.7602e-14, 4.3560e-14, 4.6820e-13, 2.6842e-14, 4.1046e-14, 1.2925e-14,
        1.2879e-14, 2.3314e-14, 4.5521e-13, 1.1634e-13, 2.1512e-14, 3.7309e-13,
        9.1153e-15, 3.1593e-14, 6.4788e-14, 3.9339e-14, 5.1707e-14, 4.2543e-14,
        4.2499e-14, 2.3218e-13, 1.1391e-14, 1.3912e-13, 2.2922e-13, 4.5390e-13,
        9.7884e-14, 5.1575e-14, 1.3517e-12, 3.4596e-13, 6.0319e-14, 8.9023e-15,
        1.0101e-13, 1.0324e-13, 2.0282e-12, 1.7168e-13, 1.4446e-14, 5.9341e-13,
        1.3043e-13, 1.8217e-14, 6.0823e-13, 1.5396e-12, 2.5730e-14, 3.4252e-14,
        3.6370e-13, 4.5215e-14, 1.1039e-11, 8.2557e-14, 6.5392e-12, 1.9187e-14,
        1.5974e-14, 1.2274e-14, 1.7236e-14, 1.6569e-13, 7.9346e-14, 4.6671e-14,
        6.9733e-12, 5.9260e-15, 6.9805e-13, 1.3122e-14, 6.8507e-14, 4.0846e-14,
        4.5494e-14, 2.6774e-13, 4.6575e-13, 4.6775e-14, 9.4554e-12, 3.9892e-14,
        4.0384e-14, 1.0366e-14, 7.9759e-14, 2.6899e-14, 3.1127e-13, 2.1472e-14,
        4.3424e-13, 2.5430e-14])}, 28: {'step': tensor(59741.), 'exp_avg': tensor([[-8.7656e-08,  2.2953e-08, -1.0845e-08,  ..., -2.0864e-08,
         -4.5625e-08, -1.5285e-07],
        [-1.2346e-08,  7.5757e-09,  1.2554e-08,  ...,  1.0513e-09,
         -3.0456e-08, -1.1352e-07],
        [-4.3514e-07,  5.6934e-09,  6.1151e-08,  ..., -4.2662e-08,
         -1.7326e-10, -9.9493e-09],
        ...,
        [ 7.8658e-08,  9.6545e-09,  1.8440e-08,  ..., -1.6130e-08,
          6.5568e-08, -1.3448e-08],
        [-2.4632e-07,  6.7956e-09,  5.2640e-08,  ..., -9.3514e-09,
         -2.8451e-08,  9.1014e-09],
        [-1.5100e-07,  3.8420e-08,  2.1000e-07,  ..., -7.3361e-08,
          3.8452e-08, -9.1475e-08]]), 'exp_avg_sq': tensor([[4.6139e-12, 4.8345e-14, 1.2004e-12,  ..., 2.4392e-13, 1.6056e-13,
         1.4638e-12],
        [5.7637e-13, 1.9881e-14, 7.2781e-14,  ..., 2.1067e-14, 1.0057e-13,
         2.4059e-13],
        [2.0163e-12, 1.6158e-14, 1.5833e-13,  ..., 3.1226e-14, 1.1053e-13,
         5.0241e-13],
        ...,
        [4.2280e-13, 1.5058e-14, 2.5166e-13,  ..., 3.2131e-14, 7.9323e-14,
         1.7554e-13],
        [5.0227e-13, 9.2286e-15, 1.0494e-13,  ..., 1.6152e-14, 6.6978e-14,
         2.2661e-13],
        [9.1141e-13, 3.4462e-14, 6.1166e-13,  ..., 6.9502e-14, 8.9012e-14,
         3.4005e-13]])}, 29: {'step': tensor(59741.), 'exp_avg': tensor([ 2.7975e-06, -6.2080e-07, -1.9299e-06,  6.9164e-07, -1.2117e-06,
        -1.8308e-06, -4.8576e-07, -1.0781e-06,  3.2130e-07,  1.8996e-06,
         3.0422e-07, -2.2595e-06,  9.6456e-07,  4.6169e-07,  1.4723e-06,
        -4.1829e-06,  2.6773e-06, -1.9783e-06, -3.7614e-06, -1.1567e-06,
         1.2121e-06, -1.2314e-06, -6.8945e-07, -1.2398e-06, -3.3974e-07,
         3.7753e-07, -1.7196e-06, -6.0118e-08,  1.3888e-07, -1.9427e-06,
         3.3887e-08, -4.3702e-07, -1.9961e-06,  3.9748e-08,  1.8619e-06,
         2.0759e-06, -2.1475e-06, -1.9288e-06,  1.4025e-06,  1.9293e-06,
         3.7478e-06, -2.8157e-06,  2.3297e-06,  1.0405e-07,  4.7001e-07,
         3.9929e-06, -3.6396e-06,  1.1529e-06, -1.5203e-06, -1.3589e-07,
        -1.7126e-06, -8.1689e-07,  7.4549e-07, -2.8147e-07, -4.6463e-07,
        -1.2066e-07,  3.8806e-07, -4.9185e-06, -3.6632e-07,  9.5371e-09,
         1.4981e-06,  1.7995e-06,  3.3093e-06, -2.4281e-06,  2.0302e-06,
         6.9154e-07, -1.5192e-06, -2.1604e-07,  1.7824e-06, -4.1219e-06,
         1.5588e-06,  8.2962e-07, -6.1187e-07, -1.5571e-06,  1.1961e-06,
        -2.8071e-06,  4.9230e-06,  2.9547e-06, -3.1267e-06,  1.0296e-06,
         3.2199e-06,  4.5405e-06,  8.7451e-07,  1.5774e-07,  9.8503e-07,
        -1.5231e-06, -8.8869e-07,  2.5331e-06,  8.8467e-07, -2.3178e-06,
         6.4118e-06,  7.1222e-07, -1.2689e-07,  4.4253e-06, -1.4742e-06,
        -7.5321e-07,  3.0086e-06, -1.2282e-06,  3.4822e-06, -1.3526e-07,
         2.0559e-06, -1.4642e-06, -8.8003e-07, -1.2945e-07, -2.1649e-06,
        -3.7326e-06,  1.3731e-06, -1.4825e-06,  9.5458e-07,  5.1350e-06,
         3.5914e-06, -5.5621e-07, -3.0622e-07,  1.4870e-06,  1.1237e-06,
         1.2063e-06,  5.0508e-07, -1.9925e-07,  4.2701e-06,  3.2282e-06,
        -1.4444e-06,  1.5370e-07, -5.4738e-07, -1.7315e-07,  5.2231e-07,
         7.3095e-07, -3.3111e-06, -3.1314e-07]), 'exp_avg_sq': tensor([2.0512e-09, 2.3800e-10, 5.6154e-10, 2.0813e-10, 8.8787e-11, 5.7482e-10,
        1.6079e-10, 2.1804e-10, 3.7451e-10, 2.6001e-10, 2.3630e-10, 3.9736e-10,
        9.7068e-11, 3.4962e-10, 4.6033e-10, 6.4954e-10, 8.4801e-10, 2.0633e-10,
        1.0905e-09, 1.1874e-10, 1.7380e-10, 2.1087e-10, 4.3154e-10, 8.5459e-10,
        2.5151e-10, 1.0336e-10, 2.3869e-10, 1.0734e-09, 6.7508e-10, 8.1105e-10,
        9.8901e-11, 9.4823e-11, 2.2021e-10, 8.7653e-10, 2.6306e-10, 3.7787e-10,
        3.0642e-10, 5.0302e-10, 3.9039e-10, 6.8942e-10, 4.9638e-10, 1.2460e-10,
        5.0967e-09, 5.2628e-10, 3.0146e-10, 4.4183e-10, 1.0495e-09, 3.2668e-09,
        4.7287e-10, 5.8893e-10, 1.1338e-10, 3.8077e-10, 3.9987e-10, 5.4861e-10,
        4.7511e-10, 1.8204e-10, 6.0309e-10, 2.3300e-10, 2.9590e-10, 1.6770e-10,
        4.7082e-10, 1.5938e-10, 4.8499e-09, 1.1973e-09, 5.4865e-10, 1.2912e-10,
        3.9734e-10, 4.8732e-10, 2.7353e-10, 1.1941e-09, 2.5532e-10, 6.7046e-10,
        2.0372e-10, 6.2240e-10, 2.1546e-10, 1.4806e-09, 1.0971e-09, 2.7404e-10,
        2.0399e-09, 2.0756e-10, 4.9583e-10, 1.5702e-09, 3.2365e-10, 7.1709e-10,
        2.5820e-10, 1.8505e-10, 7.5267e-10, 9.1921e-10, 1.1588e-10, 2.4960e-09,
        8.5036e-10, 4.2160e-10, 2.9828e-10, 5.4228e-09, 2.1153e-10, 1.3351e-10,
        2.8836e-10, 1.6977e-10, 5.0707e-09, 3.0966e-10, 8.2957e-10, 2.7673e-10,
        3.3987e-10, 2.9899e-10, 2.5342e-10, 1.3276e-09, 4.4185e-10, 4.4910e-10,
        1.4402e-09, 3.6905e-10, 1.4861e-09, 2.5792e-10, 2.4199e-10, 7.4497e-10,
        3.9194e-10, 2.2279e-09, 3.2468e-10, 2.7029e-10, 1.0196e-09, 2.1754e-09,
        2.0066e-10, 2.5936e-10, 8.2779e-10, 4.6979e-10, 9.7072e-10, 2.4338e-10,
        1.2421e-10, 2.9992e-10])}, 30: {'step': tensor(59741.), 'exp_avg': tensor([[-8.0890e-09, -8.1464e-09,  1.1141e-08,  ..., -1.0102e-08,
          5.0655e-08, -1.2176e-07],
        [-4.6647e-08, -9.2675e-09, -2.4846e-09,  ...,  2.7238e-08,
         -8.8015e-09, -8.2331e-09],
        [ 1.5234e-08, -1.0765e-08, -2.0494e-08,  ...,  2.5303e-10,
         -1.4886e-08, -6.6289e-09],
        ...,
        [ 8.0525e-11,  2.3538e-08,  2.0896e-08,  ...,  1.5884e-08,
          1.2985e-09,  4.1904e-08],
        [ 1.9580e-08,  9.8423e-09,  4.9240e-09,  ..., -3.4987e-09,
          7.4395e-08, -4.7185e-08],
        [ 1.6473e-08, -9.2639e-09, -7.2551e-09,  ..., -3.6489e-09,
          2.7458e-09,  1.0296e-08]]), 'exp_avg_sq': tensor([[2.4236e-13, 6.4848e-14, 1.5786e-13,  ..., 2.7401e-14, 5.7947e-14,
         7.0542e-14],
        [4.2532e-14, 1.2001e-14, 3.1113e-14,  ..., 2.9453e-15, 2.7551e-15,
         1.0844e-14],
        [1.5799e-14, 3.5938e-15, 1.0537e-14,  ..., 1.0123e-15, 7.3427e-16,
         2.1747e-15],
        ...,
        [1.7218e-14, 1.5384e-14, 2.1300e-14,  ..., 2.7639e-15, 4.8452e-15,
         8.6794e-15],
        [5.4100e-14, 1.1639e-14, 1.9009e-14,  ..., 8.0504e-15, 5.2743e-14,
         2.8326e-14],
        [6.2410e-15, 2.3150e-15, 4.0186e-15,  ..., 1.0635e-15, 6.6588e-16,
         3.5465e-15]])}, 31: {'step': tensor(59741.), 'exp_avg': tensor([[ 1.0873e-08,  1.7221e-08, -1.7899e-09,  ...,  1.5953e-08,
         -2.5118e-09,  2.7927e-08],
        [ 2.2615e-08,  1.6688e-09,  1.1734e-08,  ..., -6.5111e-09,
         -2.1941e-09,  2.2038e-09],
        [ 2.9889e-09,  8.7679e-10,  3.5242e-09,  ..., -3.6561e-09,
         -6.2287e-09,  4.4367e-09],
        ...,
        [-6.5131e-09,  4.0864e-09, -2.0351e-09,  ...,  2.1538e-09,
          8.9839e-09, -2.2799e-10],
        [-1.8006e-08,  1.1858e-08, -2.9257e-09,  ..., -1.7994e-08,
          2.3626e-09, -1.1047e-08],
        [ 3.1580e-09,  2.1501e-09, -2.1394e-09,  ...,  7.8420e-09,
          9.0641e-09, -1.6881e-08]]), 'exp_avg_sq': tensor([[1.2439e-14, 1.6687e-14, 1.0878e-14,  ..., 9.5398e-15, 1.0700e-14,
         1.2038e-13],
        [1.1388e-15, 3.1820e-16, 9.8981e-16,  ..., 4.8022e-16, 1.4759e-15,
         1.4139e-14],
        [3.3291e-16, 1.3518e-16, 3.5908e-16,  ..., 2.0127e-16, 5.4183e-16,
         3.7333e-15],
        ...,
        [7.7521e-16, 5.7956e-16, 5.3106e-16,  ..., 1.5851e-15, 1.4976e-15,
         2.7252e-15],
        [2.3425e-14, 1.2363e-15, 1.6451e-15,  ..., 1.6438e-15, 3.4611e-15,
         1.9586e-14],
        [2.6969e-16, 1.6329e-16, 1.7134e-16,  ..., 5.3428e-16, 5.5326e-16,
         1.0022e-15]])}, 32: {'step': tensor(59741.), 'exp_avg': tensor([-1.2976e-06,  3.2111e-07,  1.9305e-07,  6.5571e-08,  1.2189e-07,
         1.7812e-08,  1.6808e-07,  5.9742e-08,  1.8107e-07,  3.0689e-07,
         2.8779e-07, -2.9025e-07,  7.0215e-08,  1.8581e-07, -3.9802e-07,
         1.6035e-07,  1.2320e-06,  6.1581e-07,  1.8072e-07, -2.0629e-08,
         3.4767e-07,  5.9934e-08, -5.6340e-08, -7.5507e-07,  1.9795e-07,
         4.3688e-07,  1.6425e-07,  2.5499e-07,  1.6519e-08, -6.8429e-07,
        -2.3108e-08,  2.1324e-07,  2.9639e-07,  3.2679e-07,  3.2081e-07,
         1.7077e-07, -1.5332e-07,  4.0418e-07, -1.1978e-07, -1.0058e-06,
        -3.0160e-07, -3.3887e-08, -1.2897e-07,  1.6671e-07,  2.8520e-07,
         1.0103e-07,  9.2445e-07,  1.0625e-06,  4.9184e-07, -3.5748e-07,
        -2.1976e-08,  6.1535e-07, -3.4089e-07,  1.5800e-07, -3.6712e-09,
        -1.1927e-07, -1.3303e-07, -1.7264e-07,  1.8886e-07,  1.3743e-07,
        -3.5732e-08, -1.3088e-07,  3.6753e-07, -4.9683e-07,  4.5366e-07,
         6.3743e-07, -4.5254e-07,  8.1494e-08, -3.0334e-07,  7.8503e-07,
         4.3086e-07, -3.6043e-07,  3.5039e-07, -1.7247e-07,  3.1991e-07,
        -2.4095e-08,  5.7448e-07,  1.6310e-07, -1.0534e-07, -6.5359e-07,
         2.8654e-07,  4.2991e-07, -5.0523e-07, -2.6805e-07, -4.0040e-07,
        -3.4134e-07, -5.5406e-07,  1.1121e-06,  2.0136e-07, -1.3595e-06,
        -6.0030e-07,  3.4233e-07,  3.6947e-08, -7.4391e-07,  7.7256e-08,
         6.2757e-08,  3.9922e-07,  3.6115e-07, -6.1502e-07,  2.1431e-07,
         1.5324e-07, -7.3838e-08, -5.5074e-07, -3.0454e-08, -1.7792e-07,
         5.5521e-07, -4.7268e-08,  1.4731e-07,  1.6269e-07,  1.3479e-07,
        -4.5669e-07, -3.8358e-07, -2.4248e-07,  2.0677e-07, -6.3067e-08,
        -9.7025e-07,  8.1449e-08, -8.5978e-07, -5.5191e-07, -4.9025e-07,
         3.2088e-07, -4.2603e-07,  4.6761e-08, -3.1814e-07, -1.5662e-06,
         4.1015e-07,  1.0433e-07,  2.2244e-07]), 'exp_avg_sq': tensor([6.1491e-11, 5.5300e-12, 1.5679e-12, 2.3167e-12, 1.2583e-12, 2.6877e-12,
        1.1526e-12, 9.9141e-13, 5.5489e-12, 7.5364e-12, 2.2095e-12, 2.6970e-12,
        1.0307e-12, 1.5625e-12, 4.3733e-12, 2.4289e-12, 7.0032e-12, 3.8608e-12,
        1.2556e-11, 1.1965e-12, 2.7934e-12, 1.3908e-12, 1.1814e-12, 1.4533e-11,
        2.1757e-12, 2.5234e-12, 5.7332e-12, 5.1669e-12, 2.9118e-12, 3.2779e-11,
        1.0740e-12, 1.3085e-12, 4.5135e-12, 1.1068e-11, 1.6402e-12, 4.7054e-12,
        1.9267e-12, 2.6132e-12, 1.2187e-12, 5.1460e-12, 4.2560e-12, 1.2308e-12,
        9.0191e-11, 4.7120e-12, 8.9885e-12, 3.6172e-12, 2.1854e-11, 4.6655e-11,
        3.7338e-12, 1.7460e-11, 1.6436e-12, 9.7601e-12, 4.3486e-12, 2.8813e-12,
        3.8147e-12, 6.3347e-12, 4.2388e-12, 1.3386e-12, 1.0626e-12, 1.2973e-12,
        3.4472e-12, 1.7800e-12, 3.3409e-11, 1.4342e-11, 4.6197e-12, 7.3258e-12,
        3.4679e-12, 3.9324e-12, 2.9983e-12, 1.4488e-11, 3.0662e-12, 6.1165e-12,
        2.1338e-12, 8.6429e-12, 2.8029e-12, 8.6863e-12, 1.2965e-11, 1.0507e-12,
        2.5000e-11, 3.7239e-12, 1.3993e-12, 1.8869e-11, 7.3203e-12, 1.2544e-12,
        9.3003e-12, 2.0937e-12, 2.9926e-11, 2.0892e-11, 1.2387e-12, 1.3028e-10,
        8.2139e-12, 1.9427e-12, 1.4559e-11, 3.3402e-11, 1.4720e-12, 9.2408e-13,
        2.2028e-12, 2.3138e-12, 5.6415e-11, 5.3623e-12, 2.2464e-12, 7.1834e-13,
        7.4963e-12, 7.0167e-13, 1.7892e-12, 1.6388e-11, 2.8529e-12, 1.9169e-12,
        7.5101e-12, 1.5035e-12, 2.2949e-11, 5.8238e-12, 2.0414e-12, 2.7576e-11,
        2.2327e-12, 2.0854e-11, 3.5283e-12, 8.5288e-12, 2.8178e-11, 8.2434e-12,
        3.1358e-12, 2.2076e-12, 5.7735e-12, 2.9250e-12, 3.8055e-11, 2.7187e-12,
        7.6151e-12, 1.0809e-12])}, 33: {'step': tensor(59741.), 'exp_avg': tensor([-3.6082e-07, -2.2551e-08,  3.6696e-09, -8.2631e-09,  1.2823e-08,
        -3.0769e-08, -4.5097e-09,  6.5359e-10, -7.5587e-09, -9.3571e-10,
         2.2082e-08,  3.1016e-08, -9.8301e-09, -4.7126e-09, -2.2982e-08,
         1.4633e-08,  1.1146e-07,  1.0953e-08, -2.3869e-08,  6.8226e-09,
         2.3213e-08, -4.0396e-08, -2.4865e-08,  3.8128e-11,  2.9912e-08,
         2.9601e-10, -3.9691e-09, -1.0059e-08, -1.2731e-08, -2.1764e-08,
        -1.2164e-08,  1.3591e-08, -4.3958e-09,  3.3926e-09, -6.6186e-09,
         3.5973e-08,  1.9548e-08,  7.7498e-09,  3.3170e-08, -1.1950e-07,
        -1.2989e-08,  2.1260e-08, -6.2385e-08, -4.5767e-08, -2.6804e-08,
         3.0592e-08,  1.3482e-07,  9.6098e-08, -4.1764e-08, -2.5136e-08,
        -1.5968e-08,  2.2962e-09, -2.1730e-08, -2.7340e-09, -2.1535e-09,
        -1.0824e-08, -4.7076e-08, -5.0748e-10,  1.6020e-09, -8.5764e-09,
        -2.0892e-08,  2.0324e-09, -1.5562e-07, -1.3326e-07,  4.2651e-08,
        -2.1850e-08, -1.1434e-08,  6.3790e-08, -5.6102e-08,  4.9863e-08,
        -1.1233e-08, -8.7888e-08,  2.7637e-08, -1.7786e-08, -2.6998e-08,
        -2.1428e-08,  3.0619e-07, -2.1517e-08, -1.3025e-07,  1.4264e-08,
        -4.8993e-09, -5.3650e-08,  1.6237e-08,  4.2131e-08, -6.2365e-09,
        -3.8416e-09, -3.4456e-07,  7.1635e-08, -7.6448e-09, -7.7138e-08,
        -5.7904e-08,  7.1375e-09, -2.3463e-08, -7.0480e-07, -9.3523e-10,
         3.5570e-08,  4.2174e-08,  2.1358e-08, -2.8213e-07,  4.6830e-09,
        -3.6597e-08,  6.3972e-09,  1.2901e-08, -6.5681e-09, -1.1867e-08,
         2.2647e-07, -1.5178e-08,  2.0680e-08, -1.5132e-08, -5.2794e-09,
        -3.1870e-08,  7.7457e-10,  1.4719e-08, -3.6554e-08, -1.9196e-08,
        -8.9833e-08, -4.4473e-08, -5.1908e-08, -5.5106e-08, -1.8077e-07,
        -9.9230e-09, -5.7047e-09,  3.8791e-08,  5.6404e-08, -1.1688e-07,
         3.6098e-09, -6.5997e-08,  6.1405e-09]), 'exp_avg_sq': tensor([5.7319e-12, 2.9244e-14, 6.3893e-14, 3.0350e-15, 4.2509e-15, 3.3099e-14,
        6.8672e-15, 6.3803e-16, 1.3933e-15, 3.8949e-14, 2.6921e-14, 1.1523e-13,
        5.0200e-15, 1.1378e-14, 5.5826e-15, 4.9567e-14, 5.0893e-14, 1.7773e-14,
        1.7946e-13, 1.3404e-15, 6.7656e-15, 1.8003e-14, 1.1456e-13, 1.4556e-13,
        3.2072e-14, 3.0562e-15, 1.0814e-14, 2.7467e-13, 4.0888e-14, 9.1177e-14,
        2.0738e-14, 1.7665e-15, 8.0044e-15, 1.1021e-13, 4.8746e-14, 3.0789e-14,
        2.5591e-14, 5.5330e-14, 6.6455e-14, 9.0522e-14, 6.2230e-14, 7.0649e-15,
        5.2024e-12, 6.4704e-14, 1.5956e-13, 1.3774e-14, 2.4007e-13, 6.6365e-14,
        2.4574e-13, 2.0542e-14, 3.3510e-14, 1.6706e-14, 3.1764e-15, 1.7567e-14,
        7.3945e-15, 2.6299e-14, 1.0590e-13, 3.1773e-14, 1.9396e-15, 6.9190e-16,
        2.1244e-14, 5.5169e-15, 9.6728e-12, 2.9836e-13, 3.1935e-14, 3.6729e-14,
        8.8732e-15, 7.8357e-14, 3.9911e-14, 3.4081e-13, 1.4216e-14, 2.3519e-13,
        4.5572e-14, 1.7972e-13, 1.2227e-14, 4.3036e-13, 7.4656e-13, 7.2558e-14,
        5.4237e-13, 2.6900e-15, 8.4887e-15, 9.3296e-12, 8.2951e-14, 1.2454e-13,
        7.2721e-15, 5.6977e-15, 6.2468e-12, 7.6040e-14, 8.9697e-16, 5.6156e-13,
        2.1607e-13, 8.0809e-15, 2.8442e-14, 1.0671e-11, 3.0263e-15, 7.5501e-15,
        5.6164e-13, 3.9428e-14, 1.1239e-11, 6.3407e-15, 5.7857e-14, 5.6620e-14,
        2.9015e-14, 4.3305e-14, 1.7917e-14, 1.5041e-12, 9.7080e-15, 1.2466e-14,
        3.8272e-13, 1.6035e-14, 2.7738e-13, 6.7235e-16, 9.2404e-15, 5.7324e-14,
        1.5596e-14, 9.3803e-13, 1.6753e-13, 3.0377e-14, 3.0375e-13, 4.7325e-13,
        1.4651e-14, 7.7528e-15, 8.5026e-14, 5.4342e-14, 1.2297e-12, 3.2049e-15,
        4.8192e-14, 2.3173e-14])}, 34: {'step': tensor(59741.), 'exp_avg': tensor([-1.8505e-07,  2.0739e-08,  4.5809e-08, -4.2073e-09,  2.4604e-09,
        -9.7925e-09, -3.4112e-09, -9.0270e-09, -1.5936e-08, -3.1896e-08,
         1.4804e-08, -3.5874e-08, -1.4055e-08, -2.6168e-08, -4.6222e-08,
        -7.3111e-10,  1.5173e-07,  6.6907e-08, -1.3415e-08, -6.1444e-09,
         2.3603e-08, -1.2073e-08, -6.4557e-08, -9.3107e-08,  4.4174e-08,
         2.5742e-08, -5.8743e-09,  3.0994e-09, -3.1244e-08, -9.1932e-08,
        -1.1989e-08,  1.0763e-08, -8.9569e-09,  4.5770e-08,  4.2405e-08,
         5.7684e-09, -6.3062e-08,  5.0768e-08, -7.1734e-08, -2.2190e-07,
        -5.1265e-08, -3.3377e-08, -7.1350e-09, -2.6554e-08,  4.5785e-09,
        -2.4440e-08,  1.2472e-07,  1.1102e-07,  1.9086e-08, -4.8418e-08,
        -1.8743e-08,  1.2268e-08, -5.0846e-08,  3.4045e-09, -2.0972e-08,
        -5.5351e-08, -2.8695e-08, -3.7276e-08,  5.9302e-09, -8.8360e-09,
        -4.1223e-08, -2.7447e-08, -6.7236e-08, -1.2565e-07,  4.1200e-08,
         3.3151e-08, -9.7051e-08, -4.2365e-08, -6.0848e-08,  1.7218e-08,
         4.7606e-08, -1.1092e-07,  1.7610e-08, -4.2479e-08,  4.2349e-08,
        -9.6623e-08,  1.5171e-07, -2.1088e-09, -9.1437e-08, -6.8207e-08,
         3.4610e-08, -3.6761e-08, -7.8377e-08, -6.8829e-08, -6.2503e-08,
        -7.1650e-08, -1.2547e-07,  6.0383e-08,  3.0221e-09, -1.2599e-07,
        -6.9907e-08,  3.7540e-08, -1.5910e-08, -4.1197e-07, -1.0254e-08,
        -4.5402e-08,  2.9722e-08,  2.3376e-08, -2.6793e-07,  3.2895e-10,
        -2.1747e-08, -4.5347e-08, -8.2345e-08, -4.4490e-08, -7.1937e-08,
         1.9815e-07, -6.4286e-08,  1.7186e-08,  1.8203e-08, -7.1909e-09,
        -1.2532e-07, -3.4312e-08, -5.0069e-08,  1.5026e-08, -6.2253e-08,
        -1.6830e-07, -1.5464e-08, -9.2238e-08, -1.3960e-07, -9.4896e-08,
         1.1643e-08, -3.6975e-08, -3.5249e-09, -6.0088e-08, -2.3395e-07,
        -5.3084e-09, -5.4218e-08,  9.1660e-09]), 'exp_avg_sq': tensor([1.8467e-12, 1.4115e-13, 3.2853e-13, 1.8801e-14, 1.2683e-14, 1.2859e-13,
        1.2392e-14, 5.2738e-15, 3.3017e-14, 7.1497e-14, 4.3928e-14, 1.4085e-13,
        9.0415e-15, 4.5489e-14, 4.8883e-14, 1.7879e-13, 1.6804e-13, 6.3947e-14,
        6.6465e-13, 3.3013e-15, 2.7897e-14, 3.9557e-14, 3.3286e-13, 3.5675e-13,
        1.5576e-13, 2.8351e-14, 1.0216e-13, 1.6752e-13, 5.3166e-14, 3.5524e-13,
        2.1202e-14, 1.1333e-14, 6.1829e-14, 1.2868e-13, 1.8062e-13, 8.4922e-14,
        1.2795e-13, 6.1719e-14, 3.5193e-13, 2.2880e-13, 1.4536e-13, 5.1946e-14,
        1.6487e-12, 2.7124e-13, 2.1979e-13, 1.2756e-13, 3.5964e-13, 5.6009e-13,
        1.5222e-13, 9.1192e-14, 3.2786e-14, 8.5098e-14, 3.2639e-14, 4.3106e-14,
        7.8445e-14, 9.0134e-14, 9.5239e-14, 1.6722e-14, 5.2791e-15, 8.4601e-15,
        5.6662e-14, 3.1937e-14, 2.7572e-12, 3.4905e-13, 6.5634e-14, 1.0930e-13,
        9.4133e-14, 2.3754e-13, 4.3893e-14, 2.6760e-13, 9.1083e-14, 2.2116e-13,
        4.7165e-14, 2.0244e-13, 6.4376e-14, 3.7629e-13, 4.7506e-13, 7.2018e-14,
        6.0663e-13, 2.5967e-14, 3.9121e-14, 2.6469e-12, 2.7606e-13, 1.5353e-13,
        5.4053e-14, 2.4147e-14, 1.7168e-12, 2.3260e-13, 5.7333e-15, 2.0259e-12,
        2.3890e-13, 5.0575e-14, 1.2536e-13, 3.2506e-12, 1.8920e-14, 2.1390e-14,
        1.8947e-13, 6.3411e-14, 3.7876e-12, 3.9745e-14, 1.2262e-13, 7.9948e-14,
        1.4896e-13, 1.4962e-13, 5.2824e-14, 1.9672e-12, 6.0602e-14, 5.2929e-14,
        3.2943e-13, 8.0312e-14, 8.7120e-13, 1.3435e-14, 4.5892e-14, 2.6549e-13,
        5.5097e-14, 9.3625e-13, 6.2142e-14, 1.2183e-13, 1.3028e-12, 2.2292e-13,
        6.3773e-14, 4.7798e-14, 1.5025e-13, 1.6033e-13, 1.2293e-12, 2.7244e-14,
        1.0174e-13, 6.6687e-14])}, 35: {'step': tensor(59741.), 'exp_avg': tensor([[-6.0010e-08,  1.6540e-09,  9.8077e-09,  ..., -1.6387e-08,
          4.6500e-08, -7.2256e-09],
        [ 1.5445e-08, -6.4790e-09, -3.5891e-09,  ..., -1.6360e-08,
         -1.5667e-08,  4.4650e-08],
        [ 1.0590e-07, -2.4004e-09, -1.9880e-08,  ..., -1.0899e-08,
          1.3970e-08,  1.6040e-08],
        ...,
        [-5.1641e-09, -3.9177e-10,  3.3052e-09,  ..., -1.9659e-09,
         -2.5997e-08,  1.0452e-08],
        [-4.5585e-08,  8.2618e-09,  2.2340e-08,  ...,  2.9093e-08,
         -1.7781e-08,  6.2930e-09],
        [ 1.7042e-08, -1.5173e-08, -1.8867e-08,  ..., -1.3051e-08,
          2.4784e-09,  1.7108e-08]]), 'exp_avg_sq': tensor([[3.4279e-13, 3.4159e-14, 6.9553e-14,  ..., 1.3185e-14, 3.0103e-14,
         7.5643e-14],
        [1.4248e-14, 5.0155e-15, 1.0060e-14,  ..., 4.0719e-15, 1.0161e-14,
         2.5974e-14],
        [1.6250e-13, 2.4633e-14, 6.3909e-14,  ..., 1.5296e-14, 1.1380e-14,
         4.1934e-14],
        ...,
        [5.7561e-15, 3.0142e-15, 5.7830e-15,  ..., 1.1400e-15, 3.6223e-15,
         5.3447e-15],
        [1.4868e-13, 2.1291e-13, 2.4828e-13,  ..., 2.2376e-14, 4.7572e-14,
         8.7146e-14],
        [2.0779e-14, 9.8855e-15, 1.5145e-14,  ..., 1.8167e-15, 3.5235e-15,
         5.7079e-15]])}, 36: {'step': tensor(59741.), 'exp_avg': tensor([[ 8.2513e-09, -1.7797e-09,  2.6198e-08,  ...,  2.4569e-09,
          6.7156e-09,  5.4681e-09],
        [-1.3373e-08,  1.1831e-09, -1.4549e-08,  ..., -1.8499e-09,
         -5.7446e-09, -1.4769e-09],
        [ 9.0543e-09, -2.4537e-09, -6.0924e-09,  ...,  8.6400e-09,
          2.3294e-08,  5.0023e-09],
        ...,
        [-1.3940e-09,  1.4283e-09, -2.3302e-09,  ..., -8.3166e-10,
         -7.8607e-09,  2.6065e-11],
        [-5.2743e-09, -1.9911e-09, -4.0463e-09,  ...,  1.1132e-08,
          1.3164e-08, -1.1505e-08],
        [-5.0935e-09, -8.0821e-09, -4.5244e-09,  ...,  4.9915e-09,
         -2.3832e-09, -1.1244e-08]]), 'exp_avg_sq': tensor([[1.8978e-15, 1.0556e-15, 5.1019e-15,  ..., 3.2164e-15, 4.2881e-15,
         2.8766e-14],
        [8.4131e-16, 3.8141e-16, 1.1727e-15,  ..., 9.3962e-16, 1.5910e-15,
         3.3395e-15],
        [1.8184e-15, 1.1006e-15, 4.3463e-15,  ..., 4.8382e-15, 4.4936e-15,
         1.5450e-14],
        ...,
        [2.0081e-16, 7.5660e-17, 6.0170e-16,  ..., 2.0608e-16, 5.6490e-16,
         1.3753e-15],
        [4.6175e-15, 5.6221e-15, 6.7775e-15,  ..., 1.4864e-14, 1.2685e-14,
         3.1720e-14],
        [4.4411e-16, 3.4067e-16, 8.0316e-16,  ..., 7.7522e-16, 9.0241e-16,
         3.0897e-15]])}, 37: {'step': tensor(59741.), 'exp_avg': tensor([ 2.1621e-07, -4.1508e-08,  6.9807e-07, -7.0635e-08, -8.2799e-07,
        -3.2080e-07,  1.7928e-08,  1.9650e-07, -2.4885e-07, -3.2379e-07,
        -3.4254e-07, -2.5643e-08, -2.2422e-07, -2.0146e-07, -1.8642e-07,
         1.3261e-07, -4.8407e-07, -2.3751e-06,  1.1515e-06, -4.9299e-07,
        -3.8369e-08,  3.8871e-07, -5.2396e-09,  9.0575e-09,  1.5122e-07,
        -5.3657e-07,  4.6844e-07, -5.7129e-08, -4.9082e-07,  8.4705e-08,
        -6.9055e-07, -5.4905e-09,  1.7450e-07, -2.3481e-07,  1.8595e-07,
        -3.3124e-07,  5.5962e-07, -3.2530e-07,  3.6013e-07,  5.9772e-07,
         1.1726e-08, -7.5469e-07, -5.3223e-07, -7.3194e-07,  1.8753e-08,
        -5.9566e-07,  4.2766e-07,  1.3236e-08,  4.6470e-07, -3.1654e-07,
        -2.3522e-07,  1.8825e-07,  4.0332e-07, -2.0677e-08, -2.9234e-07,
        -4.4374e-07, -3.5782e-07, -1.5591e-07,  1.3923e-07, -2.3494e-07,
        -2.8995e-07, -2.3558e-07, -3.5472e-08, -3.3683e-07, -1.3329e-07,
        -1.6226e-06,  1.7408e-07,  2.4372e-07, -4.3123e-07, -2.6124e-07,
        -3.6187e-07, -4.8154e-08,  5.3905e-07, -7.0578e-07, -3.8638e-07,
         2.5400e-07,  2.2145e-06, -3.7882e-07, -1.7511e-07, -3.8469e-08,
         3.5508e-07,  2.8210e-06,  1.6127e-07, -3.3979e-07, -1.2156e-08,
        -1.3466e-07, -2.2346e-07, -2.7061e-07, -1.9595e-07,  5.1490e-07,
         2.4271e-07, -5.6488e-07, -4.7033e-07,  8.2162e-07,  1.9002e-08,
        -3.5884e-07,  2.1628e-07,  1.5808e-08,  1.1788e-06, -1.3807e-06,
         1.5046e-06, -8.4155e-08,  2.3142e-07,  1.7872e-07, -7.1350e-07,
         2.2272e-06, -1.8233e-07, -1.5624e-07,  1.6388e-07,  5.5488e-09,
         1.3392e-06,  1.5348e-07, -4.8623e-07, -7.3513e-07, -1.7288e-07,
        -7.5873e-07,  9.6199e-07,  4.1645e-07,  1.3593e-06,  3.0420e-07,
        -2.1468e-07,  4.8209e-07, -2.4812e-07,  6.0100e-07,  5.3078e-07,
        -3.3372e-07, -4.1992e-07,  1.6374e-07]), 'exp_avg_sq': tensor([3.1346e-11, 3.5196e-12, 2.7025e-11, 2.8281e-12, 3.6819e-12, 4.4538e-12,
        3.6772e-12, 7.2517e-12, 2.0561e-12, 4.0467e-12, 8.4145e-12, 8.3863e-12,
        2.4865e-12, 2.4278e-12, 3.3314e-12, 1.3845e-11, 1.1708e-11, 3.3960e-11,
        2.7207e-11, 6.7255e-12, 3.1941e-12, 3.3276e-12, 5.0317e-12, 4.3540e-12,
        4.5982e-12, 9.9755e-12, 1.0484e-11, 7.4655e-12, 5.4266e-12, 7.2553e-12,
        2.9347e-12, 2.7837e-12, 4.1839e-12, 1.2875e-11, 3.3636e-12, 1.0728e-11,
        6.8485e-12, 8.8023e-12, 2.0525e-11, 2.4493e-11, 3.1556e-12, 4.9857e-12,
        2.0415e-11, 3.4274e-12, 2.9315e-11, 2.5664e-11, 2.5397e-11, 4.9737e-11,
        6.8669e-12, 2.1969e-12, 4.7901e-12, 7.0468e-12, 2.0494e-11, 9.4446e-12,
        2.2196e-12, 1.4959e-11, 9.2746e-12, 2.3170e-12, 5.2206e-12, 2.2674e-12,
        1.8914e-12, 6.3275e-12, 7.8165e-12, 3.0555e-12, 3.2513e-12, 1.2367e-10,
        7.6441e-12, 3.6427e-12, 1.2661e-11, 1.6710e-12, 8.1635e-12, 1.0142e-11,
        1.9008e-11, 2.0055e-11, 7.8976e-12, 5.3958e-12, 1.1497e-10, 1.6057e-12,
        6.1013e-12, 9.5877e-12, 7.5016e-12, 1.7323e-10, 7.0623e-12, 2.7643e-12,
        7.6820e-12, 3.7392e-12, 2.4242e-11, 2.6752e-12, 2.2616e-12, 2.6403e-11,
        4.9305e-12, 4.0939e-12, 4.7306e-12, 2.9302e-11, 9.3376e-12, 2.3592e-12,
        1.2298e-11, 2.2448e-11, 7.3963e-11, 1.0007e-11, 9.6384e-11, 5.7791e-12,
        5.0636e-12, 5.6668e-12, 3.8077e-12, 1.5034e-10, 1.2630e-11, 3.0005e-12,
        1.4306e-11, 2.5456e-12, 5.7438e-11, 4.7672e-12, 2.3283e-12, 8.0482e-12,
        1.7208e-12, 1.2208e-11, 2.2804e-11, 1.3852e-11, 7.4047e-11, 1.7657e-11,
        3.4988e-12, 1.1939e-11, 3.0321e-12, 8.2312e-12, 1.5398e-11, 1.7598e-12,
        1.5741e-11, 2.4065e-12])}, 38: {'step': tensor(59741.), 'exp_avg': tensor([-1.7338e-07, -2.0943e-08, -2.6494e-08,  3.6537e-08, -1.9968e-07,
         4.3702e-08,  1.1486e-09, -6.5175e-08,  3.8351e-08, -2.7445e-07,
         1.3026e-07, -2.7331e-08,  6.7454e-08,  9.0207e-08, -5.8494e-08,
         8.2480e-08,  1.6401e-07, -3.4108e-08, -7.8914e-08, -8.7258e-08,
         7.5226e-08,  5.9769e-08,  4.0466e-09,  7.4880e-08,  3.5122e-08,
        -1.0663e-07,  2.1194e-08,  2.1147e-07,  7.6163e-08,  2.4098e-08,
         2.6472e-07,  7.8249e-08,  5.6668e-08, -7.5344e-09, -2.7905e-08,
         4.4487e-08, -2.8737e-08, -2.1204e-07, -1.2445e-09,  2.1604e-07,
         2.0793e-07, -4.7603e-08,  6.5329e-08,  9.5966e-08,  5.4336e-08,
        -1.5738e-07,  2.1638e-07,  7.2307e-09, -9.5868e-08, -7.6869e-08,
         2.8836e-08, -8.3992e-08,  1.4203e-07, -8.6856e-08,  6.6901e-09,
        -1.9523e-07, -1.7755e-09,  6.7389e-08, -3.7891e-08,  3.2791e-08,
         1.0797e-07,  1.5849e-08,  1.2418e-07,  2.8928e-08, -1.9109e-09,
        -2.6118e-07, -7.3162e-08, -5.8112e-08,  4.9477e-08,  2.7980e-08,
         8.9359e-08, -1.2132e-07, -7.3614e-08,  3.0860e-08, -8.4753e-08,
         2.8208e-08, -1.9030e-07, -8.8625e-08,  4.4165e-08,  6.0812e-08,
         1.9277e-07, -1.6262e-07,  2.0547e-08,  1.1277e-07, -5.0037e-08,
         2.1920e-08,  2.1137e-07,  2.4635e-08,  1.0857e-07, -1.3986e-07,
         9.8284e-08, -1.6924e-08, -5.4459e-08,  7.3226e-07, -1.0284e-07,
         5.8917e-08,  2.2816e-07, -1.0521e-08,  6.6454e-07, -1.2685e-08,
         2.2809e-07,  6.0662e-09,  6.2441e-09,  3.8427e-08,  1.0501e-08,
        -8.8932e-08, -6.1660e-08, -8.4770e-08,  3.3771e-07,  2.0196e-07,
         1.2477e-07, -2.2565e-08, -1.7717e-07, -4.5104e-08,  2.7481e-07,
        -2.0269e-07,  6.0971e-08,  3.1840e-09,  2.0223e-07, -2.0779e-07,
        -1.5630e-07,  3.9246e-08,  8.1353e-09,  4.5932e-08,  6.3630e-08,
         2.8108e-08,  2.8529e-08, -3.3098e-09]), 'exp_avg_sq': tensor([2.4085e-12, 3.2908e-13, 1.8940e-12, 8.7390e-14, 1.4530e-13, 5.2423e-13,
        2.4016e-13, 5.2814e-13, 1.2099e-13, 8.5320e-13, 3.2595e-13, 6.5240e-13,
        9.3453e-14, 1.5474e-13, 3.5344e-13, 1.1235e-12, 3.7585e-13, 3.9056e-13,
        2.2538e-12, 1.3799e-12, 1.0840e-13, 2.3549e-13, 4.6146e-13, 6.8132e-13,
        1.0508e-12, 1.2520e-12, 9.1760e-13, 1.0198e-12, 2.0167e-13, 3.3877e-13,
        6.2005e-13, 4.7023e-14, 3.6844e-13, 1.2265e-13, 2.1817e-13, 1.0423e-12,
        7.4717e-13, 3.9272e-13, 1.7380e-12, 1.5350e-12, 4.2804e-13, 2.8004e-13,
        6.4589e-13, 4.3017e-13, 1.0112e-12, 8.9923e-13, 1.7155e-12, 5.0812e-12,
        8.3774e-13, 3.6396e-13, 9.9519e-14, 2.8435e-13, 1.2773e-12, 2.5955e-13,
        1.4602e-13, 7.1091e-13, 1.1637e-12, 1.1734e-13, 3.4678e-13, 7.4073e-14,
        1.6228e-13, 1.4366e-13, 7.2870e-13, 1.7593e-13, 1.0083e-13, 1.0229e-12,
        5.1140e-13, 4.0739e-13, 4.0301e-13, 3.9545e-14, 1.6498e-12, 1.1360e-13,
        5.2441e-13, 4.6532e-13, 2.5918e-13, 2.7138e-13, 6.0017e-12, 3.1327e-13,
        1.7502e-13, 2.4772e-13, 6.5533e-13, 1.2446e-11, 1.1693e-12, 2.9543e-13,
        2.4648e-13, 2.9363e-13, 1.9937e-12, 3.9372e-13, 1.3880e-13, 4.0881e-13,
        3.3088e-13, 2.1073e-13, 4.6154e-13, 7.1933e-12, 7.6506e-13, 8.1512e-14,
        8.7424e-13, 2.4279e-13, 7.3432e-12, 1.1197e-13, 1.2701e-12, 6.1899e-13,
        3.4824e-13, 3.6646e-13, 6.2476e-14, 5.0790e-12, 6.5883e-14, 1.3902e-13,
        2.8130e-12, 1.9811e-13, 1.2774e-12, 1.7887e-13, 2.3536e-13, 3.8217e-13,
        4.6413e-13, 6.0743e-13, 4.5196e-13, 4.8083e-13, 8.0637e-12, 4.6996e-13,
        5.9559e-13, 1.1619e-12, 2.0106e-13, 9.1112e-13, 2.2689e-12, 3.9189e-14,
        4.6697e-14, 3.1868e-13])}, 39: {'step': tensor(59741.), 'exp_avg': tensor([ 1.9593e-07,  8.3565e-08,  2.1585e-07,  1.0468e-07, -2.2928e-07,
        -1.1208e-08,  1.2413e-07,  1.4000e-07,  6.9885e-08,  8.1517e-08,
         3.9987e-08,  6.1570e-08,  5.8717e-08,  1.6293e-07,  1.5695e-08,
         4.0183e-08,  4.3737e-08, -3.3650e-07,  2.8736e-07, -3.5883e-08,
         1.7367e-07,  2.1601e-07,  2.7669e-08,  3.7598e-08,  1.1859e-07,
        -3.7775e-08,  1.8603e-07,  1.4465e-07, -1.5867e-07,  5.6465e-08,
        -2.2809e-07,  1.4676e-07,  1.1564e-07,  8.9124e-08,  1.1110e-07,
        -4.5260e-08,  2.2137e-07,  6.5284e-08,  2.0759e-07,  9.1678e-08,
         2.3033e-07, -1.2709e-07, -1.9168e-08, -1.2807e-07,  1.0400e-07,
        -4.1256e-08,  9.0480e-08,  1.1194e-08,  2.1201e-07, -1.2985e-08,
         9.6055e-08,  7.9079e-08,  6.3838e-08,  6.2953e-08,  1.2460e-08,
        -9.3311e-08, -1.0479e-07,  4.9886e-08,  4.8509e-08,  6.0529e-08,
         5.6584e-08,  2.3148e-08,  8.5222e-08,  5.4504e-08,  4.5454e-08,
        -2.7159e-07,  1.6690e-07,  1.1842e-07, -7.0544e-08,  1.3422e-08,
        -4.6484e-08,  9.2334e-08,  1.9591e-07, -1.3611e-07, -1.2817e-07,
         1.9220e-07,  1.2790e-06, -5.8768e-08,  1.9933e-08,  9.7050e-08,
         2.7507e-07,  1.1077e-06,  6.8723e-08, -6.6571e-08,  1.0467e-07,
         3.5745e-08, -9.0921e-08,  3.2343e-08,  8.8447e-08,  1.9466e-07,
         2.2464e-07, -1.3800e-07, -4.2731e-08,  4.4384e-07, -2.1134e-08,
         5.0360e-08,  2.9094e-07,  2.6212e-08,  6.3977e-07, -2.3384e-07,
         4.9861e-07,  2.8016e-08,  3.5593e-08,  1.4429e-07, -6.8633e-08,
         5.7380e-07,  3.0860e-08,  5.0305e-09,  1.8661e-07,  2.2390e-07,
         5.4786e-07,  1.1863e-07, -7.0516e-08, -9.3983e-08,  1.3069e-07,
        -2.8525e-07,  1.5821e-07,  1.7310e-07,  5.1059e-07,  1.4059e-07,
         9.7741e-08,  1.7995e-07,  1.1333e-08,  1.8395e-07,  1.8264e-07,
         2.1224e-08,  6.4049e-09,  1.5624e-07]), 'exp_avg_sq': tensor([2.7528e-12, 7.4636e-13, 2.9288e-12, 1.4463e-13, 2.6353e-13, 7.2529e-13,
        5.1469e-13, 6.6763e-13, 6.7988e-14, 7.2056e-13, 6.1405e-13, 1.8224e-12,
        1.1169e-13, 1.9821e-13, 6.0191e-13, 1.7710e-12, 1.3080e-12, 8.7114e-13,
        3.2907e-12, 6.5973e-13, 3.0645e-13, 7.1834e-13, 1.4921e-12, 1.3716e-12,
        9.2120e-13, 8.8335e-13, 1.3007e-12, 1.1531e-12, 6.2411e-13, 6.3130e-13,
        6.4381e-13, 1.3398e-13, 8.5429e-13, 9.2344e-13, 1.1693e-12, 1.3549e-12,
        1.2308e-12, 6.9109e-13, 4.4363e-12, 2.7077e-12, 9.4021e-13, 5.0978e-13,
        1.3173e-12, 6.3334e-13, 1.1763e-12, 1.2378e-12, 2.3269e-12, 4.7206e-12,
        7.0506e-13, 3.3538e-13, 2.6189e-13, 8.8893e-13, 1.9073e-12, 7.3137e-13,
        1.2264e-13, 1.7347e-12, 1.4723e-12, 1.6978e-13, 4.6973e-13, 8.3177e-14,
        8.4518e-14, 7.4516e-13, 8.1712e-13, 3.2296e-13, 2.1726e-13, 6.1027e-12,
        1.8127e-12, 6.4519e-13, 7.6673e-13, 1.5593e-14, 1.2021e-12, 6.9179e-13,
        1.3102e-12, 7.8822e-13, 7.5388e-13, 4.3708e-13, 1.8874e-11, 3.5072e-13,
        4.3360e-13, 1.2157e-12, 1.2179e-12, 1.7780e-11, 1.3557e-12, 6.0707e-13,
        9.9539e-13, 5.2907e-13, 2.7093e-12, 5.2376e-13, 1.0637e-13, 5.4581e-12,
        6.8853e-13, 7.5376e-13, 5.2324e-13, 3.8730e-12, 7.5264e-13, 1.3983e-13,
        1.6172e-12, 7.0153e-13, 9.4542e-12, 5.3732e-13, 7.8738e-12, 1.0916e-12,
        9.9802e-13, 1.1801e-12, 2.5672e-13, 1.1865e-11, 8.1855e-13, 3.1841e-13,
        2.1266e-12, 5.1865e-13, 8.0195e-12, 5.8591e-13, 2.2406e-13, 7.0916e-13,
        1.6422e-13, 1.6762e-12, 1.1550e-12, 1.2383e-12, 1.1871e-11, 1.1340e-12,
        5.2473e-13, 1.5795e-12, 3.3411e-13, 1.6508e-12, 2.3498e-12, 2.4767e-14,
        5.0787e-13, 5.5277e-13])}, 40: {'step': tensor(59741.), 'exp_avg': tensor([[-3.1171e-09, -1.1644e-07, -3.5054e-07,  ...,  1.3647e-08,
         -1.8166e-07, -4.4070e-07],
        [ 2.2240e-08, -4.3940e-09,  7.4964e-08,  ..., -1.2687e-07,
          2.2152e-07, -6.8556e-08],
        [ 2.0218e-08, -1.6317e-07, -2.2377e-07,  ..., -4.8328e-08,
         -1.2983e-07, -1.5632e-07],
        ...,
        [-2.3601e-08, -9.4835e-09, -3.8668e-08,  ..., -4.6969e-08,
          1.8576e-07, -9.3193e-08],
        [ 8.7218e-08, -1.4883e-07, -7.7394e-08,  ..., -9.4583e-08,
         -1.6472e-07, -2.8461e-08],
        [-1.5086e-07, -8.7448e-08, -3.6799e-08,  ...,  5.4966e-08,
          1.3314e-08,  2.4162e-07]]), 'exp_avg_sq': tensor([[2.2623e-12, 1.7924e-12, 2.7579e-12,  ..., 3.3444e-13, 9.6864e-13,
         2.7717e-12],
        [2.7572e-12, 1.5147e-12, 2.4340e-12,  ..., 1.8032e-13, 5.8021e-13,
         1.9872e-12],
        [1.8272e-12, 1.8909e-12, 2.8430e-12,  ..., 3.8405e-13, 9.3350e-13,
         1.0998e-12],
        ...,
        [1.9034e-12, 1.3192e-12, 2.0474e-12,  ..., 1.1568e-13, 3.5623e-13,
         5.0075e-13],
        [2.1424e-12, 2.4921e-12, 3.6782e-12,  ..., 2.2076e-13, 2.0088e-13,
         1.1247e-13],
        [1.5241e-12, 9.8690e-14, 1.3474e-13,  ..., 3.3748e-13, 8.4075e-13,
         4.3172e-12]])}, 41: {'step': tensor(59741.), 'exp_avg': tensor([ 9.2503e-07, -9.6570e-07,  2.9733e-06, -2.9546e-06,  3.6010e-07,
         1.9573e-06, -3.1713e-06, -1.5959e-06,  1.1691e-06, -1.5062e-06,
         1.0489e-06, -2.5431e-07,  4.2497e-06,  1.7569e-06,  3.2653e-08,
        -1.7248e-06,  4.2278e-06, -5.6284e-08,  1.2788e-06,  1.1376e-06,
        -1.8959e-06, -1.2040e-06,  1.4913e-06,  2.7257e-06,  9.1747e-07,
        -1.5439e-06, -1.4275e-06,  1.2389e-06, -1.6886e-06,  4.0026e-07,
         5.4490e-06,  2.5222e-06, -4.0736e-07,  1.9362e-06, -8.4297e-07,
        -1.7308e-06, -3.9249e-06, -1.1861e-06,  1.5665e-06,  4.1730e-07,
         9.3496e-07,  4.8003e-07,  1.4517e-06,  2.8872e-07, -2.0676e-06,
         1.2953e-06,  2.0705e-07, -1.6047e-06, -4.0005e-06,  3.3382e-06,
         2.0708e-06, -1.9042e-06,  6.4319e-08,  3.5141e-08, -6.6259e-07,
        -2.3028e-06,  2.0095e-07, -2.5803e-06,  9.8221e-07, -2.4062e-06,
         1.7148e-06,  2.2182e-07,  1.0407e-06,  1.0284e-06]), 'exp_avg_sq': tensor([1.0119e-09, 4.5005e-10, 4.8260e-10, 5.4967e-10, 2.1268e-10, 2.5442e-10,
        7.4793e-10, 4.0701e-10, 1.7837e-10, 8.3098e-10, 2.4757e-10, 2.5150e-10,
        6.4965e-10, 1.8498e-10, 3.3425e-10, 8.9532e-10, 2.5171e-10, 6.0855e-10,
        2.3977e-10, 7.8501e-10, 3.0203e-10, 6.6230e-10, 4.7202e-10, 6.0981e-10,
        9.1435e-10, 5.8300e-10, 5.7296e-10, 3.7319e-10, 5.5263e-10, 4.5271e-10,
        5.4047e-10, 2.5416e-10, 2.1126e-11, 4.1301e-10, 9.1023e-10, 7.5934e-10,
        8.8551e-10, 4.2415e-10, 1.6791e-10, 1.8930e-10, 7.0641e-10, 4.9028e-10,
        2.4496e-10, 2.0785e-10, 5.2497e-10, 6.1951e-10, 6.2871e-10, 3.9369e-10,
        8.5974e-10, 6.4283e-10, 7.9186e-10, 4.8893e-10, 5.4602e-10, 1.9982e-10,
        1.1067e-09, 7.7412e-10, 1.0248e-09, 8.7393e-10, 9.3897e-10, 9.0670e-10,
        1.7201e-10, 1.8879e-10, 2.9123e-10, 6.0950e-10])}, 42: {'step': tensor(59741.), 'exp_avg': tensor([[-5.2261e-06,  4.8073e-06, -7.1620e-06,  1.3858e-05,  1.7329e-05,
          4.2971e-06,  6.2695e-06,  2.2858e-06,  1.3333e-05,  7.9912e-07,
          1.3512e-05,  2.3225e-05,  1.2777e-06,  1.5995e-05,  6.2249e-06,
         -3.8119e-06,  4.5871e-07,  3.1762e-06,  2.3894e-06, -2.4552e-06,
          6.0266e-06,  1.1646e-06, -5.7058e-06, -1.5910e-05, -9.9616e-06,
          4.6903e-06,  1.1100e-06, -2.2426e-06,  1.3683e-06,  1.0879e-05,
         -3.0847e-06,  9.4435e-07,  2.0616e-05, -1.2678e-06,  7.2745e-06,
         -2.0054e-07,  1.3627e-05,  8.1784e-06,  9.9316e-06,  2.1761e-05,
         -5.3397e-06,  4.5192e-06,  7.9648e-06,  1.3209e-05,  1.0510e-06,
         -1.7910e-05, -8.5110e-06,  3.4628e-06,  3.2599e-06, -8.8838e-06,
         -7.4635e-06,  2.9878e-06, -2.9355e-06,  1.9440e-05, -1.6280e-06,
          8.3411e-07, -6.4474e-06, -7.5941e-06, -4.4176e-07, -8.3084e-07,
          1.3680e-05,  7.0890e-06,  1.2033e-05, -1.2556e-05],
        [ 1.2353e-05, -2.2750e-06,  1.1041e-05, -2.6899e-06, -3.6779e-06,
         -3.0037e-05,  3.5308e-06, -1.1320e-06, -8.8721e-07,  8.4471e-06,
         -2.5800e-05, -2.2708e-05, -3.4140e-06, -1.5448e-05, -1.2251e-05,
          1.1144e-05, -6.0679e-05,  3.5381e-05, -1.5185e-05,  1.2416e-05,
         -1.5653e-05,  2.5553e-05,  1.5787e-05,  8.4317e-06,  1.4121e-05,
          2.2177e-05,  1.5542e-05, -3.2091e-06,  1.3711e-05,  1.1084e-05,
         -5.5389e-06, -2.5923e-05, -9.7893e-06, -1.6800e-05, -1.6596e-06,
          1.1813e-05, -6.5042e-06, -7.5517e-06, -2.3790e-05, -4.6812e-06,
          1.6440e-05,  1.3301e-05, -4.0717e-05,  8.7837e-07,  2.4914e-05,
          1.6988e-05,  1.4364e-05,  1.7061e-06,  1.4853e-05,  5.8177e-06,
          1.1265e-05,  1.5219e-06,  3.0739e-06, -6.6875e-06,  1.3614e-05,
          1.1796e-05,  1.1493e-05,  1.2413e-05,  5.7256e-06,  1.4017e-06,
         -9.1975e-06, -1.6290e-05, -1.9876e-05,  3.1434e-05],
        [ 9.2875e-06, -1.3683e-05,  2.0040e-05, -1.6039e-05, -2.0844e-05,
          4.6501e-05, -9.5618e-06, -1.0779e-05, -2.6385e-05,  3.9166e-06,
          2.9601e-05, -1.5345e-05,  1.2509e-05, -1.6835e-05, -1.4285e-05,
         -1.2789e-05,  3.4616e-05, -2.7955e-05,  1.2565e-05, -2.0520e-06,
         -6.7251e-06, -1.9703e-05, -1.5033e-05,  8.7012e-06,  1.8231e-06,
         -2.1920e-05, -1.9970e-05,  2.6865e-05,  5.1954e-06, -2.1649e-05,
          2.0582e-05,  3.3019e-05, -7.8681e-06,  3.0927e-05, -1.2050e-06,
          8.8960e-06, -1.2766e-05, -8.1126e-06, -5.8887e-06, -1.3760e-05,
         -6.2117e-06, -2.2475e-05,  3.2085e-05, -2.1513e-05, -2.0524e-05,
          1.7858e-05, -3.7607e-06, -1.5980e-05, -1.5510e-05,  1.8550e-05,
         -5.6624e-06, -1.4068e-05,  3.0612e-06, -1.5985e-05, -8.7072e-07,
         -1.7935e-05,  4.2129e-06,  2.6366e-06, -8.3835e-06, -2.9065e-06,
         -1.6927e-05, -1.8747e-05,  3.5212e-05, -8.0787e-06],
        [ 1.9982e-06, -1.0097e-06,  1.9213e-06, -1.6455e-06, -2.7134e-07,
          1.0434e-05, -1.4925e-06, -2.3337e-06,  4.4978e-06, -7.8981e-07,
          6.6611e-06,  3.8612e-07,  2.6642e-06, -9.4478e-07, -1.1316e-06,
         -3.2639e-06, -3.8085e-07, -4.1457e-06,  7.8564e-06, -1.2753e-06,
          1.3258e-08, -6.3427e-06, -1.7285e-07,  5.2283e-07, -1.9624e-06,
         -4.4409e-06, -4.1666e-06,  2.9503e-06, -1.5617e-06, -1.0963e-05,
          1.9259e-06,  6.6981e-06, -2.5223e-05,  7.1019e-06,  1.9928e-06,
         -4.7417e-07, -4.7183e-07, -1.2166e-06,  5.4617e-06,  1.9596e-06,
         -4.4323e-06, -4.3368e-06,  6.0675e-06,  5.1044e-07, -2.3067e-06,
         -3.0000e-07, -1.7546e-06, -4.0736e-06, -3.9008e-06,  2.3219e-06,
         -3.3903e-06, -1.2836e-06,  7.9306e-08,  2.4020e-06, -2.1476e-06,
         -2.5183e-06, -7.2195e-07, -4.5638e-07, -3.6943e-06, -3.2460e-07,
          5.9326e-06, -2.0765e-06,  1.2113e-05, -2.4539e-06]]), 'exp_avg_sq': tensor([[1.2083e-09, 5.1589e-09, 4.3578e-09, 4.6355e-09, 1.5149e-08, 2.1251e-08,
         4.6885e-09, 6.0555e-09, 1.8140e-08, 1.5671e-09, 2.2568e-08, 1.1961e-08,
         3.8304e-09, 1.6799e-08, 8.4469e-09, 6.2306e-09, 2.1077e-08, 7.2558e-09,
         2.4009e-08, 7.5026e-09, 9.3897e-09, 6.3219e-09, 6.6234e-09, 6.8806e-09,
         6.7222e-09, 6.8277e-09, 5.4058e-09, 1.5734e-08, 2.1660e-09, 7.4056e-09,
         4.4270e-09, 2.1565e-08, 8.8310e-09, 1.0705e-08, 4.9672e-09, 1.5485e-09,
         3.3862e-09, 6.7307e-09, 1.6761e-08, 1.5487e-08, 7.3928e-09, 8.1540e-09,
         2.4446e-08, 1.5382e-08, 6.9481e-09, 8.0167e-09, 8.2000e-09, 5.6091e-09,
         5.0470e-09, 3.9552e-09, 6.9901e-09, 4.9601e-09, 1.0018e-08, 1.5782e-08,
         2.8962e-09, 5.9797e-09, 4.5354e-09, 1.3311e-09, 6.4280e-09, 3.4566e-09,
         1.7054e-08, 1.5655e-08, 2.0318e-08, 7.8984e-09],
        [3.2703e-09, 9.3393e-09, 9.1771e-09, 8.8994e-09, 3.1803e-08, 4.8528e-08,
         9.1379e-09, 1.1565e-08, 4.0460e-08, 3.6742e-09, 5.2138e-08, 2.4653e-08,
         6.5782e-09, 3.5559e-08, 1.6355e-08, 1.3717e-08, 5.3551e-08, 1.6447e-08,
         5.8469e-08, 1.6586e-08, 1.8532e-08, 1.3399e-08, 1.6800e-08, 1.3476e-08,
         1.4884e-08, 1.4098e-08, 1.0521e-08, 3.6279e-08, 5.5359e-09, 1.7720e-08,
         7.7095e-09, 4.9667e-08, 1.8770e-08, 2.3245e-08, 1.0767e-08, 4.1880e-09,
         6.2989e-09, 1.2882e-08, 3.7098e-08, 3.2140e-08, 1.7386e-08, 1.9628e-08,
         5.7538e-08, 3.1773e-08, 1.3974e-08, 1.7211e-08, 1.9272e-08, 1.0568e-08,
         1.0345e-08, 7.1134e-09, 1.5773e-08, 9.2240e-09, 2.1716e-08, 3.2708e-08,
         6.6020e-09, 1.4080e-08, 9.9990e-09, 3.5123e-09, 1.5029e-08, 6.9932e-09,
         3.8100e-08, 3.2831e-08, 4.7288e-08, 1.8776e-08],
        [1.0522e-09, 4.0910e-09, 3.6421e-09, 3.7970e-09, 1.1165e-08, 1.4467e-08,
         3.5361e-09, 4.7545e-09, 1.3092e-08, 1.2422e-09, 1.5184e-08, 8.9051e-09,
         3.0558e-09, 1.2607e-08, 6.3369e-09, 4.0001e-09, 1.3648e-08, 4.9854e-09,
         1.5875e-08, 4.8997e-09, 7.2170e-09, 4.4376e-09, 4.4901e-09, 5.0043e-09,
         4.3494e-09, 4.7194e-09, 3.8846e-09, 1.0657e-08, 1.8114e-09, 5.9740e-09,
         3.7017e-09, 1.4523e-08, 9.6978e-09, 7.7303e-09, 3.4542e-09, 1.3264e-09,
         2.4876e-09, 5.1307e-09, 1.2290e-08, 1.1654e-08, 4.9951e-09, 6.0310e-09,
         1.6123e-08, 1.1357e-08, 4.8451e-09, 5.4804e-09, 5.3460e-09, 4.5148e-09,
         3.4700e-09, 3.2362e-09, 4.6046e-09, 3.9367e-09, 6.6591e-09, 1.1583e-08,
         2.1067e-09, 4.1422e-09, 3.2243e-09, 1.1153e-09, 4.2697e-09, 2.5434e-09,
         1.2145e-08, 1.1569e-08, 1.3692e-08, 5.0128e-09],
        [2.8061e-10, 5.3164e-10, 6.8943e-10, 6.0199e-10, 1.6094e-09, 2.3817e-09,
         4.3171e-10, 6.2016e-10, 1.8938e-09, 2.9974e-10, 2.5042e-09, 1.2487e-09,
         4.7372e-10, 1.8969e-09, 8.5411e-10, 5.6590e-10, 1.9894e-09, 7.4362e-10,
         2.3435e-09, 6.0590e-10, 9.5216e-10, 1.2542e-09, 1.1722e-09, 6.8002e-10,
         5.2744e-10, 7.9042e-10, 6.8038e-10, 1.8961e-09, 4.8734e-10, 4.7344e-09,
         5.2848e-10, 2.4192e-09, 2.1372e-08, 1.5122e-09, 5.9949e-10, 3.2819e-10,
         3.1777e-10, 6.1487e-10, 1.8327e-09, 1.8120e-09, 7.1777e-10, 2.9514e-09,
         2.5000e-09, 1.5270e-09, 7.8337e-10, 7.5133e-10, 7.6275e-10, 8.3815e-10,
         5.3074e-10, 4.2425e-10, 5.6713e-10, 8.2250e-10, 7.8517e-10, 1.4852e-09,
         3.8080e-10, 6.6623e-10, 4.3249e-10, 2.8354e-10, 7.1471e-10, 3.2354e-10,
         1.7867e-09, 1.7759e-09, 2.3181e-09, 7.4044e-10]])}, 43: {'step': tensor(59741.), 'exp_avg': tensor([-9.2939e-05, -1.1404e-04,  2.1440e-05,  4.5136e-06]), 'exp_avg_sq': tensor([4.9588e-07, 8.8383e-07, 4.7161e-07, 3.1868e-08])}}, 'param_groups': [{'lr': 0.0005, 'betas': (0.9, 0.999), 'eps': 1e-08, 'weight_decay': 1e-05, 'amsgrad': False, 'maximize': False, 'foreach': None, 'capturable': False, 'differentiable': False, 'fused': None, 'decoupled_weight_decay': True, 'params': [0, 1, 2, 3, 4, 5, 6, 7, 8, 9, 10, 11, 12, 13, 14, 15, 16, 17, 18, 19, 20, 21, 22, 23, 24, 25, 26, 27, 28, 29, 30, 31, 32, 33, 34, 35, 36, 37, 38, 39, 40, 41, 42, 43]}]}
scaler_state: dict = {'scale': 8388608.0, 'growth_factor': 2.0, 'backoff_factor': 0.5, 'growth_interval': 2000, '_growth_tracker': 1476}
best_val_loss: float = 0.000509102338214165
train_loss: float = 0.0002465168266288704
val_loss: float = 0.000509102338214165
