Date,Close,Scaled_Close
2010-01-04,1132.989990234375,0.01853754212561881
2010-01-05,1136.52001953125,0.019130224697054887
2010-01-06,1137.1400146484375,0.019234320235485047
2010-01-07,1141.68994140625,0.019998240889926466
2010-01-08,1144.97998046875,0.020550629736504566
2010-01-11,1146.97998046875,0.020886424440509282
2010-01-12,1136.219970703125,0.01907984729334128
2010-01-13,1145.6800537109375,0.02066817018007555
2010-01-14,1148.4599609375,0.021134909242227634
2010-01-15,1136.030029296875,0.01904795663419631
2010-01-19,1150.22998046875,0.02143209083451697
2010-01-20,1138.0400390625,0.019385431951343624
2010-01-21,1116.47998046875,0.015765555204437204
2010-01-22,1091.760009765625,0.011615137581806545
2010-01-25,1096.780029296875,0.012457985568103541
2010-01-26,1092.1700439453125,0.011683981234806518
2010-01-27,1097.5,0.012578866742677525
2010-01-28,1084.530029296875,0.010401243006074617
2010-01-29,1073.8699951171875,0.008611451495050382
2010-02-01,1089.18994140625,0.011183629909802428
2010-02-02,1103.3199462890625,0.01355602031340708
2010-02-03,1097.280029296875,0.012541934244104741
2010-02-04,1063.1099853515625,0.006804874347882378
2010-02-05,1066.18994140625,0.007321990813748069
2010-02-08,1056.739990234375,0.005735369035438614
2010-02-09,1070.52001953125,0.008048999464898926
2010-02-10,1068.1300048828125,0.007647722334179402
2010-02-11,1078.469970703125,0.00938377521520481
2010-02-12,1075.510009765625,0.008886805611768134
2010-02-16,1094.8699951171875,0.012137295887100025
2010-02-17,1099.510009765625,0.012916342059824837
2010-02-18,1106.75,0.014131917248699388
2010-02-19,1109.1700439453125,0.0145382362188467
2010-02-22,1108.010009765625,0.014343469551844928
2010-02-23,1094.5999755859375,0.012091960322814232
2010-02-24,1105.239990234375,0.01387839060755322
2010-02-25,1102.93994140625,0.013492218499834896
2010-02-26,1104.489990234375,0.013752467593551448
2010-03-01,1115.7099609375,0.01563627096415024
2010-03-02,1118.31005859375,0.016072820475582172
2010-03-03,1118.7900390625,0.016153407925298152
2010-03-04,1122.969970703125,0.016855207379309955
2010-03-05,1138.699951171875,0.019496229447061975
2010-03-08,1138.5,0.01946265817477441
2010-03-09,1140.449951171875,0.01979004981306612
2010-03-10,1145.6099853515625,0.020656405888077323
2010-03-11,1150.239990234375,0.021433771447659566
2010-03-12,1149.989990234375,0.021391797109658967
2010-03-15,1150.510009765625,0.02147910701194536
2010-03-16,1159.4599609375,0.022981780114253614
2010-03-17,1166.2099609375,0.02411508724026956
2010-03-18,1165.8299560546875,0.024051285426697377
2010-03-19,1159.9000244140625,0.023055665606681403
2010-03-22,1165.81005859375,0.024047944695694407
2010-03-23,1174.1700439453125,0.02545156409900029
2010-03-24,1167.719970703125,0.0243686138814157
2010-03-25,1165.72998046875,0.024034499790553582
2010-03-26,1166.5899658203125,0.024178889053841746
2010-03-29,1173.219970703125,0.025292049317428705
2010-03-30,1173.27001953125,0.025300452383141714
2010-03-31,1169.4300537109375,0.024655732290131654
2010-04-01,1178.0999755859375,0.02611138921501152
2010-04-05,1187.43994140625,0.027679544744034584
2010-04-06,1189.43994140625,0.0280153394480393
2010-04-07,1182.449951171875,0.02684173859716535
2010-04-08,1186.43994140625,0.027511647392032212
2010-04-09,1194.3699951171875,0.028843082411335125
2010-04-12,1196.47998046875,0.02919734336462626
2010-04-13,1197.300048828125,0.029335030670626233
2010-04-14,1210.6500244140625,0.031576456220801324
2010-04-15,1211.6700439453125,0.03174771479908889
2010-04-16,1192.1300048828125,0.028466993982472405
2010-04-19,1197.52001953125,0.029371963169199017
2010-04-20,1207.1700439453125,0.030992176715078257
2010-04-21,1205.93994140625,0.030785645756078284
2010-04-22,1208.6700439453125,0.0312440227430818
2010-04-23,1217.280029296875,0.032689616484388284
2010-04-26,1212.050048828125,0.03181151661266107
2010-04-27,1183.7099609375,0.027053290900310917
2010-04-28,1191.3599853515625,0.02833770974218544
2010-04-29,1206.780029296875,0.030926694288363477
2010-04-30,1186.68994140625,0.027553621730032812
2010-05-03,1202.260009765625,0.030167794978067652
2010-05-04,1173.5999755859375,0.02535585113100089
2010-05-05,1165.8699951171875,0.02405800787926779
2010-05-06,1128.1500244140625,0.01772492468060638
2010-05-07,1110.8800048828125,0.014825334132280432
2010-05-10,1159.72998046875,0.023027115678539406
2010-05-11,1155.7900390625,0.02236560994938558
2010-05-12,1171.6700439453125,0.025031820718994374
2010-05-13,1157.43994140625,0.022642624183963678
2010-05-14,1135.6800537109375,0.018989196660051916
2010-05-17,1136.93994140625,0.019200728467915235
2010-05-18,1120.800048828125,0.016490883242445464
2010-05-19,1115.050048828125,0.015525473468431888
2010-05-20,1071.5899658203125,0.008228640613617277
2010-05-21,1087.68994140625,0.010931783881798857
2010-05-24,1073.6500244140625,0.008574518996477598
2010-05-25,1074.030029296875,0.008638320810049782
2010-05-26,1067.949951171875,0.007617491792894809
2010-05-27,1103.06005859375,0.013512385857546133
2010-05-28,1089.4100341796875,0.011220582903657433
2010-06-01,1070.7099609375,0.008080890124043894
2010-06-02,1098.3800048828125,0.01272661723225088
2010-06-03,1102.8299560546875,0.013473752250548504
2010-06-04,1064.8800048828125,0.007102055940171742
2010-06-07,1050.469970703125,0.0046826493591386464
2010-06-08,1062.0,0.006618510746593642
2010-06-09,1055.68994140625,0.005559068617723262
2010-06-10,1086.8399658203125,0.010789075231653317
2010-06-11,1091.5999755859375,0.011588268266807145
2010-06-14,1089.6300048828125,0.011257515402230217
2010-06-15,1115.22998046875,0.01555568351443426
2010-06-16,1114.6099853515625,0.015451587976004072
2010-06-17,1116.0400390625,0.015691690207291636
2010-06-18,1117.510009765625,0.015938494395867392
2010-06-21,1113.199951171875,0.015214846971001728
2010-06-22,1095.31005859375,0.012211181379527813
2010-06-23,1092.0400390625,0.011662153759234933
2010-06-24,1073.68994140625,0.008581220953765789
2010-06-25,1076.760009765625,0.009096677301771078
2010-06-28,1074.5699462890625,0.008728971443339145
2010-06-29,1041.239990234375,0.003132960079402003
2010-06-30,1030.7099609375,0.0013649960439493791
2010-07-01,1027.3699951171875,0.0008042246269405195
2010-07-02,1022.5800170898438,0.0
2010-07-06,1028.06005859375,0.0009200844573689082
2010-07-07,1060.27001953125,0.006328051606874691
2010-07-08,1070.25,0.008003663900613134
2010-07-09,1077.9599609375,0.009298145926061041
2010-07-12,1078.75,0.009430791392633225
2010-07-13,1095.3399658203125,0.01221620272367338
2010-07-14,1095.1700439453125,0.012187673290813605
2010-07-15,1096.47998046875,0.01240760816438996
2010-07-16,1064.8800048828125,0.007102055940171742
2010-07-19,1071.25,0.008171561252615506
2010-07-20,1083.47998046875,0.010224942588359237
2010-07-21,1069.5899658203125,0.007892845909612534
2010-07-22,1093.6700439453125,0.011935827262810061
2010-07-23,1102.6600341796875,0.013445222817688729
2010-07-26,1115.010009765625,0.015518751015861476
2010-07-27,1113.8399658203125,0.015322303735717108
2010-07-28,1106.1300048828125,0.0140278217102692
2010-07-29,1101.530029296875,0.013255497990114773
2010-07-30,1101.5999755859375,0.013267241786830752
2010-08-02,1125.8599853515625,0.01734043318603065
2010-08-03,1120.4599609375,0.01643378338616147
2010-08-04,1127.239990234375,0.017572132351605207
2010-08-05,1125.81005859375,0.017332050615599892
2010-08-06,1121.6400146484375,0.016631911279448436
2010-08-09,1127.7900390625,0.017664484093319416
2010-08-10,1121.06005859375,0.01653453819358866
2010-08-11,1089.469970703125,0.011230646087230817
2010-08-12,1083.6099853515625,0.010246770063930821
2010-08-13,1079.25,0.009514740068634397
2010-08-16,1079.3800048828125,0.009536567544205982
2010-08-17,1092.5400390625,0.011746102435236105
2010-08-18,1094.1600341796875,0.012018095325668637
2010-08-19,1075.6300048828125,0.008906952474197122
2010-08-20,1071.68994140625,0.008245426249761073
2010-08-23,1067.3599853515625,0.007518438093892438
2010-08-24,1051.8699951171875,0.0049177097509984224
2010-08-25,1055.3299560546875,0.00549862803043627
2010-08-26,1047.219970703125,0.004136982965130986
2010-08-27,1064.5899658203125,0.00705335914960073
2010-08-30,1048.9200439453125,0.004422420760704343
2010-08-31,1049.3299560546875,0.004491243918422094
2010-09-01,1080.2900390625,0.009689359873207154
2010-09-02,1090.0999755859375,0.0113364222388036
2010-09-03,1104.510009765625,0.013755828819836668
2010-09-07,1091.8399658203125,0.01162856199166512
2010-09-08,1098.8699951171875,0.012808885295109457
2010-09-09,1104.1800537109375,0.013700430071977493
2010-09-10,1109.550048828125,0.014602038032418885
2010-09-13,1121.9000244140625,0.016675566230591632
2010-09-14,1121.0999755859375,0.01654124015087685
2010-09-15,1125.0699462890625,0.017207787719458495
2010-09-16,1124.6600341796875,0.017138964561740716
2010-09-17,1125.5899658203125,0.01729509762174486
2010-09-20,1142.7099609375,0.02016949946821403
2010-09-21,1139.780029296875,0.01967757170420517
2010-09-22,1134.280029296875,0.018754136268192168
2010-09-23,1124.8299560546875,0.01716749399460049
2010-09-24,1148.6700439453125,0.021170181622940043
2010-09-27,1142.1600341796875,0.02007716822178207
2010-09-28,1147.699951171875,0.021007305615083238
2010-09-29,1144.72998046875,0.020508655398503967
2010-09-30,1141.199951171875,0.01991597282706789
2010-10-01,1146.239990234375,0.020762182039650107
2010-10-04,1137.030029296875,0.019215853986198655
2010-10-05,1160.75,0.02319837425682697
2010-10-06,1159.969970703125,0.02306740940339741
2010-10-07,1158.06005859375,0.022746740217676087
2010-10-08,1165.1500244140625,0.023937126704693806
2010-10-11,1165.3199462890625,0.02396565613755358
2010-10-12,1169.77001953125,0.024712811651133454
2010-10-13,1178.0999755859375,0.02611138921501152
2010-10-14,1173.81005859375,0.0253911235117133
2010-10-15,1176.18994140625,0.025790699534007977
2010-10-18,1184.7099609375,0.02722118825231329
2010-10-19,1165.9000244140625,0.02406304971869558
2010-10-20,1178.1700439453125,0.02612315350700975
2010-10-21,1180.260009765625,0.026474053234015665
2010-10-22,1183.0799560546875,0.026947514748738133
2010-10-25,1185.6199951171875,0.02737398058131446
2010-10-26,1185.6400146484375,0.027377341807599653
2010-10-27,1182.449951171875,0.02684173859716535
2010-10-28,1183.780029296875,0.027065055192309118
2010-10-29,1183.260009765625,0.026977745290022753
2010-11-01,1184.3800048828125,0.027165789504454113
2010-11-02,1193.5699462890625,0.028708756331620344
2010-11-03,1197.9599609375,0.029445828166344584
2010-11-04,1221.06005859375,0.03332427339382496
2010-11-05,1225.8499755859375,0.034128487773124355
2010-11-08,1223.25,0.03369195875697467
2010-11-09,1213.4000244140625,0.03203817393880784
2010-11-10,1218.7099609375,0.03292969822039363
2010-11-11,1213.5400390625,0.03206168202752202
2010-11-12,1199.2099609375,0.029655699856347528
2010-11-15,1197.75,0.029410576280914397
2010-11-16,1178.3399658203125,0.026151682939869525
2010-11-17,1178.5899658203125,0.026193657277870097
2010-11-18,1196.68994140625,0.02923259525005642
2010-11-19,1199.72998046875,0.02974300975863392
2010-11-22,1197.8399658203125,0.029425681303915596
2010-11-23,1180.72998046875,0.02655296007058902
2010-11-24,1198.3499755859375,0.029511310593059364
2010-11-26,1189.4000244140625,0.02800863749075111
2010-11-29,1187.760009765625,0.027733283374033385
2010-11-30,1180.550048828125,0.02652275002458665
2010-12-01,1206.0699462890625,0.030807473231649896
2010-12-02,1221.530029296875,0.033403180230398316
2010-12-03,1224.7099609375,0.0339370823324078
2010-12-06,1223.1199951171875,0.03367013128140306
2010-12-07,1223.75,0.033775907432975844
2010-12-08,1228.280029296875,0.03453648735641429
2010-12-09,1233.0,0.03532895793899771
2010-12-10,1240.4000244140625,0.03657140244287163
2010-12-13,1240.4599609375,0.036581465626445014
2010-12-14,1241.5899658203125,0.03677119045401897
2010-12-15,1235.22998046875,0.0357033657547178
2010-12-16,1242.8699951171875,0.03698610398344973
2010-12-17,1243.9100341796875,0.03716072378802249
2010-12-20,1247.0799560546875,0.03769294527688938
2010-12-21,1254.5999755859375,0.03895553664319229
2010-12-22,1258.8399658203125,0.039667419776059726
2010-12-23,1256.77001953125,0.03931988127533903
2010-12-27,1257.5400390625,0.039449165515625995
2010-12-28,1258.510009765625,0.03961202102820055
2010-12-29,1259.780029296875,0.039825253944488714
2010-12-30,1257.8800048828125,0.039506244876627766
2010-12-31,1257.6400146484375,0.03946595115176979
2011-01-03,1271.8699951171875,0.041855127191518265
2011-01-04,1270.199951171875,0.0415747312353727
2011-01-05,1276.56005859375,0.042642576429956086
2011-01-06,1273.8499755859375,0.04218756066923779
2011-01-07,1271.5,0.04179300599108868
2011-01-10,1269.75,0.041499185625084534
2011-01-11,1274.47998046875,0.042293336820810545
2011-01-12,1285.9599609375,0.04422079514255253
2011-01-13,1283.760009765625,0.043851429166260225
2011-01-14,1293.239990234375,0.04544309278399747
2011-01-18,1295.02001953125,0.0457419549894294
2011-01-19,1281.9200439453125,0.04354250377725488
2011-01-20,1280.260009765625,0.04326378843425194
2011-01-21,1283.3499755859375,0.043782585513260225
2011-01-24,1290.8399658203125,0.04504013504013535
2011-01-25,1291.1800537109375,0.04509723489641934
2011-01-26,1296.6300048828125,0.04601226726671934
2011-01-27,1299.5400390625,0.04650085429972525
2011-01-28,1276.3399658203125,0.04260562343610108
2011-01-31,1286.1199951171875,0.04424766445755193
2011-02-01,1307.5899658203125,0.04785241568617493
2011-02-02,1304.030029296875,0.04725471177059326
2011-02-03,1307.0999755859375,0.047770147623316356
2011-02-04,1310.8699951171875,0.04840312391961041
2011-02-07,1319.050048828125,0.04977653327691392
2011-02-08,1324.5699462890625,0.050703309443929895
2011-02-09,1320.8800048828125,0.05008377805277664
2011-02-10,1321.8699951171875,0.050249994791636415
2011-02-11,1329.1500244140625,0.05147229243308135
2011-02-14,1332.3199462890625,0.052004513921948214
2011-02-15,1328.010009765625,0.05128088699236477
2011-02-16,1336.3199462890625,0.052676103329957646
2011-02-17,1340.4300537109375,0.05336617948253572
2011-02-18,1343.010009765625,0.05379934727240021
2011-02-22,1315.43994140625,0.04917040580033702
2011-02-23,1307.4000244140625,0.047820525027029936
2011-02-24,1306.0999755859375,0.047602250271313984
2011-02-25,1319.8800048828125,0.04991588070077427
2011-02-28,1327.219970703125,0.05114824152579259
2011-03-01,1306.3299560546875,0.047640863383029364
2011-03-02,1308.43994140625,0.0479951243363205
2011-03-03,1330.969970703125,0.05177785659580145
2011-03-04,1321.1500244140625,0.05012911361706243
2011-03-07,1310.1300048828125,0.04827888151875123
2011-03-08,1321.8199462890625,0.05024159172592341
2011-03-09,1320.02001953125,0.049939388789488476
2011-03-10,1295.1099853515625,0.0457570600124306
2011-03-11,1304.280029296875,0.04729668610859386
2011-03-14,1296.3900146484375,0.04597197354186136
2011-03-15,1281.8699951171875,0.04353410071154187
2011-03-16,1256.8800048828125,0.03933834752462542
2011-03-17,1273.719970703125,0.04216573319366618
2011-03-18,1279.2099609375,0.043087488016536585
2011-03-21,1298.3800048828125,0.04630608763272348
2011-03-22,1293.77001953125,0.04553208329942646
2011-03-23,1297.5400390625,0.04616505959572051
2011-03-24,1309.6600341796875,0.048199974682177876
2011-03-25,1313.800048828125,0.048895072178901516
2011-03-28,1310.18994140625,0.048288944702324615
2011-03-29,1319.43994140625,0.04984199520834648
2011-03-30,1328.260009765625,0.05132286133036537
2011-03-31,1325.8299560546875,0.050914861747075435
2011-04-01,1332.4100341796875,0.05201963944023161
2011-04-04,1332.8699951171875,0.052096865663662395
2011-04-05,1332.6300048828125,0.05205657193880442
2011-04-06,1335.5400390625,0.05254515897181031
2011-04-07,1333.510009765625,0.052204322428377775
2011-04-08,1328.1700439453125,0.05130775630736417
2011-04-11,1324.4599609375,0.0506848431946435
2011-04-12,1314.1600341796875,0.04895551276618851
2011-04-13,1314.4100341796875,0.04899748710418908
2011-04-14,1314.52001953125,0.04901595335347547
2011-04-15,1319.6800537109375,0.049882309428486704
2011-04-18,1305.1400146484375,0.047441075371882024
2011-04-19,1312.6199951171875,0.04869694428561455
2011-04-20,1330.3599853515625,0.05167544167051388
2011-04-21,1337.3800048828125,0.05285408436081562
2011-04-25,1335.25,0.052496462181239295
2011-04-26,1347.239990234375,0.05450954979212505
2011-04-27,1355.6600341796875,0.055923252874286566
2011-04-28,1360.47998046875,0.05673250909301378
2011-04-29,1363.6099853515625,0.05725802862459245
2011-05-02,1361.219970703125,0.056856751493872926
2011-05-03,1356.6199951171875,0.056084427773718526
2011-05-04,1347.3199462890625,0.054522974201983654
2011-05-05,1335.0999755859375,0.05247127347938252
2011-05-06,1340.199951171875,0.05332754587553812
2011-05-09,1346.2900390625,0.054350055505835715
2011-05-10,1357.1600341796875,0.05617509890229011
2011-05-11,1342.0799560546875,0.053643193717113846
2011-05-12,1348.6500244140625,0.05474629079712742
2011-05-13,1337.77001953125,0.05291956678753043
2011-05-16,1329.469970703125,0.0515260105677979
2011-05-17,1328.97998046875,0.05144374250493933
2011-05-18,1340.6800537109375,0.05340815382053632
2011-05-19,1343.5999755859375,0.05389840097140258
2011-05-20,1333.27001953125,0.05216402870351977
2011-05-23,1317.3699951171875,0.049494456707625756
2011-05-24,1316.280029296875,0.04931145433262221
2011-05-25,1320.469970703125,0.05001493439977664
2011-05-26,1325.68994140625,0.050891353658361255
2011-05-27,1331.0999755859375,0.05179968407137306
2011-05-31,1345.199951171875,0.05416703263554992
2011-06-01,1314.550048828125,0.04902099519290329
2011-06-02,1312.93994140625,0.04875066242033113
2011-06-03,1300.1600341796875,0.04660494983815541
2011-06-06,1286.1700439453125,0.04425606752326494
2011-06-07,1284.93994140625,0.04404953656426497
2011-06-08,1279.56005859375,0.043146268485963174
2011-06-09,1289.0,0.04473120965113003
2011-06-10,1270.97998046875,0.041705696088802285
2011-06-13,1271.8299560546875,0.04184840473894785
2011-06-14,1287.8699951171875,0.04454148482355605
2011-06-15,1265.4200439453125,0.0407721974692159
2011-06-16,1267.6400146484375,0.041144924671793426
2011-06-17,1271.5,0.04179300599108868
2011-06-20,1278.3599853515625,0.04294477936639102
2011-06-21,1295.52001953125,0.04582590366543057
2011-06-22,1287.1400146484375,0.0444189230358395
2011-06-23,1283.5,0.04380777421511703
2011-06-24,1268.449951171875,0.04128091086936858
2011-06-27,1280.0999755859375,0.04323691911925254
2011-06-28,1296.6700439453125,0.04601898971928975
2011-06-29,1307.4100341796875,0.04782220564017256
2011-06-30,1320.6400146484375,0.050043484327918664
2011-07-01,1339.6700439453125,0.05323857585539135
2011-07-05,1337.8800048828125,0.05293803303681682
2011-07-06,1339.219970703125,0.053163009749820966
2011-07-07,1353.219970703125,0.055513572677854034
2011-07-08,1343.800048828125,0.053931992738972395
2011-07-11,1319.489990234375,0.04985039827405949
2011-07-12,1313.6400146484375,0.048868202863902116
2011-07-13,1317.719970703125,0.04955321668177015
2011-07-14,1308.8699951171875,0.04806732921560569
2011-07-15,1316.1400146484375,0.04928794624390803
2011-07-18,1305.43994140625,0.04749143228031341
2011-07-19,1326.72998046875,0.05106597346293401
2011-07-20,1325.8399658203125,0.05091654236021806
2011-07-21,1343.800048828125,0.053931992738972395
2011-07-22,1345.02001953125,0.05413682258954755
2011-07-25,1337.4300537109375,0.05286248742652863
2011-07-26,1331.93994140625,0.05194071210837603
2011-07-27,1304.8900146484375,0.047399101033881424
2011-07-28,1300.6700439453125,0.04669057912729921
2011-07-29,1292.280029296875,0.04528191788456551
2011-08-01,1286.93994140625,0.044385331268269684
2011-08-02,1254.050048828125,0.03886320539676033
2011-08-03,1260.3399658203125,0.03991926580406327
2011-08-04,1200.0699462890625,0.02980008911963572
2011-08-05,1199.3800048828125,0.029684249784489553
2011-08-08,1119.4599609375,0.0162658860341591
2011-08-09,1172.530029296875,0.025176209982282538
2011-08-10,1120.760009765625,0.016484160789875052
2011-08-11,1172.6400146484375,0.02519467623156893
2011-08-12,1178.81005859375,0.02623061027172513
2011-08-15,1204.489990234375,0.03054220279378775
2011-08-16,1192.760009765625,0.02857277013404519
2011-08-17,1193.8900146484375,0.028762494961619145
2011-08-18,1140.6500244140625,0.01982364158063593
2011-08-19,1123.530029296875,0.01694923973416676
2011-08-22,1123.8199462890625,0.016997916029455523
2011-08-23,1162.3499755859375,0.02346700592097431
2011-08-24,1177.5999755859375,0.02602744053901035
2011-08-25,1159.27001953125,0.022949889455108646
2011-08-26,1176.800048828125,0.02589313495457779
2011-08-29,1210.0799560546875,0.031480743252801924
2011-08-30,1212.9200439453125,0.03195758648909186
2011-08-31,1218.8900146484375,0.03295992876167822
2011-09-01,1204.4200439453125,0.03053045899707177
2011-09-02,1173.969970703125,0.025417972331430477
2011-09-06,1165.239990234375,0.023952231727695006
2011-09-07,1198.6199951171875,0.029556646157345157
2011-09-08,1185.9000244140625,0.02742099675874285
2011-09-09,1154.22998046875,0.022103680242526402
2011-09-12,1162.27001953125,0.023453581511115734
2011-09-13,1172.8699951171875,0.025233289343284337
2011-09-14,1188.6800537109375,0.027887756316177154
2011-09-15,1209.1099853515625,0.03131788774022737
2011-09-16,1216.010009765625,0.03247638356810012
2011-09-19,1204.0899658203125,0.030475039753930372
2011-09-20,1202.0899658203125,0.030139245049925628
2011-09-21,1166.760009765625,0.024207438981983742
2011-09-22,1129.56005859375,0.017961665685608752
2011-09-23,1136.4300537109375,0.019115119674053688
2011-09-26,1162.949951171875,0.023567740233119278
2011-09-27,1175.3800048828125,0.02565471333643282
2011-09-28,1151.06005859375,0.02157145875365954
2011-09-29,1160.4000244140625,0.023139614282682602
2011-09-30,1131.4200439453125,0.01827395230089926
2011-10-03,1099.22998046875,0.012869325882396448
2011-10-04,1123.949951171875,0.017019743505027135
2011-10-05,1144.030029296875,0.020391135450215203
2011-10-06,1164.969970703125,0.023906896163409214
2011-10-07,1155.4599609375,0.022310190706244154
2011-10-10,1194.8900146484375,0.028930392313621517
2011-10-11,1195.5400390625,0.029039529691479493
2011-10-12,1207.25,0.03100560112493686
2011-10-13,1203.6600341796875,0.0304028553699274
2011-10-14,1224.5799560546875,0.03391525485683619
2011-10-17,1200.8599853515625,0.029932734586207876
2011-10-18,1225.3800048828125,0.03404958093655097
2011-10-19,1209.8800048828125,0.03144717198051436
2011-10-20,1215.3900146484375,0.03237228802966996
2011-10-21,1238.25,0.03621041903701011
2011-10-24,1254.18994140625,0.03888669299019229
2011-10-25,1229.050048828125,0.034665771596701256
2011-10-26,1242.0,0.03684003410701897
2011-10-27,1284.5899658203125,0.04399077659012057
2011-10-28,1285.0899658203125,0.04407472526612177
2011-10-31,1253.300048828125,0.03873728238275856
2011-11-01,1218.280029296875,0.032857513836390656
2011-11-02,1237.9000244140625,0.036151659062865715
2011-11-03,1261.1500244140625,0.040055272496920646
2011-11-04,1253.22998046875,0.03872551809076033
2011-11-07,1261.1199951171875,0.04005023065749286
2011-11-08,1275.9200439453125,0.042535119665240706
2011-11-09,1229.0999755859375,0.03467415416713204
2011-11-10,1239.699951171875,0.036453861999300646
2011-11-11,1263.8499755859375,0.040508587149214154
2011-11-14,1251.780029296875,0.038482075128469795
2011-11-15,1257.81005859375,0.03949450107991179
2011-11-16,1236.9100341796875,0.03598544232400597
2011-11-17,1216.1300048828125,0.032496530430529136
2011-11-18,1215.6500244140625,0.032415942980813156
2011-11-21,1192.97998046875,0.028609702632617973
2011-11-22,1188.0400390625,0.027780299551461773
2011-11-23,1161.7900390625,0.023372994061399754
2011-11-25,1158.6700439453125,0.02284915514296365
2011-11-28,1192.550048828125,0.028537518248615
2011-11-29,1195.18994140625,0.028980749222052876
2011-11-30,1246.9599609375,0.03767279841446036
2011-12-01,1244.5799560546875,0.03727320189688346
2011-12-02,1244.280029296875,0.037222844988452075
2011-12-05,1257.0799560546875,0.039371918796912986
2011-12-06,1258.469970703125,0.03960529857563014
2011-12-07,1261.010009765625,0.040031764408206466
2011-12-08,1234.3499755859375,0.03555561526514445
2011-12-09,1255.18994140625,0.03905459034219466
2011-12-12,1236.469970703125,0.03591155683157815
2011-12-13,1225.72998046875,0.03410834091069537
2011-12-14,1211.8199462890625,0.03177288300566347
2011-12-15,1215.75,0.032432728616956924
2011-12-16,1219.6600341796875,0.03308921300196521
2011-12-19,1205.3499755859375,0.030686592057075912
2011-12-20,1241.300048828125,0.03672251415873021
2011-12-21,1243.719970703125,0.0371288126335953
2011-12-22,1254.0,0.03885480233104732
2011-12-23,1265.3299560546875,0.04075707195093248
2011-12-27,1265.4300537109375,0.040773878082358495
2011-12-28,1249.6400146484375,0.03812277233575087
2011-12-29,1263.02001953125,0.04036923972535378
2011-12-30,1257.5999755859375,0.03945922869919938
2012-01-03,1277.06005859375,0.042726525105957286
2012-01-04,1277.300048828125,0.04276681883081526
2012-01-05,1281.06005859375,0.04339811451396672
2012-01-06,1277.81005859375,0.04285244811995906
2012-01-09,1280.699951171875,0.043337653431397505
2012-01-10,1292.0799560546875,0.045248326116995696
2012-01-11,1292.47998046875,0.0453154891568531
2012-01-12,1295.5,0.04582254243914538
2012-01-13,1289.0899658203125,0.044746314674131205
2012-01-17,1293.6700439453125,0.04551529766328266
2012-01-18,1308.0400390625,0.04792798179174532
2012-01-19,1314.5,0.04901259212719028
2012-01-20,1315.3800048828125,0.049160342616763636
2012-01-23,1316.0,0.049264438155193824
2012-01-24,1314.6500244140625,0.049037780829047084
2012-01-25,1326.06005859375,0.050953495354073064
2012-01-26,1318.4300537109375,0.04967243773848373
2012-01-27,1316.3299560546875,0.049319836903053
2012-01-30,1313.010009765625,0.04876242671232933
2012-01-31,1312.4100341796875,0.048661692400184364
2012-02-01,1324.0899658203125,0.050622721994213915
2012-02-02,1325.5400390625,0.05086618545178667
2012-02-03,1344.9000244140625,0.05411667572711856
2012-02-06,1344.3299560546875,0.05402096275911916
2012-02-07,1347.050048828125,0.05447765913298008
2012-02-08,1349.9599609375,0.05496622567070375
2012-02-09,1351.949951171875,0.05530033976156587
2012-02-10,1342.6400146484375,0.05373722607197062
2012-02-13,1351.77001953125,0.0552701297155635
2012-02-14,1350.5,0.055056896799275334
2012-02-15,1343.22998046875,0.053836279770972995
2012-02-16,1358.0400390625,0.056322849391863467
2012-02-17,1361.22998046875,0.05685843210701555
2012-02-21,1362.2099609375,0.0570229682327327
2012-02-22,1357.6600341796875,0.05625904757829128
2012-02-23,1363.4599609375,0.057232839922735645
2012-02-24,1365.739990234375,0.05761565080416878
2012-02-27,1367.5899658203125,0.05792625680631669
2012-02-28,1372.1800537109375,0.05869692040861074
2012-02-29,1365.6800537109375,0.057605587620595394
2012-03-01,1374.0899658203125,0.059017589594332065
2012-03-02,1369.6300048828125,0.058268773962891846
2012-03-05,1364.3299560546875,0.05737890979916643
2012-03-06,1343.3599853515625,0.053858107246544606
2012-03-07,1352.6300048828125,0.05541451897885166
2012-03-08,1365.9100341796875,0.057644200732310774
2012-03-09,1370.8699951171875,0.05847696503975219
2012-03-12,1371.0899658203125,0.05851389753832498
2012-03-13,1395.949951171875,0.06268782324966984
2012-03-14,1394.280029296875,0.062407447788806525
2012-03-15,1402.5999755859375,0.063804344739542
2012-03-16,1404.1700439453125,0.06406795505954377
2012-03-19,1409.75,0.06500481490541535
2012-03-20,1405.52001953125,0.06429461238569051
2012-03-21,1402.8900146484375,0.06385304153011301
2012-03-22,1392.780029296875,0.06215560176080298
2012-03-23,1397.1099853515625,0.06288258991667162
2012-03-26,1416.510009765625,0.06613980264457389
2012-03-27,1412.52001953125,0.06546989384970706
2012-03-28,1405.5400390625,0.0642979736119757
2012-03-29,1403.280029296875,0.06391852395682779
2012-03-30,1408.469970703125,0.06478990137598459
2012-04-02,1419.0400390625,0.06656458786400762
2012-04-03,1413.3800048828125,0.06561428311299522
2012-04-04,1398.9599609375,0.06319319591881953
2012-04-05,1398.0799560546875,0.06304544542924617
2012-04-09,1382.199951171875,0.06037923465963735
2012-04-10,1358.5899658203125,0.056415180638295426
2012-04-11,1368.7099609375,0.05811430102074805
2012-04-12,1387.5699462890625,0.06128084262007877
2012-04-13,1370.260009765625,0.0583745501144646
2012-04-16,1369.5699462890625,0.05825869028403621
2012-04-17,1390.780029296875,0.061819807056798265
2012-04-18,1385.1400146484375,0.06087286353207105
2012-04-19,1376.9200439453125,0.05949275221747938
2012-04-20,1378.530029296875,0.059763064494769313
2012-04-23,1366.93994140625,0.05781711942845871
2012-04-24,1371.969970703125,0.05866164802789833
2012-04-25,1390.68994140625,0.061804681538514844
2012-04-26,1399.97998046875,0.06336445449710709
2012-04-27,1403.3599853515625,0.06393194836668639
2012-04-30,1397.9100341796875,0.0630169159963864
2012-05-01,1405.8199462890625,0.06434496929412187
2012-05-02,1402.31005859375,0.06375566844425323
2012-05-03,1391.5699462890625,0.0619524320280882
2012-05-04,1369.0999755859375,0.05817978344746286
2012-05-07,1369.5799560546875,0.05826037089717884
2012-05-08,1363.719970703125,0.05727649487387884
2012-05-09,1354.5799560546875,0.05574191061714337
2012-05-10,1357.989990234375,0.05631444632615046
2012-05-11,1353.3900146484375,0.05554212260599603
2012-05-14,1338.3499755859375,0.05301693987339018
2012-05-15,1330.6600341796875,0.05172581907422749
2012-05-16,1324.800048828125,0.050741943050927496
2012-05-17,1304.8599853515625,0.047394059194453636
2012-05-18,1295.219970703125,0.04577552626171699
2012-05-21,1315.989990234375,0.04926275754205123
2012-05-22,1316.6300048828125,0.04937021430676661
2012-05-23,1318.8599853515625,0.049744622122486704
2012-05-24,1320.6800537109375,0.05005020678048905
2012-05-25,1317.8199462890625,0.04957000231791395
2012-05-29,1332.4200439453125,0.05202132005337423
2012-05-30,1313.3199462890625,0.048814464233903315
2012-05-31,1310.3299560546875,0.048312452791038824
2012-06-01,1278.0400390625,0.04289106123167444
2012-06-04,1278.1800537109375,0.042914569320388646
2012-06-05,1285.5,0.044143568919121745
2012-06-06,1315.1300048828125,0.049118368278763064
2012-06-07,1314.989990234375,0.049094860190048856
2012-06-08,1325.6600341796875,0.05088633231421566
2012-06-11,1308.9300537109375,0.0480774128944613
2012-06-12,1324.1800537109375,0.050637847512497336
2012-06-13,1314.8800048828125,0.049076393940762464
2012-06-14,1329.0999755859375,0.05146388936736834
2012-06-15,1342.8399658203125,0.053770797344258214
2012-06-18,1344.780029296875,0.05409652886468955
2012-06-19,1357.97998046875,0.05631276571300786
2012-06-20,1355.68994140625,0.055928274218432134
2012-06-21,1325.510009765625,0.05086114361235888
2012-06-22,1335.02001953125,0.052457849069523915
2012-06-25,1313.719970703125,0.04888162727376069
2012-06-26,1319.989990234375,0.04993434695006066
2012-06-27,1331.8499755859375,0.05192560708537483
2012-06-28,1329.0400390625,0.05145382618379496
2012-06-29,1362.1600341796875,0.057014585662301914
2012-07-02,1365.510009765625,0.0575770376924534
2012-07-03,1374.02001953125,0.059005845797616086
2012-07-05,1367.5799560546875,0.05792457619317409
2012-07-06,1354.6800537109375,0.05575871674856939
2012-07-09,1352.4599609375,0.055385969050709666
2012-07-10,1341.469970703125,0.05354077879182628
2012-07-11,1341.449951171875,0.05353741756554106
2012-07-12,1334.760009765625,0.05241419411838072
2012-07-13,1356.780029296875,0.056111297088717926
2012-07-16,1353.6400146484375,0.05558409694399663
2012-07-17,1363.6700439453125,0.057268112303448054
2012-07-18,1372.780029296875,0.05879765472075571
2012-07-19,1376.510009765625,0.05942390856447938
2012-07-20,1362.6600341796875,0.057098534338303086
2012-07-23,1350.52001953125,0.055060258025560554
2012-07-24,1338.31005859375,0.053010237916102015
2012-07-25,1337.8900146484375,0.05293971364995942
2012-07-26,1360.02001953125,0.05665528286958299
2012-07-27,1385.969970703125,0.06101221095593143
2012-07-30,1385.300048828125,0.060899732847070454
2012-07-31,1379.3199462890625,0.05989568946605925
2012-08-01,1375.3199462890625,0.05922410005804982
2012-08-02,1365.0,0.0574914084033096
2012-08-03,1390.989990234375,0.06185505894222845
2012-08-06,1394.22998046875,0.062399044723093516
2012-08-07,1401.3499755859375,0.06359447304953905
2012-08-08,1402.219970703125,0.06374054292596981
2012-08-09,1402.800048828125,0.06383793650711181
2012-08-10,1405.8699951171875,0.06435337235983488
2012-08-13,1404.1099853515625,0.06405787138068816
2012-08-14,1403.9300537109375,0.06402766133468576
2012-08-15,1405.530029296875,0.0642962929988331
2012-08-16,1415.510009765625,0.06597190529257155
2012-08-17,1418.1600341796875,0.06641683737443424
2012-08-20,1418.1300048828125,0.06641179553500642
2012-08-21,1413.1700439453125,0.06557903122756503
2012-08-22,1413.489990234375,0.06563274936228161
2012-08-23,1402.0799560546875,0.06371703483725563
2012-08-24,1411.1300048828125,0.0652365140709899
2012-08-27,1410.43994140625,0.06512065424056152
2012-08-28,1409.300048828125,0.06492926929512718
2012-08-29,1410.489990234375,0.06512905730627452
2012-08-30,1399.47998046875,0.06328050582110592
2012-08-31,1406.5799560546875,0.06447257292126626
2012-09-04,1404.93994140625,0.06419721880454851
2012-09-05,1403.43994140625,0.06394537277654497
2012-09-06,1432.1199951171875,0.06876067784989692
2012-09-07,1437.9200439453125,0.06973449068962351
2012-09-10,1429.0799560546875,0.06825026334131942
2012-09-11,1433.56005859375,0.06900246069432708
2012-09-12,1436.56005859375,0.06950615275033417
2012-09-13,1459.989990234375,0.07343997623039147
2012-09-14,1465.77001953125,0.07441042784383287
2012-09-17,1461.18994140625,0.07364144485468144
2012-09-18,1459.3199462890625,0.0733274776262483
2012-09-19,1461.050048828125,0.07361795726124945
2012-09-20,1460.260009765625,0.07348531179467727
2012-09-21,1460.1500244140625,0.07346684554539087
2012-09-24,1456.8900146484375,0.07291949853824059
2012-09-25,1441.5899658203125,0.07035066085449157
2012-09-26,1433.3199462890625,0.06896214647418686
2012-09-27,1447.1500244140625,0.07128417996936018
2012-09-28,1440.6700439453125,0.07019620840763002
2012-10-01,1444.489990234375,0.07083756727435486
2012-10-02,1445.75,0.0710491195775004
2012-10-03,1450.989990234375,0.07192890006237021
2012-10-04,1461.4000244140625,0.07367671723539385
2012-10-05,1460.9300537109375,0.07359781039882046
2012-10-08,1455.8800048828125,0.07274992057309565
2012-10-09,1441.47998046875,0.07033219460520518
2012-10-10,1432.56005859375,0.06883456334232471
2012-10-11,1432.8399658203125,0.06888155902447088
2012-10-12,1428.5899658203125,0.06816799527846085
2012-10-15,1440.1300048828125,0.07010553727905841
2012-10-16,1454.9200439453125,0.07258874567366369
2012-10-17,1460.9100341796875,0.07359444917253527
2012-10-18,1457.3399658203125,0.07299504414852878
2012-10-19,1433.18994140625,0.06894031899861527
2012-10-22,1433.8199462890625,0.06904609515018803
2012-10-23,1413.1099853515625,0.06556894754870943
2012-10-24,1408.75,0.06483691755341298
2012-10-25,1412.969970703125,0.06554543945999522
2012-10-26,1411.93994140625,0.06537250026856506
2012-10-31,1412.1600341796875,0.06540945326242006
2012-11-01,1427.5899658203125,0.06800009792645847
2012-11-02,1414.199951171875,0.06575194992371297
2012-11-05,1417.260009765625,0.06626572565857566
2012-11-06,1428.3900146484375,0.06813442400617326
2012-11-07,1394.530029296875,0.062449422126807125
2012-11-08,1377.510009765625,0.05959180591648175
2012-11-09,1379.8499755859375,0.05998467998148824
2012-11-12,1380.030029296875,0.06001491052277286
2012-11-13,1374.530029296875,0.059091475086759854
2012-11-14,1355.489990234375,0.05589470294614454
2012-11-15,1353.3299560546875,0.055532038927140426
2012-11-16,1359.8800048828125,0.05663177478086878
2012-11-19,1386.8900146484375,0.0611666838980752
2012-11-20,1387.81005859375,0.061321156840218966
2012-11-21,1391.030029296875,0.06186178139479884
2012-11-23,1409.1500244140625,0.06490408059327038
2012-11-26,1406.2900390625,0.06442389662597747
2012-11-27,1398.93994140625,0.06318983469253434
2012-11-28,1409.9300537109375,0.06503504544669994
2012-11-29,1415.949951171875,0.06604577028971712
2012-11-30,1416.1800537109375,0.06608440389671472
2012-12-03,1409.4599609375,0.06495611811484434
2012-12-04,1407.050048828125,0.06455150025312187
2012-12-05,1409.280029296875,0.06492590806884196
2012-12-06,1413.93994140625,0.06570829497256978
2012-12-07,1418.0699462890625,0.06640171185615082
2012-12-10,1418.550048828125,0.06648231980114902
2012-12-11,1427.8399658203125,0.06804207226445907
2012-12-12,1428.47998046875,0.06814952902917445
2012-12-13,1419.449951171875,0.06663341102172538
2012-12-14,1413.5799560546875,0.06564785438528278
2012-12-17,1430.3599853515625,0.06846517687075018
2012-12-18,1446.7900390625,0.07122373938207319
2012-12-19,1435.81005859375,0.0693802297363324
2012-12-20,1443.68994140625,0.07070324119464008
2012-12-21,1430.1500244140625,0.06842992498532
2012-12-24,1426.6600341796875,0.06784396486645433
2012-12-26,1419.8299560546875,0.06669721283529756
2012-12-27,1418.0999755859375,0.06640675369557864
2012-12-28,1402.4300537109375,0.06377581530668222
2012-12-31,1426.18994140625,0.06776503753459873
2013-01-02,1462.4200439453125,0.07384797581368141
2013-01-03,1459.3699951171875,0.07333588069196131
2013-01-04,1466.469970703125,0.07452794779212163
2013-01-07,1461.8900146484375,0.07375898529825242
2013-01-08,1457.1500244140625,0.07296315348938379
2013-01-09,1461.02001953125,0.07361291542182166
2013-01-10,1472.1199951171875,0.07547657192999144
2013-01-11,1472.050048828125,0.07546482813327546
2013-01-14,1470.6800537109375,0.0752348095808435
2013-01-15,1472.3399658203125,0.07551350442856422
2013-01-16,1472.6300048828125,0.0755622012191352
2013-01-17,1480.93994140625,0.07695741755672811
2013-01-18,1485.97998046875,0.07780362676931032
2013-01-22,1492.56005859375,0.0789084044624665
2013-01-23,1494.81005859375,0.07928617350447181
2013-01-24,1494.8199462890625,0.07928783362233216
2013-01-25,1502.9599609375,0.08065452052706529
2013-01-28,1500.1800537109375,0.08018778146491323
2013-01-29,1507.8399658203125,0.0814738604246481
2013-01-30,1501.9599609375,0.08048662317506294
2013-01-31,1498.1099853515625,0.07984022246891026
2013-02-01,1513.1700439453125,0.08236876642780133
2013-02-04,1495.7099609375,0.07943726472504814
2013-02-05,1511.2900390625,0.0820531185862256
2013-02-06,1512.1199951171875,0.08219246601008595
2013-02-07,1509.3900146484375,0.08173410951836468
2013-02-08,1517.9300537109375,0.08316795946295513
2013-02-11,1517.010009765625,0.08301348652081136
2013-02-12,1519.4300537109375,0.08341980549095868
2013-02-13,1520.3299560546875,0.08357089671153506
2013-02-14,1521.3800048828125,0.08374719712925038
2013-02-15,1519.7900390625,0.08348024607824567
2013-02-19,1530.93994140625,0.08535228515684623
2013-02-20,1511.949951171875,0.08216391608194396
2013-02-21,1502.4200439453125,0.0805638698937759
2013-02-22,1515.5999755859375,0.08277674551580899
2013-02-25,1487.8499755859375,0.07811759399774346
2013-02-26,1496.93994140625,0.07964377518876592
2013-02-27,1515.989990234375,0.08284222794252383
2013-02-28,1514.6800537109375,0.08262229306894747
2013-03-01,1518.199951171875,0.0832132745319587
2013-03-04,1525.199951171875,0.08438855599597528
2013-03-05,1539.7900390625,0.08683819311829294
2013-03-06,1541.4599609375,0.08711856857915623
2013-03-07,1544.260009765625,0.08758868936287578
2013-03-08,1551.1800537109375,0.08875054641703373
2013-03-11,1556.219970703125,0.0895967351343337
2013-03-12,1552.47998046875,0.08896880067746743
2013-03-13,1554.52001953125,0.08931131783404256
2013-03-14,1563.22998046875,0.09077369721149287
2013-03-15,1560.699951171875,0.09034891199205913
2013-03-18,1552.0999755859375,0.08890499886389525
2013-03-19,1548.3399658203125,0.08827370318074379
2013-03-20,1558.7099609375,0.09001479790119704
2013-03-21,1545.800048828125,0.08784725784344971
2013-03-22,1556.8900146484375,0.08970923373847689
2013-03-25,1551.68994140625,0.08883615521089527
2013-03-26,1563.77001953125,0.09086436834006445
2013-03-27,1562.8499755859375,0.09070989539792068
2013-03-28,1569.18994140625,0.0917743588709366
2013-04-01,1562.1700439453125,0.09059573667591708
2013-04-02,1570.25,0.09195233990179458
2013-04-03,1553.68994140625,0.08917194991490002
2013-04-04,1559.97998046875,0.09022803081748515
2013-04-05,1553.280029296875,0.08910312675718224
2013-04-08,1563.0699462890625,0.09074682789649346
2013-04-09,1568.6099853515625,0.09167698578507688
2013-04-10,1587.72998046875,0.09488718233555077
2013-04-11,1593.3699951171875,0.09583412586027795
2013-04-12,1588.8499755859375,0.09507522654998213
2013-04-15,1552.3599853515625,0.08894865381503847
2013-04-16,1574.5699462890625,0.09267764744452062
2013-04-17,1552.010009765625,0.08888989384089407
2013-04-18,1541.6099853515625,0.08714375728101303
2013-04-19,1555.25,0.08943387962175914
2013-04-22,1562.5,0.09065113542377629
2013-04-23,1578.780029296875,0.09338450923324249
2013-04-24,1578.7900390625,0.09338618984638508
2013-04-25,1585.1600341796875,0.09445569515882885
2013-04-26,1582.239990234375,0.09396542751268033
2013-04-29,1593.6099853515625,0.09587441958513593
2013-04-30,1597.5699462890625,0.09653928654057498
2013-05-01,1582.699951171875,0.09404265373611115
2013-05-02,1597.5899658203125,0.09654264776686017
2013-05-03,1614.4200439453125,0.09936837331804055
2013-05-06,1617.5,0.09988548978390627
2013-05-07,1625.9599609375,0.10130589482335595
2013-05-08,1632.68994140625,0.10243584072308665
2013-05-09,1626.6700439453125,0.10142511588006953
2013-05-10,1633.699951171875,0.10260541868823164
2013-05-13,1633.77001953125,0.10261718298022987
2013-05-14,1650.3399658203125,0.10539923308498483
2013-05-15,1658.780029296875,0.10681629739343151
2013-05-16,1650.469970703125,0.10542106056055639
2013-05-17,1667.469970703125,0.10827531554459657
2013-05-20,1666.2900390625,0.10807720814659183
2013-05-21,1669.1600341796875,0.10855907272702736
2013-05-22,1655.3499755859375,0.10624040045813926
2013-05-23,1650.510009765625,0.10542778301312683
2013-05-24,1649.5999755859375,0.10527499068412566
2013-05-28,1660.06005859375,0.10703121092286227
2013-05-29,1648.3599853515625,0.10506679960726528
2013-05-30,1654.4100341796875,0.1060825867849925
2013-05-31,1630.739990234375,0.10210844908479494
2013-06-03,1640.4200439453125,0.103733704470102
2013-06-04,1631.3800048828125,0.10221590584951035
2013-06-05,1608.9000244140625,0.09844157665574238
2013-06-06,1622.56005859375,0.10073506022277368
2013-06-07,1643.3800048828125,0.1042306740735387
2013-06-10,1642.81005859375,0.10413498160082152
2013-06-11,1626.1300048828125,0.10133444475149794
2013-06-12,1612.52001953125,0.09904936425017963
2013-06-13,1636.3599853515625,0.10305203138323693
2013-06-14,1626.72998046875,0.10143517906364291
2013-06-17,1639.0400390625,0.10350200530452747
2013-06-18,1651.81005859375,0.10564605776884278
2013-06-19,1628.9300537109375,0.10180456553521744
2013-06-20,1588.18994140625,0.09496440855898153
2013-06-21,1592.4300537109375,0.09567631218713119
2013-06-24,1573.0899658203125,0.09242916264280227
2013-06-25,1588.030029296875,0.09493755973926432
2013-06-26,1603.260009765625,0.0974946331310152
2013-06-27,1613.199951171875,0.09916352297218317
2013-06-28,1606.280029296875,0.09800168641330748
2013-07-01,1614.9599609375,0.09945902395132994
2013-07-02,1614.0799560546875,0.09931127346175656
2013-07-03,1615.4100341796875,0.09953459005690035
2013-07-05,1631.8900146484375,0.10230153513865414
2013-07-08,1640.4599609375,0.10374040642739019
2013-07-09,1652.3199462890625,0.10573166656270433
2013-07-10,1652.6199951171875,0.10578204396641794
2013-07-11,1675.02001953125,0.10954294875032733
2013-07-12,1680.18994140625,0.11041096494319891
2013-07-15,1682.5,0.11079881766405986
2013-07-16,1676.260009765625,0.10975113982718765
2013-07-17,1680.9100341796875,0.11053186661305509
2013-07-18,1689.3699951171875,0.11195227165250476
2013-07-19,1692.0899658203125,0.11240894753108349
2013-07-22,1695.530029296875,0.11298652507951834
2013-07-23,1692.3900146484375,0.1124593249347971
2013-07-24,1685.93994140625,0.11137637471721251
2013-07-25,1690.25,0.11210002214207815
2013-07-26,1691.6500244140625,0.11233508253393792
2013-07-29,1685.3299560546875,0.11127395979192495
2013-07-30,1685.9599609375,0.1113797359434977
2013-07-31,1685.72998046875,0.11134112283178232
2013-08-01,1706.8699951171875,0.11489047531254615
2013-08-02,1709.6700439453125,0.11536059609626564
2013-08-05,1707.1400146484375,0.11493581087683191
2013-08-06,1697.3699951171875,0.11329545046852368
2013-08-07,1690.9100341796875,0.11221084013307875
2013-08-08,1697.47998046875,0.1133139167178101
2013-08-09,1691.4200439453125,0.11229646942222249
2013-08-12,1689.469970703125,0.11196905728864859
2013-08-13,1694.1600341796875,0.11275650652708641
2013-08-14,1685.3900146484375,0.11128404347078052
2013-08-15,1661.3199462890625,0.1072427427307256
2013-08-16,1655.8299560546875,0.10632098790785521
2013-08-19,1646.06005859375,0.10468064799482918
2013-08-20,1652.3499755859375,0.10573670840213217
2013-08-21,1642.800048828125,0.10413330098767892
2013-08-22,1656.9599609375,0.10651071273542917
2013-08-23,1663.5,0.10760876797601493
2013-08-26,1656.780029296875,0.10648050268942677
2013-08-27,1630.47998046875,0.10206479413365177
2013-08-28,1634.9599609375,0.10281697099137721
2013-08-29,1638.1700439453125,0.10335593542809668
2013-08-30,1632.969970703125,0.10248285690051506
2013-09-03,1639.77001953125,0.10362456709224405
2013-09-04,1653.0799560546875,0.1058592701898487
2013-09-05,1655.0799560546875,0.10619506489385344
2013-09-06,1655.1700439453125,0.10621019041213686
2013-09-09,1671.7099609375,0.10898719867746404
2013-09-10,1683.989990234375,0.1110489830789208
2013-09-11,1689.1300048828125,0.11191197792764679
2013-09-12,1683.4200439453125,0.11095329060620363
2013-09-13,1687.989990234375,0.11172057248693024
2013-09-16,1697.5999755859375,0.11333406358023906
2013-09-17,1704.760009765625,0.11453621435925504
2013-09-18,1725.52001953125,0.11802176502644662
2013-09-19,1722.3399658203125,0.11748784242915494
2013-09-20,1709.9100341796875,0.11540088982112362
2013-09-23,1701.8399658203125,0.11404594671310653
2013-09-24,1697.4200439453125,0.11330385353423672
2013-09-25,1692.77001953125,0.11252312674836928
2013-09-26,1698.6700439453125,0.11351372522423964
2013-09-27,1691.75,0.11235186817008169
2013-09-30,1681.550048828125,0.1106393233777705
2013-10-01,1695.0,0.11289753456408935
2013-10-02,1693.8699951171875,0.1127078097365154
2013-10-03,1678.6600341796875,0.11015409757104977
2013-10-04,1690.5,0.11214199648007872
2013-10-07,1676.1199951171875,0.1097276317384735
2013-10-08,1655.449951171875,0.10625718609428303
2013-10-09,1656.4000244140625,0.10641670087585459
2013-10-10,1692.56005859375,0.1124878748629391
2013-10-11,1703.199951171875,0.11427428465239586
2013-10-14,1710.1400146484375,0.115439502932839
2013-10-15,1698.06005859375,0.11341131029895207
2013-10-16,1721.5400390625,0.11735353684472238
2013-10-17,1733.1500244140625,0.11930282264203595
2013-10-18,1744.5,0.12120845348820636
2013-10-21,1744.6600341796875,0.12123532280320576
2013-10-22,1754.6700439453125,0.12291597693637196
2013-10-23,1746.3800048828125,0.12152410132978209
2013-10-24,1752.0699462890625,0.12247942742494006
2013-10-25,1759.77001953125,0.12377224933252756
2013-10-28,1762.1099853515625,0.1241651233975341
2013-10-29,1771.949951171875,0.1258172276025583
2013-10-30,1763.31005859375,0.12436661251710623
2013-10-31,1756.5400390625,0.1232299441648051
2013-11-01,1761.6400146484375,0.1240862165609607
2013-11-04,1767.9300537109375,0.12514229746354588
2013-11-05,1762.969970703125,0.12430951266082224
2013-11-06,1770.489990234375,0.12557210402712515
2013-11-07,1747.1500244140625,0.12165338557006905
2013-11-08,1770.6099853515625,0.12559225088955417
2013-11-11,1771.8900146484375,0.12580716441898493
2013-11-12,1767.68994140625,0.12510198324340566
2013-11-13,1782.0,0.12750460418829496
2013-11-14,1790.6199951171875,0.12895187854274404
2013-11-15,1798.1800537109375,0.1302211923616174
2013-11-18,1791.530029296875,0.1291046708717452
2013-11-19,1787.8699951171875,0.12849016082473752
2013-11-20,1781.3699951171875,0.12739882803672214
2013-11-21,1795.8499755859375,0.12982997841447125
2013-11-22,1804.760009765625,0.13132594955949128
2013-11-25,1802.47998046875,0.13094313867805818
2013-11-26,1802.75,0.130988474242344
2013-11-27,1807.22998046875,0.13174065110006938
2013-11-29,1805.81005859375,0.13150224997720666
2013-12-02,1800.9000244140625,0.13067786824019606
2013-12-03,1795.1500244140625,0.12971245846618246
2013-12-04,1792.81005859375,0.12931958440117597
2013-12-05,1785.030029296875,0.12801333808372983
2013-12-06,1805.0899658203125,0.1313813483073505
2013-12-09,1808.3699951171875,0.131932056540786
2013-12-10,1802.6199951171875,0.1309666467667724
2013-12-11,1782.219970703125,0.12754153668686774
2013-12-12,1775.5,0.12641327140027958
2013-12-13,1775.3199462890625,0.126383040858995
2013-12-16,1786.5400390625,0.12826686472487597
2013-12-17,1781.0,0.1273367068362926
2013-12-18,1810.6500244140625,0.1323148674222191
2013-12-19,1809.5999755859375,0.13213856700450372
2013-12-20,1818.3199462890625,0.13360262699509662
2013-12-23,1827.989990234375,0.13522620176726102
2013-12-24,1833.3199462890625,0.13612108727513206
2013-12-26,1842.02001953125,0.1375818065347219
2013-12-27,1841.4000244140625,0.13747771099629175
2013-12-30,1841.0699462890625,0.13742229175315035
2013-12-31,1848.3599853515625,0.13864627000773788
2014-01-02,1831.97998046875,0.13589611056212791
2014-01-03,1831.3699951171875,0.1357936956368403
2014-01-06,1826.77001953125,0.1350213719166859
2014-01-07,1837.8800048828125,0.13688670903799827
2014-01-08,1837.489990234375,0.1368212266112835
2014-01-09,1838.1300048828125,0.1369286833759989
2014-01-10,1842.3699951171875,0.1376405665088663
2014-01-13,1819.199951171875,0.13375037748466995
2014-01-14,1838.8800048828125,0.13705460639000067
2014-01-15,1848.3800048828125,0.13864963123402307
2014-01-16,1845.8900146484375,0.13823156846715978
2014-01-17,1838.699951171875,0.13702437584871602
2014-01-21,1843.800048828125,0.13788066874015387
2014-01-22,1844.8599853515625,0.1380586292757296
2014-01-23,1828.4599609375,0.13530510860383443
2014-01-24,1790.2900390625,0.12889647979488483
2014-01-27,1781.56005859375,0.1274307391911494
2014-01-28,1792.5,0.12926752638431976
2014-01-29,1774.199951171875,0.12619499664456363
2014-01-30,1794.18994140625,0.1295512630714683
2014-01-31,1782.5899658203125,0.12760365788729733
2014-02-03,1741.8900146484375,0.12077024385891405
2014-02-04,1755.199951171875,0.12300494695651876
2014-02-05,1751.6400146484375,0.12240724304093709
2014-02-06,1773.4300537109375,0.12606573289955886
2014-02-07,1797.02001953125,0.1300264256946156
2014-02-10,1799.8399658203125,0.13049988720933808
2014-02-11,1819.75,0.13384272922638413
2014-02-12,1819.260009765625,0.13376046116352558
2014-02-13,1829.8299560546875,0.13553512715626637
2014-02-14,1838.6300048828125,0.13701263205200004
2014-02-18,1840.760009765625,0.1373702542315764
2014-02-19,1828.75,0.1353538053944054
2014-02-20,1839.780029296875,0.1372057181058592
2014-02-21,1836.25,0.1366130355344231
2014-02-24,1847.6099853515625,0.1385203469937361
2014-02-25,1845.1199951171875,0.13810228422687282
2014-02-26,1845.1600341796875,0.1381090066794432
2014-02-27,1854.2900390625,0.13964191032303608
2014-02-28,1859.449951171875,0.14050824590276506
2014-03-03,1845.72998046875,0.13820469915216038
2014-03-04,1873.9100341796875,0.14293605554951117
2014-03-05,1873.81005859375,0.14291926991336734
2014-03-06,1877.030029296875,0.1434598944679472
2014-03-07,1878.0400390625,0.1436294724330922
2014-03-10,1877.1700439453125,0.14348340255666142
2014-03-11,1867.6300048828125,0.14188165526006857
2014-03-12,1868.199951171875,0.14197734773278575
2014-03-13,1846.3399658203125,0.13830711407744795
2014-03-14,1841.1300048828125,0.13743237543200598
2014-03-17,1858.8299560546875,0.1404041503643349
2014-03-18,1872.25,0.14265734020650822
2014-03-19,1860.77001953125,0.1407298818847662
2014-03-20,1872.010009765625,0.1426170464816502
2014-03-21,1866.52001953125,0.1416952916587798
2014-03-24,1857.43994140625,0.14017077058561772
2014-03-25,1865.6199951171875,0.14154417994292123
2014-03-26,1852.56005859375,0.13935145118331715
2014-03-27,1849.0400390625,0.13876044922502367
2014-03-28,1857.6199951171875,0.14020100112690237
2014-03-31,1872.3399658203125,0.1426724452295094
2014-04-01,1885.52001953125,0.14488534134682474
2014-04-02,1890.9000244140625,0.1457886299204087
2014-04-03,1888.77001953125,0.1454310077408324
2014-04-04,1865.0899658203125,0.14145518942749225
2014-04-07,1845.0400390625,0.13808885981701424
2014-04-08,1851.9599609375,0.13925069637588994
2014-04-09,1872.1800537109375,0.14264559640979224
2014-04-10,1833.0799560546875,0.13608079355027403
2014-04-11,1815.68994140625,0.13316105613951906
2014-04-14,1830.6099853515625,0.13566609200969593
2014-04-15,1842.97998046875,0.13774298143415387
2014-04-16,1862.31005859375,0.1409884503653402
2014-04-17,1864.8499755859375,0.14141489570263427
2014-04-21,1871.8900146484375,0.14259689961922123
2014-04-22,1879.550048828125,0.14388299907423835
2014-04-23,1875.3900146484375,0.14318454035122952
2014-04-24,1878.6099853515625,0.1437251649058094
2014-04-25,1863.4000244140625,0.14117145274034376
2014-04-28,1869.4300537109375,0.14218387869178573
2014-04-29,1878.3299560546875,0.14367814872838097
2014-04-30,1883.949951171875,0.14462173102682296
2014-05-01,1883.6800537109375,0.1445764159578194
2014-05-02,1881.1400146484375,0.14414995012524306
2014-05-05,1884.6600341796875,0.14474095208353654
2014-05-06,1867.719970703125,0.14189676028306974
2014-05-07,1878.2099609375,0.14365800186595196
2014-05-08,1875.6300048828125,0.1432248340760875
2014-05-09,1878.47998046875,0.14370333743023778
2014-05-12,1896.6500244140625,0.1467540396944223
2014-05-13,1897.449951171875,0.14688834527885486
2014-05-14,1888.530029296875,0.14539071401597442
2014-05-15,1870.8499755859375,0.14242227981464844
2014-05-16,1877.8599853515625,0.14359924189180762
2014-05-19,1885.0799560546875,0.14481145585439692
2014-05-20,1872.8299560546875,0.142754713292368
2014-05-21,1888.030029296875,0.14530676533997322
2014-05-22,1892.489990234375,0.14605558097141347
2014-05-23,1900.530029296875,0.14740548224000277
2014-05-27,1911.9100341796875,0.14931615492560096
2014-05-28,1909.780029296875,0.1489585327460246
2014-05-29,1920.030029296875,0.15067948060404884
2014-05-30,1923.5699462890625,0.15127382329334527
2014-06-02,1924.969970703125,0.15150888368520504
2014-06-03,1924.239990234375,0.15138632189748846
2014-06-04,1927.8800048828125,0.15199747071821096
2014-06-05,1940.4599609375,0.15410961202809909
2014-06-06,1949.43994140625,0.15561732696983516
2014-06-09,1951.27001953125,0.1559245922409801
2014-06-10,1950.7900390625,0.1558440047912641
2014-06-11,1943.8900146484375,0.15468550896339134
2014-06-12,1930.1099853515625,0.15237187853393108
2014-06-13,1936.1600341796875,0.15338766571165824
2014-06-16,1937.780029296875,0.1536596586020908
2014-06-17,1941.989990234375,0.15436649989553042
2014-06-18,1956.97998046875,0.15688327956242326
2014-06-19,1959.47998046875,0.15730302294242915
2014-06-20,1962.8699951171875,0.15787219742515102
2014-06-23,1962.6099853515625,0.15782854247400785
2014-06-24,1949.97998046875,0.15570799809840674
2014-06-25,1959.530029296875,0.15731142600814219
2014-06-26,1957.219970703125,0.15692357328728124
2014-06-27,1960.9599609375,0.1575515077441475
2014-06-30,1960.22998046875,0.15742894595643092
2014-07-01,1973.3199462890625,0.15962671655546284
2014-07-02,1974.6199951171875,0.1598449913111788
2014-07-03,1985.43994140625,0.1616616316419202
2014-07-07,1977.6500244140625,0.16035372520661373
2014-07-08,1963.7099609375,0.15801322546215402
2014-07-09,1972.8299560546875,0.15954444849260424
2014-07-10,1964.6800537109375,0.15817610147001077
2014-07-11,1967.5699462890625,0.15866130678144924
2014-07-14,1977.0999755859375,0.1602613734648995
2014-07-15,1973.280029296875,0.15962001459817465
2014-07-16,1981.5699462890625,0.16101186970948234
2014-07-17,1958.1199951171875,0.1570746850031398
2014-07-18,1978.219970703125,0.16044941767933085
2014-07-21,1973.6300048828125,0.15967877457231905
2014-07-22,1983.530029296875,0.1613409624561989
2014-07-23,1987.010009765625,0.16192524196192193
2014-07-24,1987.97998046875,0.16208809747449648
2014-07-25,1978.3399658203125,0.16046956454175987
2014-07-28,1978.9100341796875,0.16056527750975924
2014-07-29,1969.949951171875,0.15906090329902617
2014-07-30,1970.0699462890625,0.15908105016145518
2014-07-31,1930.6700439453125,0.15246591088878786
2014-08-01,1925.1500244140625,0.15153911422648964
2014-08-04,1938.989990234375,0.15386280783952333
2014-08-05,1920.2099609375,0.15070969065005124
2014-08-06,1920.239990234375,0.15071473248947903
2014-08-07,1909.5699462890625,0.14892326036531223
2014-08-08,1931.5899658203125,0.15262036333564938
2014-08-11,1936.9200439453125,0.1535152693388026
2014-08-12,1933.75,0.15298302735465352
2014-08-13,1946.719970703125,0.15516065109125643
2014-08-14,1955.1800537109375,0.15658107662598836
2014-08-15,1955.06005859375,0.15656092976355934
2014-08-18,1971.739990234375,0.15936144611760072
2014-08-19,1981.5999755859375,0.16101691154891012
2014-08-20,1986.510009765625,0.16184129328592078
2014-08-21,1992.3699951171875,0.16282516930922075
2014-08-22,1988.4000244140625,0.1621586217406391
2014-08-25,1997.9200439453125,0.16375700781094676
2014-08-26,2000.02001953125,0.16410958815109528
2014-08-27,2000.1199951171875,0.16412637378723904
2014-08-28,1996.739990234375,0.16355887991765977
2014-08-29,2003.3699951171875,0.16467204018124676
2014-09-02,2002.280029296875,0.1644890378062432
2014-09-03,2000.719970703125,0.164227108099384
2014-09-04,1997.6500244140625,0.16371167224666094
2014-09-05,2007.7099609375,0.165400708950258
2014-09-08,2001.5400390625,0.164364795405384
2014-09-09,1988.43994140625,0.1621653236979273
2014-09-10,1995.68994140625,0.1633825794999444
2014-09-11,1997.449951171875,0.16367808047909116
2014-09-12,1985.5400390625,0.16167843777334623
2014-09-15,1984.1300048828125,0.16144169676834386
2014-09-16,1998.97998046875,0.1639349683465225
2014-09-17,2001.5699462890625,0.1643698167495296
2014-09-18,2011.3599853515625,0.16601353838412303
2014-09-19,2010.4000244140625,0.16585236348469107
2014-09-22,1994.2900390625,0.16314753960336686
2014-09-23,1982.77001953125,0.16121335882905452
2014-09-24,1998.300048828125,0.16382080962451895
2014-09-25,1965.989990234375,0.15839603634358712
2014-09-26,1982.8499755859375,0.1612267832389131
2014-09-29,1977.800048828125,0.16037891390847048
2014-09-30,1972.2900390625,0.1594537978593149
2014-10-01,1946.1600341796875,0.15506663923168185
2014-10-02,1946.1700439453125,0.1550683198448245
2014-10-03,1967.9000244140625,0.15871672602459064
2014-10-06,1964.8199462890625,0.15819958906344278
2014-10-07,1935.0999755859375,0.15320968468080026
2014-10-08,1968.8900146484375,0.15888294276345044
2014-10-09,1928.2099609375,0.1520528694660701
2014-10-10,1906.1300048828125,0.14834570331215957
2014-10-13,1874.739990234375,0.1430754029733715
2014-10-14,1877.699951171875,0.14357237257680822
2014-10-15,1862.489990234375,0.1410186604113426
2014-10-16,1862.760009765625,0.14106399597562835
2014-10-17,1886.760009765625,0.14509353242368506
2014-10-20,1904.010009765625,0.1479897617457258
2014-10-21,1941.280029296875,0.15424729933409903
2014-10-22,1927.1099853515625,0.151868186477924
2014-10-23,1950.8199462890625,0.15584902613540969
2014-10-24,1964.5799560546875,0.15815929533858475
2014-10-27,1961.6300048828125,0.1576640063482907
2014-10-28,1985.050048828125,0.16159616971048762
2014-10-29,1982.300048828125,0.1611344519924811
2014-10-30,1994.6500244140625,0.16320798019065386
2014-10-31,2018.050048828125,0.1671367823265656
2014-11-03,2017.81005859375,0.16709648860170762
2014-11-04,2012.0999755859375,0.1661377807849822
2014-11-05,2023.5699462890625,0.16806355849358157
2014-11-06,2031.2099609375,0.1693462967223135
2014-11-07,2031.9200439453125,0.16946551777902708
2014-11-10,2038.260009765625,0.17052998125204305
2014-11-11,2039.6800537109375,0.17076840287018802
2014-11-12,2038.25,0.17052830063890045
2014-11-13,2039.3299560546875,0.17070962240076137
2014-11-14,2039.8199462890625,0.17079189046361998
2014-11-17,2041.3199462890625,0.17104373649162352
2014-11-18,2051.800048828125,0.17280331795664539
2014-11-19,2048.719970703125,0.17228618099549747
2014-11-20,2052.75,0.1729628122429347
2014-11-21,2063.5,0.17476770877696013
2014-11-24,2069.409912109375,0.17575996737069088
2014-11-25,2067.030029296875,0.1753603913483962
2014-11-26,2072.830078125,0.1763342041881228
2014-11-28,2067.56005859375,0.1754493818638252
2014-12-01,2053.43994140625,0.1730786515780809
2014-12-02,2066.550048828125,0.1752798038986802
2014-12-03,2074.330078125,0.17658605021612633
2014-12-04,2071.919921875,0.17618139136383937
2014-12-05,2075.3701171875,0.17676067002069912
2014-12-08,2060.31005859375,0.17423212606180805
2014-12-09,2059.820068359375,0.17414985799894944
2014-12-10,2026.1400146484375,0.16849506616558568
2014-12-11,2035.3299560546875,0.17003803299275194
2014-12-12,2002.3299560546875,0.16449742037667398
2014-12-15,1989.6300048828125,0.16236513220435683
2014-12-16,1972.739990234375,0.15952934346960307
2014-12-17,2012.8900146484375,0.16627042625155442
2014-12-18,2061.22998046875,0.17438657850866962
2014-12-19,2070.64990234375,0.1759681584475512
2014-12-22,2078.5400390625,0.17729289150956595
2014-12-23,2082.169921875,0.1779023392218636
2014-12-24,2081.8798828125,0.1778536424312926
2014-12-26,2088.77001953125,0.179010478141305
2014-12-29,2090.570068359375,0.17931270157302215
2014-12-30,2080.35009765625,0.1775967955544257
2014-12-31,2058.89990234375,0.17399536456152348
2015-01-02,2058.199951171875,0.1738778446132347
2015-01-05,2020.5799560546875,0.16756154705071707
2015-01-06,2002.6099853515625,0.1645444365541024
2015-01-07,2025.9000244140625,0.1684547724407277
2015-01-08,2062.139892578125,0.17453935034238854
2015-01-09,2044.81005859375,0.1716297171057714
2015-01-12,2028.260009765625,0.16885100773201944
2015-01-13,2023.030029296875,0.16797290786029223
2015-01-14,2011.27001953125,0.16599843336112186
2015-01-15,1992.6700439453125,0.16287554671293436
2015-01-16,2019.4200439453125,0.16736680087899758
2015-01-20,2022.550048828125,0.16789232041057622
2015-01-21,2032.1199951171875,0.16949908905131467
2015-01-22,2063.14990234375,0.17470892830753348
2015-01-23,2051.820068359375,0.17280667918293058
2015-01-26,2057.090087890625,0.17369150150722817
2015-01-27,2029.550048828125,0.1690676018745928
2015-01-28,2002.1600341796875,0.16446889094381417
2015-01-29,2021.25,0.16767404565486027
2015-01-30,1994.989990234375,0.16326505955165566
2015-02-02,2020.8499755859375,0.1676068826150029
2015-02-03,2050.030029296875,0.17250613636435602
2015-02-04,2041.510009765625,0.1710756476460507
2015-02-05,2062.52001953125,0.17460317265124298
2015-02-06,2055.469970703125,0.17341948812151342
2015-02-09,2046.739990234375,0.17195374751777792
2015-02-10,2068.590087890625,0.17562232105525533
2015-02-11,2068.530029296875,0.17561223737639975
2015-02-12,2088.47998046875,0.17896178135073398
2015-02-13,2096.989990234375,0.1803905894558967
2015-02-17,2100.340087890625,0.18095306198133038
2015-02-18,2099.679931640625,0.18084222349504758
2015-02-19,2097.449951171875,0.18046781567932746
2015-02-20,2110.300048828125,0.1826253130487836
2015-02-23,2109.659912109375,0.182517835788786
2015-02-24,2115.47998046875,0.18349500985479777
2015-02-25,2113.860107421875,0.18322303745964746
2015-02-26,2110.739990234375,0.18269917804592917
2015-02-27,2104.5,0.18165150020905702
2015-03-02,2117.389892578125,0.1838156790405191
2015-03-03,2107.780029296875,0.18220220844249246
2015-03-04,2098.530029296875,0.18064915793647063
2015-03-05,2101.0400390625,0.1810705819296191
2015-03-06,2071.260009765625,0.17607059386812102
2015-03-09,2079.429931640625,0.17744230211699968
2015-03-10,2044.1600341796875,0.17152057972791346
2015-03-11,2040.239990234375,0.1708624147297626
2015-03-12,2065.949951171875,0.17517904909125304
2015-03-13,2053.39990234375,0.17307192912551045
2015-03-16,2081.18994140625,0.17773780309614645
2015-03-17,2074.280029296875,0.1765776471504133
2015-03-18,2099.5,0.18081201344904518
2015-03-19,2089.27001953125,0.17909442681730614
2015-03-20,2108.10009765625,0.18225594707249126
2015-03-23,2104.419921875,0.1816380553039162
2015-03-24,2091.5,0.17946883463302626
2015-03-25,2061.050048828125,0.17435636846266722
2015-03-26,2056.14990234375,0.17353364684351696
2015-03-27,2061.02001953125,0.17435132662323943
2015-03-30,2086.239990234375,0.17858569292187126
2015-03-31,2067.889892578125,0.17550476011640215
2015-04-01,2059.68994140625,0.17412801002809564
2015-04-02,2066.9599609375,0.17534862705639798
2015-04-06,2080.6201171875,0.17764213111871152
2015-04-07,2076.330078125,0.17692184492013108
2015-04-08,2081.89990234375,0.17785700365757784
2015-04-09,2091.179931640625,0.17941509600302746
2015-04-10,2102.06005859375,0.1812418405079067
2015-04-13,2092.429931640625,0.17962496769303044
2015-04-14,2095.840087890625,0.18019752389731974
2015-04-15,2106.6298828125,0.18200910189335107
2015-04-16,2104.989990234375,0.18173376827191556
2015-04-17,2081.179931640625,0.17773612248300386
2015-04-20,2100.39990234375,0.1809631046696215
2015-04-21,2097.2900390625,0.18044096685961025
2015-04-22,2107.9599609375,0.18223241848849486
2015-04-23,2112.929931640625,0.18306686340907885
2015-04-24,2117.68994140625,0.1838660564442327
2015-04-27,2108.919921875,0.18239359338792682
2015-04-28,2114.760009765625,0.1833741286802238
2015-04-29,2106.85009765625,0.18204607538248835
2015-04-30,2085.510009765625,0.17846313113415468
2015-05-01,2108.2900390625,0.18228783773163626
2015-05-04,2114.489990234375,0.18332879311593803
2015-05-05,2089.4599609375,0.17912631747645114
2015-05-06,2080.14990234375,0.17756318329157367
2015-05-07,2088.0,0.17888119390101803
2015-05-08,2116.10009765625,0.18359912588851018
2015-05-11,2105.330078125,0.18179086812819956
2015-05-12,2099.1201171875,0.1807482321307552
2015-05-13,2098.47998046875,0.1806407548707576
2015-05-14,2121.10009765625,0.18443861264852202
2015-05-15,2122.72998046875,0.18471226565681492
2015-05-18,2129.199951171875,0.18579855660540245
2015-05-19,2127.830078125,0.18556855854825277
2015-05-20,2125.85009765625,0.18523612507053322
2015-05-21,2130.820068359375,0.18607056999111726
2015-05-22,2126.06005859375,0.1852713769559634
2015-05-26,2104.199951171875,0.1816011228053434
2015-05-27,2123.47998046875,0.1848381886708167
2015-05-28,2120.7900390625,0.1843865546316658
2015-05-29,2107.389892578125,0.1821367055204955
2015-06-01,2111.72998046875,0.18286539478478891
2015-06-02,2109.60009765625,0.1825077931004948
2015-06-03,2114.070068359375,0.18325828934507765
2015-06-04,2095.840087890625,0.18019752389731974
2015-06-05,2092.830078125,0.17969215122817006
2015-06-08,2079.280029296875,0.17741713391042513
2015-06-09,2080.14990234375,0.17756318329157367
2015-06-10,2105.199951171875,0.18176902015734575
2015-06-11,2108.860107421875,0.18238355069963563
2015-06-12,2094.110107421875,0.17990706475760082
2015-06-15,2084.429931640625,0.17828178887701152
2015-06-16,2096.2900390625,0.1802730695076079
2015-06-17,2100.43994140625,0.18096982712219195
2015-06-18,2121.239990234375,0.18446210024195397
2015-06-19,2109.989990234375,0.1825732550319274
2015-06-22,2122.85009765625,0.18473243301452613
2015-06-23,2124.199951171875,0.18495906984539068
2015-06-24,2108.580078125,0.18233653452220727
2015-06-25,2102.31005859375,0.18128381484590728
2015-06-26,2101.489990234375,0.18114612753990733
2015-06-29,2057.639892578125,0.1737838122583779
2015-06-30,2063.110107421875,0.17470224684552754
2015-07-01,2077.419921875,0.1771048267998524
2015-07-02,2076.780029296875,0.17699739053041924
2015-07-06,2068.760009765625,0.17565085048811513
2015-07-07,2081.340087890625,0.17776301229328545
2015-07-08,2046.6800537109375,0.17194368433420454
2015-07-09,2051.31005859375,0.17272104989378678
2015-07-10,2076.6201171875,0.17697054171070203
2015-07-13,2099.60009765625,0.1808288195804712
2015-07-14,2108.949951171875,0.1823986352273546
2015-07-15,2107.39990234375,0.18213838613363809
2015-07-16,2124.2900390625,0.18497419536367404
2015-07-17,2126.639892578125,0.18536872954654093
2015-07-20,2128.280029296875,0.18564410415854093
2015-07-21,2119.2099609375,0.18412126369852144
2015-07-22,2114.14990234375,0.18327169325965403
2015-07-23,2102.14990234375,0.18125692503562568
2015-07-24,2079.64990234375,0.17747923461557247
2015-07-27,2067.639892578125,0.17546278577840152
2015-07-28,2093.25,0.17976265499903044
2015-07-29,2108.570068359375,0.18233485390906468
2015-07-30,2108.6298828125,0.1823448965973558
2015-07-31,2103.840087890625,0.18154070271333866
2015-08-03,2098.0400390625,0.18056688987361202
2015-08-04,2093.320068359375,0.1797744192910286
2015-08-05,2099.840087890625,0.18086911330532918
2015-08-06,2083.56005859375,0.17813573949586298
2015-08-07,2077.570068359375,0.1771300359969914
2015-08-10,2104.179931640625,0.18159776157905821
2015-08-11,2084.070068359375,0.17822136878500677
2015-08-12,2086.050048828125,0.17855380226272627
2015-08-13,2083.389892578125,0.17810716907243873
2015-08-14,2091.5400390625,0.1794755570855967
2015-08-17,2102.43994140625,0.18130562182619664
2015-08-18,2096.919921875,0.18037882516389847
2015-08-19,2079.610107421875,0.17747255315356653
2015-08-20,2035.72998046875,0.17010519603260932
2015-08-21,1970.8900146484375,0.15921873746745513
2015-08-24,1893.2099609375,0.1461764621459874
2015-08-25,1867.6099853515625,0.14187829403378338
2015-08-26,1940.510009765625,0.15411801509381207
2015-08-27,1987.6600341796875,0.16203437933977993
2015-08-28,1988.8699951171875,0.16223752857721246
2015-08-31,1972.1800537109375,0.15943533161002849
2015-09-01,1913.8499755859375,0.14964186595075007
2015-09-02,1948.8599853515625,0.15551995388397538
2015-09-03,1951.1300048828125,0.1559010841522659
2015-09-04,1921.219970703125,0.15087926861519618
2015-09-08,1969.4100341796875,0.15897025266573683
2015-09-09,1942.0400390625,0.1543749029612434
2015-09-10,1952.2900390625,0.15609585081926763
2015-09-11,1961.050048828125,0.15756663326243092
2015-09-14,1953.030029296875,0.1562200932201268
2015-09-15,1978.0899658203125,0.1604275902037593
2015-09-16,1995.31005859375,0.16331879818165446
2015-09-17,1990.199951171875,0.162460824677074
2015-09-18,1958.030029296875,0.15705957998013864
2015-09-21,1966.969970703125,0.15856057246930427
2015-09-22,1942.739990234375,0.1544924229095322
2015-09-23,1938.760009765625,0.15382419472780795
2015-09-24,1932.239990234375,0.15272950071350738
2015-09-25,1931.3399658203125,0.1525783889976488
2015-09-28,1881.77001953125,0.14425572627681588
2015-09-29,1884.0899658203125,0.14464523911553717
2015-09-30,1920.030029296875,0.15067948060404884
2015-10-01,1923.8199462890625,0.1513157976313459
2015-10-02,1951.3599853515625,0.15593969726398127
2015-10-05,1987.050048828125,0.16193196441449237
2015-10-06,1979.9200439453125,0.16073485547490424
2015-10-07,1995.8299560546875,0.1634060875886586
2015-10-08,2013.4300537109375,0.166361097380126
2015-10-09,2014.8900146484375,0.1666062209555591
2015-10-12,2017.4599609375,0.16703770813228103
2015-10-13,2003.68994140625,0.1647257583159633
2015-10-14,1994.239990234375,0.16313913653765388
2015-10-15,2023.8599853515625,0.16811225528415258
2015-10-16,2033.1099853515625,0.16966530579017441
2015-10-19,2033.6600341796875,0.16975765753188865
2015-10-20,2030.77001953125,0.16927243172516793
2015-10-21,2018.93994140625,0.16728619293399938
2015-10-22,2052.510009765625,0.17292251851807672
2015-10-23,2075.14990234375,0.17672369653156184
2015-10-26,2071.179931640625,0.1760571489629802
2015-10-27,2065.889892578125,0.1751689654123974
2015-10-28,2090.35009765625,0.17927576907444936
2015-10-29,2089.409912109375,0.17911791441073815
2015-10-30,2079.360107421875,0.17743057881556595
2015-11-02,2104.050048828125,0.1815759545987688
2015-11-03,2109.7900390625,0.1825396837596398
2015-11-04,2102.31005859375,0.18128381484590728
2015-11-05,2099.929931640625,0.18088419783304815
2015-11-06,2099.199951171875,0.18076163604533158
2015-11-09,2078.580078125,0.1772996139621364
2015-11-10,2081.719970703125,0.17782679361157544
2015-11-11,2075.0,0.17669852832498728
2015-11-12,2045.969970703125,0.17182446327749096
2015-11-13,2023.0400390625,0.16797458847343483
2015-11-16,2053.18994140625,0.17303667724008026
2015-11-17,2050.43994140625,0.1725749595220738
2015-11-18,2083.580078125,0.17813910072214817
2015-11-19,2081.239990234375,0.17774620616185943
2015-11-20,2089.169921875,0.17907762068588012
2015-11-23,2086.590087890625,0.17864447339129785
2015-11-24,2089.139892578125,0.17907257884645233
2015-11-25,2088.8701171875,0.179027284272731
2015-11-27,2090.110107421875,0.17923547534959133
2015-11-30,2080.409912109375,0.1776068382427169
2015-12-01,2102.6298828125,0.18133751248534163
2015-12-02,2079.510009765625,0.1774557470221405
2015-12-03,2049.6201171875,0.17243731320663824
2015-12-04,2091.68994140625,0.17950072529217126
2015-12-07,2077.070068359375,0.17704608732099025
2015-12-08,2063.590087890625,0.17478283429524355
2015-12-09,2047.6199951171875,0.1721014980073513
2015-12-10,2052.22998046875,0.1728755023406483
2015-12-11,2012.3699951171875,0.16618311634926802
2015-12-14,2021.93994140625,0.16778988499000647
2015-12-15,2043.4100341796875,0.17139465671391169
2015-12-16,2073.070068359375,0.17637449791298077
2015-12-17,2041.8900146484375,0.1711394494596229
2015-12-18,2005.550048828125,0.1650380654265361
2015-12-21,2021.1500244140625,0.1676572600187165
2015-12-22,2038.969970703125,0.17064918181347444
2015-12-23,2064.2900390625,0.17490035424353229
2015-12-24,2060.989990234375,0.1743462847838116
2015-12-28,2056.5,0.17359242731294355
2015-12-29,2078.360107421875,0.1772626814635636
2015-12-30,2063.360107421875,0.17474422118352817
2015-12-31,2043.93994140625,0.17148362673405843
2016-01-04,2012.6600341796875,0.16623181313983898
2016-01-05,2016.7099609375,0.16691178511827925
2016-01-06,1990.260009765625,0.16247090835592964
2016-01-07,1943.0899658203125,0.15455118288367659
2016-01-08,1922.030029296875,0.1510152753080536
2016-01-11,1923.6700439453125,0.15129062942477128
2016-01-12,1938.6800537109375,0.15381077031794937
2016-01-13,1890.280029296875,0.14568453438197854
2016-01-14,1921.8399658203125,0.15098336415362634
2016-01-15,1880.3299560546875,0.14401394343238572
2016-01-19,1881.3299560546875,0.14418184078438806
2016-01-20,1859.3299560546875,0.1404880990403361
2016-01-21,1868.989990234375,0.1421099931993579
2016-01-22,1906.9000244140625,0.14847498755244654
2016-01-25,1877.0799560546875,0.143468277038378
2016-01-26,1903.6300048828125,0.14792595993215363
2016-01-27,1882.949951171875,0.14445383367482062
2016-01-28,1893.3599853515625,0.1462016508478442
2016-01-29,1940.239990234375,0.1540726795295263
2016-02-01,1939.3800048828125,0.1539282902662381
2016-02-02,1903.030029296875,0.14782522562000866
2016-02-03,1912.530029296875,0.14942025046403112
2016-02-04,1915.449951171875,0.1499104976148974
2016-02-05,1880.050048828125,0.14396694775023955
2016-02-08,1853.43994140625,0.1394991811776083
2016-02-09,1852.2099609375,0.13929267071389057
2016-02-10,1851.8599853515625,0.13923391073974617
2016-02-11,1829.0799560546875,0.1354092041422646
2016-02-12,1864.780029296875,0.1414031519059183
2016-02-16,1895.5799560546875,0.14657437805042173
2016-02-17,1926.8199462890625,0.15181948968735298
2016-02-18,1917.8299560546875,0.15031009413247431
2016-02-19,1917.780029296875,0.15030171156204353
2016-02-22,1945.5,0.1549558212406813
2016-02-23,1921.27001953125,0.15088767168090922
2016-02-24,1929.800048828125,0.15231984101235707
2016-02-25,1951.699951171875,0.15599677662498307
2016-02-26,1948.050048828125,0.15538396768640023
2016-02-29,1932.22998046875,0.1527278201003648
2016-03-01,1978.3499755859375,0.16047124515490246
2016-03-02,1986.449951171875,0.16183120960706515
2016-03-03,1993.4000244140625,0.16299810850065094
2016-03-04,1999.989990234375,0.1641045463116675
2016-03-07,2001.760009765625,0.1644017279039568
2016-03-08,1979.260009765625,0.16062403748390364
2016-03-09,1989.260009765625,0.16230301100392724
2016-03-10,1989.5699462890625,0.16235504852550126
2016-03-11,2022.18994140625,0.16783185932800704
2016-03-14,2019.6400146484375,0.16740373337757036
2016-03-15,2015.9300537109375,0.1667808407601319
2016-03-16,2027.219970703125,0.16867638792744666
2016-03-17,2040.5899658203125,0.17092117470390694
2016-03-18,2049.580078125,0.17243059075406786
2016-03-21,2051.60009765625,0.1727697466843578
2016-03-22,2049.800048828125,0.17246752325264064
2016-03-23,2036.7099609375,0.17026973215832653
2016-03-24,2035.93994140625,0.1701404479180395
2016-03-28,2037.050048828125,0.17032683201461052
2016-03-29,2055.010009765625,0.1733422618980826
2016-03-30,2063.949951171875,0.1748432543872483
2016-03-31,2059.739990234375,0.17413641309380867
2016-04-01,2072.780029296875,0.17632580112240975
2016-04-04,2066.1298828125,0.17520925913725538
2016-04-05,2045.1700439453125,0.1716901576930584
2016-04-06,2066.659912109375,0.17529824965268437
2016-04-07,2041.9100341796875,0.17114281068590814
2016-04-08,2047.5999755859375,0.1720981367810661
2016-04-11,2041.989990234375,0.17115623509576672
2016-04-12,2061.719970703125,0.17446884657152817
2016-04-13,2082.419921875,0.17794431355986418
2016-04-14,2082.780029296875,0.17800477464243342
2016-04-15,2080.72998046875,0.1776605768727157
2016-04-18,2094.340087890625,0.1799456778693162
2016-04-19,2100.800048828125,0.18103028820476114
2016-04-20,2102.39990234375,0.18129889937362625
2016-04-21,2091.47998046875,0.17946547340674107
2016-04-22,2091.580078125,0.1794822795381671
2016-04-25,2087.7900390625,0.17884594201558784
2016-04-26,2091.699951171875,0.17950240590531386
2016-04-27,2095.14990234375,0.1800816435716091
2016-04-28,2075.81005859375,0.17683453501784469
2016-04-29,2065.300048828125,0.17506993220867728
2016-05-02,2081.429931640625,0.17777809682100443
2016-05-03,2063.3701171875,0.17474590179667077
2016-05-04,2051.1201171875,0.1726891592346418
2016-05-05,2050.6298828125,0.17260685018121874
2016-05-06,2057.139892578125,0.1736998635823767
2016-05-09,2058.68994140625,0.1739601126760933
2016-05-10,2084.389892578125,0.17827506642444113
2016-05-11,2064.4599609375,0.1749288836763921
2016-05-12,2064.110107421875,0.17487014419752994
2016-05-13,2046.6099853515625,0.17193192004220637
2016-05-16,2066.659912109375,0.17529824965268437
2016-05-17,2047.2099609375,0.17203265435435133
2016-05-18,2047.6300048828125,0.1721031786204939
2016-05-19,2040.0400390625,0.170828843457475
2016-05-20,2052.320068359375,0.17289062785893172
2016-05-23,2048.0400390625,0.17217202227349387
2016-05-24,2076.06005859375,0.17687650935584526
2016-05-25,2090.5400390625,0.1793076597335943
2016-05-26,2090.10009765625,0.17923379473644874
2016-05-27,2099.06005859375,0.18073814845189962
2016-05-31,2096.949951171875,0.18038386700332626
2016-06-01,2099.330078125,0.18078348401618538
2016-06-02,2105.260009765625,0.18177910383620138
2016-06-03,2099.1298828125,0.18074987175333335
2016-06-06,2109.409912109375,0.18247586145078537
2016-06-07,2112.1298828125,0.1829325373293641
2016-06-08,2119.1201171875,0.18410617917080246
2016-06-09,2115.47998046875,0.18349500985479777
2016-06-10,2096.070068359375,0.18023613700903512
2016-06-13,2079.06005859375,0.17738020141185235
2016-06-14,2075.320068359375,0.17675226695498608
2016-06-15,2071.5,0.176110887592979
2016-06-16,2077.989990234375,0.17720053976785177
2016-06-17,2071.219970703125,0.17606387141555063
2016-06-20,2083.25,0.17808368147900677
2016-06-21,2088.89990234375,0.17903228512159436
2016-06-22,2085.449951171875,0.1784530474552991
2016-06-23,2113.320068359375,0.18313236633107588
2016-06-24,2037.4100341796875,0.1703872726018975
2016-06-27,2000.5400390625,0.16419689805338167
2016-06-28,2036.0899658203125,0.1701656366198963
2016-06-29,2070.77001953125,0.17598832580526247
2016-06-30,2098.860107421875,0.18070457717961202
2016-07-01,2102.949951171875,0.18139125111534043
2016-07-05,2088.550048828125,0.1789735456427322
2016-07-06,2099.72998046875,0.18085062656076056
2016-07-07,2097.89990234375,0.18054336128961562
2016-07-08,2129.89990234375,0.18591607655369125
2016-07-11,2137.159912109375,0.187135012968851
2016-07-12,2152.139892578125,0.18965011202260118
2016-07-13,2152.429931640625,0.1896988088131722
2016-07-14,2163.75,0.191599418315197
2016-07-15,2161.739990234375,0.19126194299804966
2016-07-18,2166.889892578125,0.19212659796463605
2016-07-19,2163.780029296875,0.1916044601546248
2016-07-20,2173.02001953125,0.19315583004750408
2016-07-21,2165.169921875,0.19183781943805972
2016-07-22,2175.030029296875,0.19349330536465137
2016-07-25,2168.47998046875,0.192393569510923
2016-07-26,2169.179931640625,0.1925110894592118
2016-07-27,2166.580078125,0.19207458093834429
2016-07-28,2170.06005859375,0.19265886044406738
2016-07-29,2173.60009765625,0.19325322362864605
2016-08-01,2170.840087890625,0.19278982529749694
2016-08-02,2157.030029296875,0.19047115302860884
2016-08-03,2163.7900390625,0.19160614076776739
2016-08-04,2164.25,0.1916833669911982
2016-08-05,2182.8701171875,0.19480963536095314
2016-08-08,2180.889892578125,0.19447716089266914
2016-08-09,2181.739990234375,0.19461989003809693
2016-08-10,2175.489990234375,0.19357053158808218
2016-08-11,2185.7900390625,0.1952998825118194
2016-08-12,2184.050048828125,0.19500774275895788
2016-08-15,2190.14990234375,0.19603189201183358
2016-08-16,2178.14990234375,0.19401712378780522
2016-08-17,2182.219970703125,0.19470047748781288
2016-08-18,2187.02001953125,0.19550639297553712
2016-08-19,2183.8701171875,0.19497753271295548
2016-08-22,2182.639892578125,0.19477098125867326
2016-08-23,2186.89990234375,0.19548622561782592
2016-08-24,2175.43994140625,0.19356212852236915
2016-08-25,2172.469970703125,0.19306347830578985
2016-08-26,2169.0400390625,0.1924876018657798
2016-08-29,2180.3798828125,0.19439153160352535
2016-08-30,2176.1201171875,0.1936763282349372
2016-08-31,2170.949951171875,0.1928082710515011
2016-09-01,2170.860107421875,0.19279318652378213
2016-09-02,2179.97998046875,0.19432438905895022
2016-09-06,2186.47998046875,0.19541572184696554
2016-09-07,2186.159912109375,0.19536198321696674
2016-09-08,2181.300048828125,0.19454602504095136
2016-09-09,2127.81005859375,0.18556519732196752
2016-09-12,2159.0400390625,0.19080862834575618
2016-09-13,2127.02001953125,0.18543255185539537
2016-09-14,2125.77001953125,0.1852226801653924
2016-09-15,2147.260009765625,0.1888307926203006
2016-09-16,2139.159912109375,0.18747080767285568
2016-09-19,2139.1201171875,0.18746412621084974
2016-09-20,2139.760009765625,0.1875715624802829
2016-09-21,2163.1201171875,0.19149366265890644
2016-09-22,2177.179931640625,0.19385426827523067
2016-09-23,2164.68994140625,0.19175723198834377
2016-09-26,2146.10009765625,0.18863604644858106
2016-09-27,2159.929931640625,0.1909580389531899
2016-09-28,2171.3701171875,0.19287881581292593
2016-09-29,2151.1298828125,0.18948053405745624
2016-09-30,2168.27001953125,0.19235831762549283
2016-10-03,2161.199951171875,0.19117127186947808
2016-10-04,2150.489990234375,0.18937309778802308
2016-10-05,2159.72998046875,0.19092446768090232
2016-10-06,2160.77001953125,0.1910990874854751
2016-10-07,2153.739990234375,0.18991876418203074
2016-10-10,2163.659912109375,0.19158429279691358
2016-10-11,2136.72998046875,0.18706282858484802
2016-10-12,2139.179931640625,0.18747416889914087
2016-10-13,2132.550048828125,0.1863610291308362
2016-10-14,2132.97998046875,0.18643321351483916
2016-10-17,2126.5,0.18534524195310897
2016-10-18,2139.60009765625,0.18754471366056574
2016-10-19,2144.2900390625,0.18833214240372131
2016-10-20,2141.340087890625,0.18783685341342726
2016-10-21,2141.159912109375,0.18780660237686042
2016-10-24,2151.330078125,0.18951414632030827
2016-10-25,2143.159912109375,0.18814239708086516
2016-10-26,2139.429931640625,0.1875161432371415
2016-10-27,2133.0400390625,0.18644329719369473
2016-10-28,2126.409912109375,0.18533011643482555
2016-10-31,2126.14990234375,0.18528646148368239
2016-11-01,2111.719970703125,0.18286371417164632
2016-11-02,2097.93994140625,0.180550083742186
2016-11-03,2088.659912109375,0.17899199139673638
2016-11-04,2085.179931640625,0.1784077118910133
2016-11-07,2131.52001953125,0.186188089939406
2016-11-08,2139.56005859375,0.1875379912079953
2016-11-09,2163.260009765625,0.1915171502523384
2016-11-10,2167.47998046875,0.19222567215892067
2016-11-11,2164.449951171875,0.19171693826348574
2016-11-14,2164.199951171875,0.19167496392548516
2016-11-15,2180.389892578125,0.19439321221666794
2016-11-16,2176.93994140625,0.1938139745503727
2016-11-17,2187.1201171875,0.19552319910696314
2016-11-18,2181.89990234375,0.19464673885781408
2016-11-21,2198.179931640625,0.19738011266728028
2016-11-22,2202.93994140625,0.19817930570243414
2016-11-23,2204.719970703125,0.1984781679078661
2016-11-25,2213.35009765625,0.19992714337073997
2016-11-28,2201.719970703125,0.197974475851859
2016-11-29,2204.659912109375,0.19846808422901047
2016-11-30,2198.81005859375,0.1974859093141353
2016-12-01,2191.080078125,0.1961880660624022
2016-12-02,2191.949951171875,0.19633411544355073
2016-12-05,2204.7099609375,0.19847648729472345
2016-12-06,2212.22998046875,0.19973907866102641
2016-12-07,2241.35009765625,0.20462826922680616
2016-12-08,2246.18994140625,0.20544086617653634
2016-12-09,2259.530029296875,0.20768063160885103
2016-12-12,2256.9599609375,0.2072491239368469
2016-12-13,2271.719970703125,0.20972729049202438
2016-12-14,2253.280029296875,0.20663127315883628
2016-12-15,2262.030029296875,0.20810037498885697
2016-12-16,2258.070068359375,0.20743550803341793
2016-12-19,2262.530029296875,0.20818432366485812
2016-12-20,2270.760009765625,0.20956611559259242
2016-12-21,2265.179931640625,0.20862923525143862
2016-12-22,2260.9599609375,0.2079207133448564
2016-12-23,2263.7900390625,0.20839587596800369
2016-12-27,2268.8798828125,0.2092504472557345
2016-12-28,2249.919921875,0.20606712002026
2016-12-29,2249.260009765625,0.20595632252454166
2016-12-30,2238.830078125,0.20420516462051502
2017-01-03,2257.830078125,0.20739521430855995
2017-01-04,2270.75,0.20956443497944982
2017-01-05,2269.0,0.2092706146134457
2017-01-06,2276.97998046875,0.21061043220317938
2017-01-09,2268.89990234375,0.2092538084820197
2017-01-10,2268.89990234375,0.2092538084820197
2017-01-11,2275.320068359375,0.21033173735545868
2017-01-12,2270.43994140625,0.20951237696259362
2017-01-13,2274.639892578125,0.21021753764289064
2017-01-17,2267.889892578125,0.2090842305168747
2017-01-18,2271.889892578125,0.20975581992488418
2017-01-19,2263.68994140625,0.20837906983657767
2017-01-20,2271.31005859375,0.20965846733430665
2017-01-23,2265.199951171875,0.2086325964777238
2017-01-24,2280.070068359375,0.21112924977746989
2017-01-25,2298.3701171875,0.21420177951722602
2017-01-26,2296.679931640625,0.21391800183951304
2017-01-27,2294.68994140625,0.21358388774865095
2017-01-30,2280.89990234375,0.21126857670604804
2017-01-31,2278.8701171875,0.21092778115317995
2017-02-01,2279.550048828125,0.2110419398751835
2017-02-02,2280.85009765625,0.2112602146308995
2017-02-03,2297.419921875,0.21404224424037221
2017-02-06,2292.56005859375,0.21322628606435684
2017-02-07,2293.080078125,0.21331359596664323
2017-02-08,2294.669921875,0.21358052652236575
2017-02-09,2307.8701171875,0.21579680436124848
2017-02-10,2316.10009765625,0.21717859628898278
2017-02-13,2328.25,0.2192185327195857
2017-02-14,2337.580078125,0.22078502813074835
2017-02-15,2349.25,0.2227443771116353
2017-02-16,2347.219970703125,0.22240354056820277
2017-02-17,2351.159912109375,0.22306504629735663
2017-02-21,2365.3798828125,0.2254525417239625
2017-02-22,2362.820068359375,0.22502275565566543
2017-02-23,2363.81005859375,0.22518897239452518
2017-02-24,2367.340087890625,0.22578165496596125
2017-02-27,2369.75,0.22618627282768378
2017-02-28,2363.639892578125,0.225160401971101
2017-03-01,2395.9599609375,0.2305868558651754
2017-03-02,2381.919921875,0.22822957048457188
2017-03-03,2383.1201171875,0.2284310800994263
2017-03-06,2375.31005859375,0.22711979194255238
2017-03-07,2368.389892578125,0.2259579143931122
2017-03-08,2362.97998046875,0.22504960447538264
2017-03-09,2364.8701171875,0.22536695342538315
2017-03-10,2372.60009765625,0.22666479667711625
2017-03-13,2373.469970703125,0.2268108460582648
2017-03-14,2365.449951171875,0.22546430601596074
2017-03-15,2385.260009765625,0.228790362396863
2017-03-16,2381.3798828125,0.2281388993560003
2017-03-17,2378.25,0.22761340031970384
2017-03-20,2373.469970703125,0.2268108460582648
2017-03-21,2344.02001953125,0.22186627723990815
2017-03-22,2348.449951171875,0.22261005103192055
2017-03-23,2345.9599609375,0.22219198826505726
2017-03-24,2343.97998046875,0.2218595547873377
2017-03-27,2341.590087890625,0.22145829815190043
2017-03-28,2358.570068359375,0.22430919190965537
2017-03-29,2361.1298828125,0.22473897797795245
2017-03-30,2368.06005859375,0.22590253614053524
2017-03-31,2362.719970703125,0.2250059495242394
2017-04-03,2358.840087890625,0.2243545274739412
2017-04-04,2360.159912109375,0.2245761224653779
2017-04-05,2352.949951171875,0.22336558911593118
2017-04-06,2357.489990234375,0.2241278496525122
2017-04-07,2355.5400390625,0.2238004580142205
2017-04-10,2357.159912109375,0.2240724304093708
2017-04-11,2353.780029296875,0.22350495703507378
2017-04-12,2344.929931640625,0.22201904907362707
2017-04-13,2328.949951171875,0.21933605266787448
2017-04-17,2349.010009765625,0.22270408338677733
2017-04-18,2342.18994140625,0.22155901196876315
2017-04-19,2338.169921875,0.22088406133446853
2017-04-20,2355.840087890625,0.2238508354179341
2017-04-21,2348.68994140625,0.22265034475677853
2017-04-24,2374.14990234375,0.2269250047802684
2017-04-25,2388.610107421875,0.2293528349222967
2017-04-26,2387.449951171875,0.2291580477600127
2017-04-27,2388.77001953125,0.22937968374201384
2017-04-28,2384.199951171875,0.22861238136600504
2017-05-01,2388.330078125,0.22930581874486827
2017-05-02,2391.169921875,0.22978262099059377
2017-05-03,2388.1298828125,0.22927220648201624
2017-05-04,2389.52001953125,0.2295056067560156
2017-05-05,2399.2900390625,0.2311459671643239
2017-05-08,2399.3798828125,0.23116105169204282
2017-05-09,2396.919921875,0.23074803076460731
2017-05-10,2399.6298828125,0.23120302603004345
2017-05-11,2394.43994140625,0.23033164861088662
2017-05-12,2390.89990234375,0.22973728542630795
2017-05-15,2402.320068359375,0.23165470105975877
2017-05-16,2400.669921875,0.23137764583461617
2017-05-17,2357.030029296875,0.22405062342908144
2017-05-18,2365.719970703125,0.2255096415802465
2017-05-19,2381.72998046875,0.22819767982542694
2017-05-22,2394.02001953125,0.23026114484002624
2017-05-23,2398.419921875,0.23099987679261086
2017-05-24,2404.389892578125,0.23200221906519725
2017-05-25,2415.070068359375,0.2337953922977889
2017-05-26,2415.820068359375,0.23392131531179067
2017-05-30,2412.909912109375,0.23343270778350256
2017-05-31,2411.800048828125,0.23324636467749604
2017-06-01,2430.06005859375,0.23631217196468174
2017-06-02,2439.070068359375,0.2378249287458456
2017-06-05,2436.10009765625,0.2373262785292663
2017-06-06,2429.330078125,0.23618961017696516
2017-06-07,2433.139892578125,0.2368292679352652
2017-06-08,2433.7900390625,0.2369384258084054
2017-06-09,2431.77001953125,0.23659926987811547
2017-06-12,2429.389892578125,0.23619965286525635
2017-06-13,2440.35009765625,0.23803984227527636
2017-06-14,2437.919921875,0.2376318221967042
2017-06-15,2432.4599609375,0.2367151092132616
2017-06-16,2433.14990234375,0.2368309485484078
2017-06-19,2453.4599609375,0.24024095360531128
2017-06-20,2437.030029296875,0.23748241158927047
2017-06-21,2435.610107421875,0.23724401046640775
2017-06-22,2434.5,0.23705762636983674
2017-06-23,2438.300048828125,0.23769564450555863
2017-06-26,2439.070068359375,0.2378249287458456
2017-06-27,2419.3798828125,0.2345189987320901
2017-06-28,2440.68994140625,0.2380969011409959
2017-06-29,2419.699951171875,0.2345727373620889
2017-06-30,2423.409912109375,0.23519562997952737
2017-07-03,2429.010009765625,0.23613587154696636
2017-07-05,2432.5400390625,0.23672855411840243
2017-07-06,2409.75,0.23290216690777826
2017-07-07,2425.179931640625,0.23549281157181667
2017-07-10,2427.429931640625,0.235870580613822
2017-07-11,2425.530029296875,0.23555159204124332
2017-07-12,2443.25,0.23852672819985743
2017-07-13,2447.830078125,0.2392957111890089
2017-07-14,2459.27001953125,0.24121644705818046
2017-07-17,2459.139892578125,0.2411945990873266
2017-07-18,2460.610107421875,0.2414414442664668
2017-07-19,2473.830078125,0.24366104234107033
2017-07-20,2473.449951171875,0.2435972200322159
2017-07-21,2472.5400390625,0.24344444819849698
2017-07-24,2469.909912109375,0.24300285684763723
2017-07-25,2477.1298828125,0.24421507081022653
2017-07-26,2477.830078125,0.24433263174907977
2017-07-27,2475.419921875,0.24392797289679286
2017-07-28,2472.10009765625,0.2433705832013514
2017-07-31,2470.300048828125,0.24306835976963426
2017-08-01,2476.35009765625,0.2440841469473614
2017-08-02,2477.570068359375,0.2442889767979366
2017-08-03,2472.159912109375,0.24338062588964254
2017-08-04,2476.830078125,0.24416473439707742
2017-08-07,2480.909912109375,0.24484972771966323
2017-08-08,2474.919921875,0.24384402422079166
2017-08-09,2474.02001953125,0.24369293300021533
2017-08-10,2438.2099609375,0.2376805189872752
2017-08-11,2441.320068359375,0.23820269778785091
2017-08-14,2465.840087890625,0.242319544138194
2017-08-15,2464.610107421875,0.24211303367447629
2017-08-16,2468.110107421875,0.24270067440648452
2017-08-17,2430.010009765625,0.23630376889896876
2017-08-18,2425.550048828125,0.2355549532675285
2017-08-21,2428.3701171875,0.2360284352775332
2017-08-22,2452.510009765625,0.24008145931902192
2017-08-23,2444.0400390625,0.23865937366642964
2017-08-24,2438.969970703125,0.23780812261441958
2017-08-25,2443.050048828125,0.23849315692756984
2017-08-28,2444.239990234375,0.23869294493871718
2017-08-29,2446.300048828125,0.23903882332157755
2017-08-30,2457.590087890625,0.24093439098417452
2017-08-31,2471.64990234375,0.24329499660049875
2017-09-01,2476.550048828125,0.244117718219649
2017-09-05,2457.85009765625,0.24097804593531774
2017-09-06,2465.5400390625,0.2422691667344804
2017-09-07,2465.10009765625,0.24219530173733483
2017-09-08,2461.429931640625,0.24157909058190236
2017-09-11,2488.110107421875,0.2460586214465318
2017-09-12,2496.47998046875,0.24746390096769805
2017-09-13,2498.3701171875,0.24778124991769862
2017-09-14,2495.6201171875,0.2473195321996921
2017-09-15,2500.22998046875,0.2480935160377069
2017-09-18,2503.8701171875,0.2487046853537116
2017-09-19,2506.64990234375,0.24917140392058146
2017-09-20,2508.239990234375,0.24943837546686842
2017-09-21,2500.60009765625,0.24815565773341874
2017-09-22,2502.219970703125,0.24842763012856905
2017-09-25,2496.659912109375,0.24749411101370045
2017-09-26,2496.840087890625,0.2475243620502673
2017-09-27,2507.0400390625,0.2492369068425785
2017-09-28,2510.06005859375,0.24974396012487077
2017-09-29,2519.360107421875,0.25130541369660564
2017-10-02,2529.1201171875,0.25294409349177127
2017-10-03,2534.580078125,0.25386080647521386
2017-10-04,2537.739990234375,0.25439134735093816
2017-10-05,2552.070068359375,0.2567973295221126
2017-10-06,2549.330078125,0.25633729241724873
2017-10-09,2544.72998046875,0.2555649482018121
2017-10-10,2550.639892578125,0.25655720679554284
2017-10-11,2555.239990234375,0.2573295510109795
2017-10-12,2550.929931640625,0.25660590358611385
2017-10-13,2553.169921875,0.25698199201497657
2017-10-16,2557.639892578125,0.25773248825955936
2017-10-17,2559.360107421875,0.2580213077767002
2017-10-18,2561.260009765625,0.25834029634927885
2017-10-19,2562.10009765625,0.25848134488156405
2017-10-20,2575.2099609375,0.26068245621159897
2017-10-23,2564.97998046875,0.2589648695798599
2017-10-24,2569.1298828125,0.25966162719444397
2017-10-25,2557.14990234375,0.2576502201967008
2017-10-26,2560.39990234375,0.25819588659070847
2017-10-27,2581.070068359375,0.26166635273018113
2017-10-30,2572.830078125,0.26028288018930423
2017-10-31,2575.260009765625,0.26069085927731195
2017-11-01,2579.360107421875,0.2613792548167474
2017-11-02,2579.85009765625,0.261461522879606
2017-11-03,2587.840087890625,0.2628030210824823
2017-11-06,2591.1298828125,0.2633553689384959
2017-11-07,2590.639892578125,0.2632731008756374
2017-11-08,2594.3798828125,0.2639010353325036
2017-11-09,2584.6201171875,0.26226239652790245
2017-11-10,2582.300048828125,0.2618728631938989
2017-11-13,2584.840087890625,0.26229932902647524
2017-11-14,2578.8701171875,0.26129698675388885
2017-11-15,2564.6201171875,0.2589044494878552
2017-11-16,2585.639892578125,0.26243361411562555
2017-11-17,2578.85009765625,0.26129362552760366
2017-11-20,2582.139892578125,0.26184597338361726
2017-11-21,2599.030029296875,0.26468178261365327
2017-11-22,2597.080078125,0.26435439097536156
2017-11-24,2602.419921875,0.26525093660109295
2017-11-27,2601.419921875,0.26508303924909055
2017-11-28,2627.0400390625,0.26938458908286206
2017-11-29,2626.070068359375,0.2692217335702875
2017-11-30,2647.580078125,0.27283320725148086
2017-12-01,2642.219970703125,0.27193325940889984
2017-12-04,2639.43994140625,0.27146649985146554
2017-12-05,2629.570068359375,0.26980937430229573
2017-12-06,2629.27001953125,0.2697589968985821
2017-12-07,2636.97998046875,0.27105347892403003
2017-12-08,2651.5,0.2734913517543495
2017-12-11,2659.989990234375,0.274916798633227
2017-12-12,2664.110107421875,0.2756085553989477
2017-12-13,2662.85009765625,0.2753970030958021
2017-12-14,2652.010009765625,0.2735769810434933
2017-12-15,2675.81005859375,0.27757294621926243
2017-12-18,2690.159912109375,0.27998224862615767
2017-12-19,2681.469970703125,0.2785232304749926
2017-12-20,2679.25,0.2781505032724151
2017-12-21,2684.570068359375,0.2790437286624257
2017-12-22,2683.340087890625,0.27883721819870794
2017-12-26,2680.5,0.27836037496241806
2017-12-27,2682.6201171875,0.278716337024134
2017-12-28,2687.5400390625,0.279542378879005
2017-12-29,2673.610107421875,0.27720358024297015
2018-01-02,2695.81005859375,0.2809308932593097
2018-01-03,2713.06005859375,0.28382712258135046
2018-01-04,2723.989990234375,0.28566222916137823
2018-01-05,2743.14990234375,0.2888791276691403
2018-01-08,2747.7099609375,0.2896447494320065
2018-01-09,2751.2900390625,0.29024583506915563
2018-01-10,2748.22998046875,0.2897320593342929
2018-01-11,2767.56005859375,0.29297752826547924
2018-01-12,2786.239990234375,0.2961138393235253
2018-01-16,2776.419921875,0.2944650758495041
2018-01-17,2802.56005859375,0.29885393558556195
2018-01-18,2798.030029296875,0.29809335566212347
2018-01-19,2810.300048828125,0.30015345945043764
2018-01-22,2832.969970703125,0.3039596793033506
2018-01-23,2839.1298828125,0.30499391223508193
2018-01-24,2837.5400390625,0.3047269816793594
2018-01-25,2839.25,0.30501407959279314
2018-01-26,2872.8701171875,0.3106588082425835
2018-01-29,2853.530029296875,0.30741165869825465
2018-01-30,2822.429931640625,0.30219003465475536
2018-01-31,2823.81005859375,0.30242175431561213
2018-02-01,2821.97998046875,0.3021144890444672
2018-02-02,2762.1298828125,0.2920658161309
2018-02-05,2648.93994140625,0.273061524695488
2018-02-06,2695.139892578125,0.28081837415988425
2018-02-07,2681.659912109375,0.2785551211341376
2018-02-08,2581.0,0.26165458843818296
2018-02-09,2619.550048828125,0.26812703955598693
2018-02-12,2656.0,0.27424688983836015
2018-02-13,2662.93994140625,0.2754120876235211
2018-02-14,2698.6298828125,0.28140433427874995
2018-02-15,2731.199951171875,0.28687276251082494
2018-02-16,2732.219970703125,0.28704402108911253
2018-02-20,2716.260009765625,0.28436438590964513
2018-02-21,2701.330078125,0.28185768992160787
2018-02-22,2703.9599609375,0.2822992402819032
2018-02-23,2747.300048828125,0.2895759262742888
2018-02-26,2779.60009765625,0.294999018942078
2018-02-27,2744.280029296875,0.28906887299199646
2018-02-28,2713.830078125,0.2839564068216374
2018-03-01,2677.669921875,0.2778852123392707
2018-03-02,2691.25,0.28016527149644344
2018-03-05,2720.93994140625,0.2851501340396581
2018-03-06,2728.1201171875,0.2863556665402415
2018-03-07,2726.800048828125,0.2861340305582403
2018-03-08,2738.969970703125,0.2881773282151285
2018-03-09,2786.570068359375,0.2961692585666667
2018-03-12,2783.02001953125,0.29557321476894544
2018-03-13,2765.31005859375,0.2925997592234739
2018-03-14,2749.47998046875,0.2899419310242959
2018-03-15,2747.330078125,0.2895809681137166
2018-03-16,2752.010009765625,0.2903667162437296
2018-03-19,2712.919921875,0.28380359399735405
2018-03-20,2716.93994140625,0.2844785446316487
2018-03-21,2711.929931640625,0.28363737725849425
2018-03-22,2643.68994140625,0.2721800635974756
2018-03-23,2588.260009765625,0.26287352485334264
2018-03-26,2658.550048828125,0.2746750362840791
2018-03-27,2612.6201171875,0.2669635223839686
2018-03-28,2605.0,0.26568412488623966
2018-03-29,2640.8701171875,0.27170662257803535
2018-04-02,2581.8798828125,0.2618023184324741
2018-04-03,2614.449951171875,0.2672707466645491
2018-04-04,2644.68994140625,0.27234796094947794
2018-04-05,2662.840087890625,0.2753953224826595
2018-04-06,2604.469970703125,0.26559513437081067
2018-04-09,2613.159912109375,0.26705415252197573
2018-04-10,2656.8701171875,0.27439298021007313
2018-04-11,2642.18994140625,0.27192821756947205
2018-04-12,2663.989990234375,0.2755883880412365
2018-04-13,2656.300048828125,0.27429726724207376
2018-04-16,2677.840087890625,0.27791378276269496
2018-04-17,2706.389892578125,0.2827072193699109
2018-04-18,2708.639892578125,0.2830849884119162
2018-04-19,2693.1298828125,0.28048089884273697
2018-04-20,2670.139892578125,0.2766209403598252
2018-04-23,2670.2900390625,0.27664614955696426
2018-04-24,2634.56005859375,0.27064718044916497
2018-04-25,2639.39990234375,0.27145977739889515
2018-04-26,2666.93994140625,0.2760836770315305
2018-04-27,2669.909912109375,0.2765823272481098
2018-04-30,2648.050048828125,0.27291211408805427
2018-05-01,2654.800048828125,0.2740454212140702
2018-05-02,2635.669921875,0.2708335235551715
2018-05-03,2629.72998046875,0.26983622312201294
2018-05-04,2663.419921875,0.27549267507323705
2018-05-07,2672.6298828125,0.2770390031266885
2018-05-08,2671.919921875,0.27691980256525717
2018-05-09,2697.7900390625,0.2812633267370292
2018-05-10,2723.070068359375,0.28550777671451666
2018-05-11,2727.719970703125,0.2862884830051019
2018-05-14,2730.1298828125,0.28669310086682437
2018-05-15,2711.449951171875,0.2835567898087783
2018-05-16,2722.4599609375,0.2854053412939469
2018-05-17,2720.1298828125,0.28501412734680076
2018-05-18,2712.969970703125,0.28381199706306703
2018-05-21,2733.010009765625,0.2871766665556847
2018-05-22,2724.43994140625,0.2857377747716664
2018-05-23,2733.2900390625,0.2872236827331131
2018-05-24,2727.760009765625,0.2862952054576723
2018-05-25,2721.330078125,0.28521563696165514
2018-05-29,2689.860107421875,0.2799319122130085
2018-05-30,2724.010009765625,0.2856655903876634
2018-05-31,2705.27001953125,0.2825191956507617
2018-06-01,2734.6201171875,0.28744699932825685
2018-06-04,2746.8701171875,0.2895037418902858
2018-06-05,2748.800048828125,0.28982777230229234
2018-06-06,2772.35009765625,0.2937817631400609
2018-06-07,2770.3701171875,0.29344932966234133
2018-06-08,2779.030029296875,0.2949033059740786
2018-06-11,2782.0,0.2954019561906579
2018-06-12,2786.85009765625,0.2962162747440951
2018-06-13,2775.6298828125,0.2943324303829319
2018-06-14,2782.489990234375,0.29548422425351645
2018-06-15,2779.659912109375,0.29500906163036916
2018-06-18,2773.75,0.2940168030366384
2018-06-19,2762.590087890625,0.29214308334489525
2018-06-20,2767.320068359375,0.29293723454062126
2018-06-21,2749.760009765625,0.2899889472017243
2018-06-22,2754.8798828125,0.29084856032888284
2018-06-25,2717.070068359375,0.2845003926025025
2018-06-26,2723.06005859375,0.28550609610137406
2018-06-27,2699.6298828125,0.2815722316307523
2018-06-28,2716.31005859375,0.2843727889753581
2018-06-29,2718.3701171875,0.2847186673582185
2018-07-02,2726.7099609375,0.2861189050399569
2018-07-03,2713.219970703125,0.2838539714010676
2018-07-05,2736.610107421875,0.287781113419119
2018-07-06,2759.820068359375,0.29167800440060354
2018-07-09,2784.169921875,0.2957662803275224
2018-07-10,2793.840087890625,0.29738987559496904
2018-07-11,2774.02001953125,0.29406213860092417
2018-07-12,2798.2900390625,0.2981370106132667
2018-07-13,2801.31005859375,0.298644063895559
2018-07-16,2798.429931640625,0.29816049820669865
2018-07-17,2809.550048828125,0.30002753643643587
2018-07-18,2815.6201171875,0.3010466848404483
2018-07-19,2804.489990234375,0.29917796599756846
2018-07-20,2801.830078125,0.29873137379784537
2018-07-23,2806.97998046875,0.29959602876443175
2018-07-24,2820.39990234375,0.3018491981113228
2018-07-25,2846.070068359375,0.3061591510108073
2018-07-26,2837.43994140625,0.3047101755479334
2018-07-27,2818.820068359375,0.30158394816874295
2018-07-30,2802.60009765625,0.29886065803813233
2018-07-31,2816.2900390625,0.3011591629493092
2018-08-01,2813.360107421875,0.30066723518530036
2018-08-02,2827.219970703125,0.302994269529337
2018-08-03,2840.35009765625,0.30519878307622156
2018-08-06,2850.39990234375,0.3068861186713937
2018-08-07,2858.449951171875,0.30823770055312566
2018-08-08,2857.699951171875,0.3081117775391239
2018-08-09,2853.580078125,0.30742006176396763
2018-08-10,2833.280029296875,0.3040117373202068
2018-08-13,2821.929931640625,0.3021060859787542
2018-08-14,2839.9599609375,0.30513328015422453
2018-08-15,2818.3701171875,0.30150840255845474
2018-08-16,2840.68994140625,0.3052558419419411
2018-08-17,2850.1298828125,0.30684078310710794
2018-08-20,2857.050048828125,0.30800266065654813
2018-08-21,2862.9599609375,0.3089949192502789
2018-08-22,2861.820068359375,0.30880353430484453
2018-08-23,2856.97998046875,0.3079908963645499
2018-08-24,2874.68994140625,0.3109643519100214
2018-08-27,2896.739990234375,0.3146664967197864
2018-08-28,2897.52001953125,0.31479746157321603
2018-08-29,2914.0400390625,0.3175711291075402
2018-08-30,2901.1298828125,0.31540354805922843
2018-08-31,2901.52001953125,0.31546905098122546
2018-09-04,2896.719970703125,0.3146631354935012
2018-09-05,2888.60009765625,0.31329983031033554
2018-09-06,2878.050048828125,0.31152850504859775
2018-09-07,2871.679931640625,0.31045897924087174
2018-09-10,2877.1298828125,0.31137401161117173
2018-09-11,2887.889892578125,0.31318058875833976
2018-09-12,2888.919921875,0.3133535279497699
2018-09-13,2904.179931640625,0.31591564318094856
2018-09-14,2904.97998046875,0.3160499692606633
2018-09-17,2888.800048828125,0.31333340158262313
2018-09-18,2904.31005859375,0.31593749115180236
2018-09-19,2907.949951171875,0.3165486194772426
2018-09-20,2930.75,0.3203766873010094
2018-09-21,2929.669921875,0.3201953450438662
2018-09-24,2919.3701171875,0.31846603511069344
2018-09-25,2915.56005859375,0.31782633636182894
2018-09-26,2905.969970703125,0.31621618599952306
2018-09-27,2914.0,0.31756440665496977
2018-09-28,2913.97998046875,0.3175610454286846
2018-10-01,2924.590087890625,0.319342454369278
2018-10-02,2923.429931640625,0.319147667206994
2018-10-03,2925.510009765625,0.31949690681613957
2018-10-04,2901.610107421875,0.3154841764995089
2018-10-05,2885.570068359375,0.31279109641490066
2018-10-08,2884.429931640625,0.31259967047890186
2018-10-09,2880.340087890625,0.31191299654317345
2018-10-10,2785.679931640625,0.29601980696866853
2018-10-11,2728.3701171875,0.2863976408782421
2018-10-12,2767.1298828125,0.2929053028909118
2018-10-15,2750.7900390625,0.29016188639315443
2018-10-16,2809.919921875,0.3000896371415832
2018-10-17,2809.2099609375,0.2999704365801519
2018-10-18,2768.780029296875,0.29318235811605436
2018-10-19,2767.780029296875,0.293014460764052
2018-10-22,2755.8798828125,0.29101645768088524
2018-10-23,2740.68994140625,0.2884661067417048
2018-10-24,2656.10009765625,0.27426369596978617
2018-10-25,2705.570068359375,0.28256957305447533
2018-10-26,2658.68994140625,0.27469852387751104
2018-10-29,2641.25,0.2717704038963253
2018-10-30,2682.6298828125,0.27871797664671216
2018-10-31,2711.739990234375,0.2836054865993493
2018-11-01,2740.3701171875,0.28841240910227045
2018-11-02,2723.06005859375,0.28550609610137406
2018-11-05,2738.31005859375,0.28806653071941013
2018-11-06,2755.449951171875,0.29094427329688227
2018-11-07,2813.889892578125,0.30075618471016485
2018-11-08,2806.830078125,0.2995708605578572
2018-11-09,2781.010009765625,0.2952357394517981
2018-11-12,2726.219970703125,0.28603663697709836
2018-11-13,2722.179931640625,0.2853583251165185
2018-11-14,2701.580078125,0.2818996642596085
2018-11-15,2730.199951171875,0.2867048651588226
2018-11-16,2736.27001953125,0.287724013562835
2018-11-19,2690.72998046875,0.28007796159415704
2018-11-20,2641.889892578125,0.27187784016575844
2018-11-21,2649.929931640625,0.27322774143434775
2018-11-23,2632.56005859375,0.2703113857451602
2018-11-26,2673.449951171875,0.2771766904326885
2018-11-27,2682.169921875,0.27864075042328135
2018-11-28,2743.7900390625,0.2889866049291379
2018-11-29,2737.800048828125,0.28798090143026633
2018-11-30,2760.169921875,0.2917367438794657
2018-12-03,2790.3701171875,0.2968072767023886
2018-12-04,2700.06005859375,0.28164445700531976
2018-12-06,2695.949951171875,0.28095438085274166
2018-12-07,2633.080078125,0.2703986956474466
2018-12-10,2637.719970703125,0.2711777213248892
2018-12-11,2636.780029296875,0.2710199076517425
2018-12-12,2651.070068359375,0.27341916737034655
2018-12-13,2650.5400390625,0.27333017685491756
2018-12-14,2599.949951171875,0.26483623506051485
2018-12-17,2545.93994140625,0.2557680974392446
2018-12-18,2546.159912109375,0.2558050299378174
2018-12-19,2506.9599609375,0.24922346193743766
2018-12-20,2467.419921875,0.24258479408077394
2018-12-21,2416.6201171875,0.23405564139150548
2018-12-24,2351.10009765625,0.2230550036090655
2018-12-26,2467.699951171875,0.2426318102582023
2018-12-27,2488.830078125,0.24617950262110577
2018-12-28,2485.739990234375,0.24566068504681526
2018-12-31,2506.85009765625,0.2492050161834335
2019-01-02,2510.030029296875,0.24973891828544298
2019-01-03,2447.889892578125,0.23930575387730002
2019-01-04,2531.93994140625,0.2534175345112115
2019-01-07,2549.68994140625,0.2563977125092535
2019-01-08,2574.409912109375,0.26054813013188416
2019-01-09,2584.9599609375,0.262319455393622
2019-01-10,2596.639892578125,0.26428048498765155
2019-01-11,2596.260009765625,0.26421670366936156
2019-01-14,2582.610107421875,0.2619249212107551
2019-01-15,2610.300048828125,0.26657398904996504
2019-01-16,2616.10009765625,0.2675478018896916
2019-01-17,2635.9599609375,0.2708822203457425
2019-01-18,2670.7099609375,0.2767166533278246
2019-01-22,2632.89990234375,0.2703684446108798
2019-01-23,2638.699951171875,0.27134225745060636
2019-01-24,2642.330078125,0.27195174615346845
2019-01-25,2664.760009765625,0.27571767228152344
2019-01-28,2643.85009765625,0.27220695340775725
2019-01-29,2640.0,0.27156053220632237
2019-01-30,2681.050048828125,0.27845272670413224
2019-01-31,2704.10009765625,0.2823227688658996
2019-02-01,2706.530029296875,0.2827307479539073
2019-02-04,2724.8701171875,0.2858100001462338
2019-02-05,2737.699951171875,0.2879640952988403
2019-02-06,2731.610107421875,0.28694162665910716
2019-02-07,2706.050048828125,0.2826501605041913
2019-02-08,2707.8798828125,0.2829573847847718
2019-02-11,2709.800048828125,0.2832797755742002
2019-02-12,2744.72998046875,0.2891444186022847
2019-02-13,2753.030029296875,0.29053797482201715
2019-02-14,2745.72998046875,0.289312315954287
2019-02-15,2775.60009765625,0.29432742953406854
2019-02-19,2779.760009765625,0.2950258677617952
2019-02-20,2784.699951171875,0.2958552708429514
2019-02-21,2774.8798828125,0.2942065073689301
2019-02-22,2792.669921875,0.29719340781954245
2019-02-25,2796.110107421875,0.2977710058632596
2019-02-26,2793.89990234375,0.29739991828326023
2019-02-27,2792.3798828125,0.2971447110289715
2019-02-28,2784.489990234375,0.2958200189575212
2019-03-01,2803.68994140625,0.29904363991785365
2019-03-04,2792.81005859375,0.2972169364035389
2019-03-05,2789.64990234375,0.2966863545372502
2019-03-06,2771.449951171875,0.29363063092892006
2019-03-07,2748.929931640625,0.2898495792825817
2019-03-08,2743.070068359375,0.28886572375456393
2019-03-11,2783.300048828125,0.29562023094637385
2019-03-12,2791.52001953125,0.29700034226096556
2019-03-13,2810.919921875,0.3002575344935856
2019-03-14,2808.47998046875,0.2998478747924353
2019-03-15,2822.47998046875,0.3021984377204684
2019-03-18,2832.93994140625,0.30395463746392276
2019-03-19,2832.570068359375,0.3038925367587754
2019-03-20,2824.22998046875,0.3024922580864725
2019-03-21,2854.8798828125,0.30763829552911914
2019-03-22,2800.7099609375,0.29854330908813176
2019-03-25,2798.360107421875,0.2981487749052649
2019-03-26,2818.4599609375,0.3015234870861737
2019-03-27,2805.3701171875,0.29932573698242404
2019-03-28,2815.43994140625,0.30101643380388143
2019-03-29,2834.39990234375,0.3041997610393559
2019-04-01,2867.18994140625,0.3097051217700037
2019-04-02,2867.239990234375,0.30971352483571674
2019-04-03,2873.39990234375,0.31074775776744806
2019-04-04,2879.389892578125,0.31175346126631964
2019-04-05,2892.739990234375,0.313994907311777
2019-04-08,2895.77001953125,0.31450364120721186
2019-04-09,2878.199951171875,0.3115536732551723
2019-04-10,2888.2099609375,0.31323432738833856
2019-04-11,2888.320068359375,0.3132528141329072
2019-04-12,2907.409912109375,0.316457948348671
2019-04-15,2905.580078125,0.3161507240680905
2019-04-16,2907.06005859375,0.3163992088698089
2019-04-17,2900.449951171875,0.3152893893372249
2019-04-18,2905.030029296875,0.31605837232637635
2019-04-22,2907.969970703125,0.3165519807035278
2019-04-23,2933.679931640625,0.32086861506501824
2019-04-24,2927.25,0.3197890465690011
2019-04-25,2926.169921875,0.3196077043118579
2019-04-26,2939.8798828125,0.32190957044932
2019-04-29,2943.030029296875,0.32243847170246615
2019-04-30,2945.830078125,0.32290859248618564
2019-05-01,2923.72998046875,0.3191980446107076
2019-05-02,2917.52001953125,0.31815540861326325
2019-05-03,2945.639892578125,0.3228766608364762
2019-05-06,2932.469970703125,0.3206654658275857
2019-05-07,2884.050048828125,0.3125358891606119
2019-05-08,2879.419921875,0.31175850310574743
2019-05-09,2870.719970703125,0.3102978043414398
2019-05-10,2881.39990234375,0.312090936583467
2019-05-13,2811.8701171875,0.3004170697704394
2019-05-14,2834.409912109375,0.3042014416524985
2019-05-15,2850.9599609375,0.30698015102625054
2019-05-16,2876.320068359375,0.3112380459088788
2019-05-17,2859.530029296875,0.30841904281026883
2019-05-20,2840.22998046875,0.30517861571851035
2019-05-21,2864.360107421875,0.30923000013742086
2019-05-22,2856.27001953125,0.3078716958031185
2019-05-23,2822.239990234375,0.3021581439956104
2019-05-24,2826.06005859375,0.30279952335761745
2019-05-28,2802.389892578125,0.2988253651621377
2019-05-29,2783.02001953125,0.29557321476894544
2019-05-30,2788.860107421875,0.29655375006124246
2019-05-31,2752.06005859375,0.2903751193094426
2019-06-03,2744.449951171875,0.28909740242485626
2019-06-04,2803.27001953125,0.2989731361469933
2019-06-05,2826.14990234375,0.30281460788533643
2019-06-06,2843.489990234375,0.3057259627256606
2019-06-07,2873.340087890625,0.31073771507915693
2019-06-10,2886.72998046875,0.3129858425866202
2019-06-11,2885.719970703125,0.3128162646214752
2019-06-12,2879.840087890625,0.3118290478671723
2019-06-13,2891.639892578125,0.3138102038283486
2019-06-14,2886.97998046875,0.3130278169246208
2019-06-17,2889.669921875,0.31347945096377167
2019-06-18,2917.75,0.3181940217249786
2019-06-19,2926.4599609375,0.31965640110242893
2019-06-20,2954.179931640625,0.3243105107810667
2019-06-21,2950.4599609375,0.32368593755048564
2019-06-24,2945.35009765625,0.32282800503646963
2019-06-25,2917.3798828125,0.31813188002926684
2019-06-26,2913.780029296875,0.317527474156397
2019-06-27,2924.919921875,0.31939783262185495
2019-06-28,2941.760009765625,0.322225238786178
2019-07-01,2964.330078125,0.32601469349822937
2019-07-02,2973.010009765625,0.32747203103625183
2019-07-03,2995.820068359375,0.33130177947316114
2019-07-05,2990.409912109375,0.33039342856486714
2019-07-08,2975.949951171875,0.3279656394134033
2019-07-09,2979.6298828125,0.3285834901914139
2019-07-10,2993.070068359375,0.3308400617551546
2019-07-11,2999.909912109375,0.33198845340888955
2019-07-12,3013.77001953125,0.33431552874349074
2019-07-15,3014.300048828125,0.33440451925891973
2019-07-16,3004.0400390625,0.33268189078775284
2019-07-17,2984.419921875,0.3293877250659956
2019-07-18,2995.110107421875,0.3311825789117298
2019-07-19,2976.610107421875,0.3280764778996861
2019-07-22,2985.030029296875,0.3294901604865654
2019-07-23,3005.469970703125,0.33292197252375816
2019-07-24,3019.56005859375,0.33528766097007473
2019-07-25,3003.669921875,0.332619749092041
2019-07-26,3025.860107421875,0.3363454224858025
2019-07-29,3020.969970703125,0.33552438147979485
2019-07-30,3013.179931640625,0.33421645454920607
2019-07-31,2980.3798828125,0.32870941320541575
2019-08-01,2953.56005859375,0.32420643573791874
2019-08-02,2932.050048828125,0.32059496205672533
2019-08-05,2844.739990234375,0.3059358344156636
2019-08-06,2881.77001953125,0.31215307827917876
2019-08-07,2883.97998046875,0.3125241248686137
2019-08-08,2938.090087890625,0.32160906862130995
2019-08-09,2918.64990234375,0.318345112945555
2019-08-12,2882.699951171875,0.31230921133918293
2019-08-13,2926.320068359375,0.319632913508997
2019-08-14,2840.60009765625,0.30524075741422213
2019-08-15,2847.60009765625,0.30641603887823865
2019-08-16,2888.679931640625,0.3133132342249119
2019-08-19,2923.64990234375,0.31918459970556684
2019-08-20,2900.510009765625,0.31529947301608047
2019-08-21,2924.429931640625,0.3193155645589964
2019-08-22,2922.949951171875,0.31906707975727805
2019-08-23,2847.110107421875,0.3063337708153801
2019-08-26,2878.3798828125,0.3115838833011747
2019-08-27,2869.159912109375,0.31003587463458065
2019-08-28,2887.93994140625,0.31318899182405274
2019-08-29,2924.580078125,0.3193407737561354
2019-08-30,2926.4599609375,0.31965640110242893
2019-09-03,2906.27001953125,0.31626656340323667
2019-09-04,2937.780029296875,0.32155701060445374
2019-09-05,2976.0,0.32797404247911627
2019-09-06,2978.7099609375,0.3284290377445524
2019-09-09,2978.429931640625,0.328382021567124
2019-09-10,2979.389892578125,0.328543196466556
2019-09-11,3000.929931640625,0.33215971198717714
2019-09-12,3009.570068359375,0.3336103680631937
2019-09-13,3007.389892578125,0.3332443223226221
2019-09-16,2997.9599609375,0.3316610617705979
2019-09-17,3005.699951171875,0.33296058563547354
2019-09-18,3006.72998046875,0.3331335248269038
2019-09-19,3006.7900390625,0.33314360850575936
2019-09-20,2992.070068359375,0.33067216440315234
2019-09-23,2991.780029296875,0.33062346761258127
2019-09-24,2966.60009765625,0.3263958237665199
2019-09-25,2984.8701171875,0.3294633116668482
2019-09-26,2977.6201171875,0.3282460558648311
2019-09-27,2961.7900390625,0.32558822766565304
2019-09-30,2976.739990234375,0.32809828487997544
2019-10-01,2940.25,0.32197171214503184
2019-10-02,2887.610107421875,0.3131336135714758
2019-10-03,2910.6298828125,0.3169985729032509
2019-10-04,2952.010009765625,0.32394618664420216
2019-10-07,2938.7900390625,0.3217265885695987
2019-10-08,2893.06005859375,0.3140486459417758
2019-10-09,2919.39990234375,0.3184710359595568
2019-10-10,2938.1298828125,0.3216157500833159
2019-10-11,2970.27001953125,0.3270119939313879
2019-10-14,2966.14990234375,0.3263202371656672
2019-10-15,2995.679931640625,0.3312782508891648
2019-10-16,2989.68994140625,0.33027254739029316
2019-10-17,2997.949951171875,0.33165938115745525
2019-10-18,2986.199951171875,0.32968658727142747
2019-10-21,3006.719970703125,0.33313184421376113
2019-10-22,2995.989990234375,0.33133030890602094
2019-10-23,3004.52001953125,0.3327624782374688
2019-10-24,3010.2900390625,0.3337312492377676
2019-10-25,3022.550048828125,0.33578967241293917
2019-10-28,3039.419921875,0.3386220794261255
2019-10-29,3036.889892578125,0.3381972942066918
2019-10-30,3046.77001953125,0.3398561413595687
2019-10-31,3037.56005859375,0.33830981330611726
2019-11-01,3066.909912109375,0.3432375759930479
2019-11-04,3078.27001953125,0.34514490794764313
2019-11-05,3074.6201171875,0.3445320990090603
2019-11-06,3076.780029296875,0.34489474253278213
2019-11-07,3085.179931640625,0.3463050638933763
2019-11-08,3093.080078125,0.3476314775685336
2019-11-11,3087.010009765625,0.34661232916452117
2019-11-12,3091.840087890625,0.34742328649167326
2019-11-13,3094.0400390625,0.3477926524679655
2019-11-14,3096.6298828125,0.34822748037569035
2019-11-15,3120.4599609375,0.35222848739088736
2019-11-18,3122.030029296875,0.35249209771088913
2019-11-19,3120.179931640625,0.35218147121345894
2019-11-20,3108.4599609375,0.350213719166859
2019-11-21,3103.5400390625,0.349387677311988
2019-11-22,3110.2900390625,0.3505209844380039
2019-11-25,3133.639892578125,0.35444136301292045
2019-11-26,3140.52001953125,0.35559651810979015
2019-11-27,3153.6298828125,0.3577976294398251
2019-11-29,3140.97998046875,0.355673744333221
2019-12-02,3113.8701171875,0.351122070075153
2019-12-03,3093.199951171875,0.34765160393568034
2019-12-04,3112.760009765625,0.350935685978582
2019-12-05,3117.429931640625,0.3517197534954524
2019-12-06,3145.909912109375,0.35650146680123457
2019-12-09,3135.9599609375,0.35483089634692394
2019-12-10,3132.52001953125,0.3542533392937713
2019-12-11,3141.6298828125,0.3557828612157968
2019-12-12,3168.570068359375,0.3603060470315694
2019-12-13,3168.800048828125,0.36034466014328476
2019-12-16,3191.449951171875,0.3641475187699125
2019-12-17,3192.52001953125,0.36432718041391304
2019-12-18,3191.139892578125,0.36409546075305627
2019-12-19,3205.3701171875,0.3664846777833692
2019-12-20,3221.219970703125,0.369145826218268
2019-12-23,3224.010009765625,0.3696142663888449
2019-12-24,3223.3798828125,0.36950846974198986
2019-12-26,3239.909912109375,0.3722838178894567
2019-12-27,3240.02001953125,0.3723023046340253
2019-12-30,3221.2900390625,0.36915759051026625
2019-12-31,3230.780029296875,0.370750934741146
2020-01-02,3257.85009765625,0.37529592753720803
2020-01-03,3234.85009765625,0.3714342884411537
2020-01-06,3246.280029296875,0.3733533436971827
2020-01-07,3237.179931640625,0.37182546139773537
2020-01-08,3253.050048828125,0.3744900120494838
2020-01-09,3274.699951171875,0.37812497332410916
2020-01-10,3265.35009765625,0.37655515767722575
2020-01-13,3288.1298828125,0.38037982328414294
2020-01-14,3283.14990234375,0.37954369775041624
2020-01-15,3289.2900390625,0.3805746104464269
2020-01-16,3316.81005859375,0.3851951488527771
2020-01-17,3329.6201171875,0.38734592376966276
2020-01-21,3320.7900390625,0.3858633770345013
2020-01-22,3321.75,0.3860245519339333
2020-01-23,3325.5400390625,0.3866608894565125
2020-01-24,3295.469970703125,0.3816122046044434
2020-01-27,3243.6298828125,0.37290839112003776
2020-01-28,3276.239990234375,0.3783835418046832
2020-01-29,3273.39990234375,0.37790669856839326
2020-01-30,3283.659912109375,0.37962932703956004
2020-01-31,3225.52001953125,0.369867793029991
2020-02-03,3248.919921875,0.3737965746706206
2020-02-04,3297.590087890625,0.38196816666615935
2020-02-05,3334.68994140625,0.3881971338311084
2020-02-06,3345.780029296875,0.39005913022141775
2020-02-07,3327.7099609375,0.3870252135933771
2020-02-10,3352.090087890625,0.3911185723502882
2020-02-11,3357.75,0.39206885660601837
2020-02-12,3379.449951171875,0.3957122209463568
2020-02-13,3373.93994140625,0.3947871048972011
2020-02-14,3380.159912109375,0.3958314215077881
2020-02-18,3370.2900390625,0.39417429595861825
2020-02-19,3386.14990234375,0.39683712500665963
2020-02-20,3373.22998046875,0.39466790433576976
2020-02-21,3337.75,0.38871090956597104
2020-02-24,3225.889892578125,0.36992989373513846
2020-02-25,3128.2099609375,0.35352969186890565
2020-02-26,3116.389892578125,0.35154513369087964
2020-02-27,2978.760009765625,0.32843744081026544
2020-02-28,2954.219970703125,0.3243172332336371
2020-03-02,3090.22998046875,0.3471529537191011
2020-03-03,3003.3701171875,0.3325694126788919
2020-03-04,3130.1201171875,0.3538504020451914
2020-03-05,3023.93994140625,0.3360230316963741
2020-03-06,2972.3701171875,0.3273645947668187
2020-03-09,2746.56005859375,0.2894516838734296
2020-03-10,2882.22998046875,0.3122303045026096
2020-03-11,2741.3798828125,0.28858194607685095
2020-03-12,2480.639892578125,0.24480439215537741
2020-03-13,2711.02001953125,0.2834846054247753
2020-03-16,2386.1298828125,0.22893641177801155
2020-03-17,2529.18994140625,0.25295581679320506
2020-03-18,2398.10009765625,0.23094617915317656
2020-03-19,2409.389892578125,0.23284170582520908
2020-03-20,2304.919921875,0.21530147438038993
2020-03-23,2237.39990234375,0.20396504189394526
2020-03-24,2447.330078125,0.2392117625130077
2020-03-25,2475.56005859375,0.24395150148078926
2020-03-26,2630.070068359375,0.26989332297829693
2020-03-27,2541.469970703125,0.25501760119466177
2020-03-30,2626.64990234375,0.26931908616086503
2020-03-31,2584.590087890625,0.2622573546884746
2020-04-01,2470.5,0.24310193104192185
2020-04-02,2526.89990234375,0.2525713252986293
2020-04-03,2488.64990234375,0.24614925158453893
2020-04-06,2663.679931640625,0.27553633002438027
2020-04-07,2659.409912109375,0.274819405052085
2020-04-08,2749.97998046875,0.2900258797002971
2020-04-09,2789.820068359375,0.2967149249606744
2020-04-13,2761.6298828125,0.2919818674548988
2020-04-14,2846.06005859375,0.3061574703976647
2020-04-15,2783.360107421875,0.2956303146252295
2020-04-16,2799.550048828125,0.29834856291641226
2020-04-17,2874.56005859375,0.31094254492973206
2020-04-20,2823.159912109375,0.30231259644247194
2020-04-21,2736.56005859375,0.28777271035340596
2020-04-22,2799.31005859375,0.29830826919155423
2020-04-23,2797.800048828125,0.2980547425504081
2020-04-24,2836.739990234375,0.30459265559964466
2020-04-27,2878.47998046875,0.3116006894326007
2020-04-28,2863.389892578125,0.30906710363428186
2020-04-29,2939.510009765625,0.32184746974417267
2020-04-30,2912.429931640625,0.31730079633496805
2020-05-01,2830.7099609375,0.3035802296482027
2020-05-04,2842.739990234375,0.30560003971165883
2020-05-05,2868.43994140625,0.30991499346000667
2020-05-06,2848.419921875,0.3065536851936742
2020-05-07,2881.18994140625,0.3120556846980368
2020-05-08,2929.800048828125,0.32021719301472
2020-05-11,2930.18994140625,0.3202826549461526
2020-05-12,2870.1201171875,0.31019709052457706
2020-05-13,2820.0,0.3017820555667477
2020-05-14,2852.5,0.30723871950682446
2020-05-15,2863.699951171875,0.30911916165113806
2020-05-18,2953.909912109375,0.3242651752167809
2020-05-19,2922.93994140625,0.31906539914413545
2020-05-20,2971.610107421875,0.3272369911396743
2020-05-21,2948.510009765625,0.32335854591219393
2020-05-22,2955.449951171875,0.32452374369735487
2020-05-26,2991.77001953125,0.3306217869994387
2020-05-27,3036.1298828125,0.33806969057954744
2020-05-28,3029.72998046875,0.3369951639229581
2020-05-29,3044.31005859375,0.33944312043213315
2020-06-01,3055.72998046875,0.3413604950750196
2020-06-02,3080.820068359375,0.345573054393362
2020-06-03,3122.8701171875,0.35263314624317427
2020-06-04,3112.35009765625,0.35086686282086427
2020-06-05,3193.929931640625,0.36456390092363317
2020-06-08,3232.389892578125,0.3710212265231538
2020-06-09,3207.179931640625,0.3667885408376645
2020-06-10,3190.139892578125,0.363927563401054
2020-06-11,3002.10009765625,0.33235617976260373
2020-06-12,3041.31005859375,0.33893942837612606
2020-06-15,3066.590087890625,0.3431838783536136
2020-06-16,3124.739990234375,0.35294709297632515
2020-06-17,3113.489990234375,0.3510582477662986
2020-06-18,3115.340087890625,0.3513688742637287
2020-06-19,3097.739990234375,0.34841386447226136
2020-06-22,3117.860107421875,0.35179197887001984
2020-06-23,3131.2900390625,0.3540468288300535
2020-06-24,3050.330078125,0.3404538657704325
2020-06-25,3083.760009765625,0.3460666627705135
2020-06-26,3009.050048828125,0.33352305816090727
2020-06-29,3053.239990234375,0.3409424323081562
2020-06-30,3100.2900390625,0.34884201091798034
2020-07-01,3115.860107421875,0.35145618416601515
2020-07-02,3130.010009765625,0.3538319153006228
2020-07-06,3179.719970703125,0.36217808611016994
2020-07-07,3145.320068359375,0.3564024335975144
2020-07-08,3169.93994140625,0.3605360450887191
2020-07-09,3152.050048828125,0.3575323794972452
2020-07-10,3185.0400390625,0.3630713115001805
2020-07-13,3155.219970703125,0.3580646009861121
2020-07-14,3197.52001953125,0.36516666717392493
2020-07-15,3226.56005859375,0.3700424128345638
2020-07-16,3215.570068359375,0.3681972225756804
2020-07-17,3224.72998046875,0.3697351475634189
2020-07-20,3251.840087890625,0.3742868628120513
2020-07-21,3257.300048828125,0.37520357579549385
2020-07-22,3276.02001953125,0.37834660930611036
2020-07-23,3235.659912109375,0.37157025414344663
2020-07-24,3215.6298828125,0.3682072652639716
2020-07-27,3239.409912109375,0.37219986921345555
2020-07-28,3218.43994140625,0.36867906666083367
2020-07-29,3258.43994140625,0.3753949607409282
2020-07-30,3246.219970703125,0.373343260018327
2020-07-31,3271.1201171875,0.37752392867752455
2020-08-03,3294.610107421875,0.38146783583643756
2020-08-04,3306.510009765625,0.38346579792903984
2020-08-05,3327.77001953125,0.3870352972722327
2020-08-06,3349.159912109375,0.3906266035957148
2020-08-07,3351.280029296875,0.3909825656574308
2020-08-10,3360.469970703125,0.39252553248459704
2020-08-11,3333.68994140625,0.388029236479106
2020-08-12,3380.35009765625,0.3958633531574975
2020-08-13,3373.429931640625,0.3947014756080573
2020-08-14,3372.85009765625,0.39460412301747977
2020-08-17,3381.989990234375,0.396138686778933
2020-08-18,3389.780029296875,0.3974466137095218
2020-08-19,3374.85009765625,0.39493991772148457
2020-08-20,3385.510009765625,0.3967296887372265
2020-08-21,3397.159912109375,0.39868567649182823
2020-08-24,3431.280029296875,0.40441435381761986
2020-08-25,3443.6201171875,0.4064862218979322
2020-08-26,3478.72998046875,0.4123810749720191
2020-08-27,3484.550048828125,0.4133582490380308
2020-08-28,3508.010009765625,0.417297114357516
2020-08-31,3500.31005859375,0.4160043129452106
2020-09-01,3526.64990234375,0.4204267029629916
2020-09-02,3580.840087890625,0.4295250916208287
2020-09-03,3455.06005859375,0.40840695776710373
2020-09-04,3426.9599609375,0.4036890257796116
2020-09-08,3331.840087890625,0.3877186509722403
2020-09-09,3398.9599609375,0.3989878999235454
2020-09-10,3339.18994140625,0.388952671915119
2020-09-11,3340.969970703125,0.38925153412055097
2020-09-14,3383.5400390625,0.39639893587264957
2020-09-15,3401.199951171875,0.3993639883524081
2020-09-16,3385.489990234375,0.39672632751094133
2020-09-17,3357.010009765625,0.3919446142051592
2020-09-18,3319.469970703125,0.3856417410525002
2020-09-21,3281.06005859375,0.37919281851869263
2020-09-22,3315.570068359375,0.3849869577759167
2020-09-23,3236.919921875,0.37178180644659226
2020-09-24,3246.590087890625,0.37340540171403885
2020-09-25,3298.4599609375,0.38211421604730794
2020-09-28,3351.60009765625,0.3910363042874296
2020-09-29,3335.469970703125,0.38832809868453794
2020-09-30,3363.0,0.3929503177040307
2020-10-01,3380.800048828125,0.3959388987677857
2020-10-02,3348.419921875,0.39050236119485565
2020-10-05,3408.60009765625,0.40060645335156425
2020-10-06,3360.969970703125,0.3926094811605982
2020-10-07,3419.43994140625,0.40242643441330866
2020-10-08,3446.830078125,0.4070251658393695
2020-10-09,3477.139892578125,0.4121141034257321
2020-10-12,3534.219970703125,0.42169769739500756
2020-10-13,3511.929931640625,0.4179552588603846
2020-10-14,3488.669921875,0.41404996481318707
2020-10-15,3483.340087890625,0.41315509980059834
2020-10-16,3483.81005859375,0.41323400663717164
2020-10-19,3426.919921875,0.4036823033270412
2020-10-20,3443.1201171875,0.40640227322193095
2020-10-21,3435.56005859375,0.40513295940305766
2020-10-22,3453.489990234375,0.40814334744710196
2020-10-23,3465.389892578125,0.41014130953970435
2020-10-26,3400.969970703125,0.3993253752406927
2020-10-27,3390.679931640625,0.3975977049300981
2020-10-28,3271.030029296875,0.3775088031592411
2020-10-29,3310.110107421875,0.38407024479247415
2020-10-30,3269.9599609375,0.3773291415152406
2020-11-02,3310.239990234375,0.38409205177276345
2020-11-03,3369.159912109375,0.39398455063576215
2020-11-04,3443.43994140625,0.40645597086136537
2020-11-05,3510.449951171875,0.41770677405866624
2020-11-06,3509.43994140625,0.4175371960935213
2020-11-09,3550.5,0.4244310712044738
2020-11-10,3545.530029296875,0.4235966262838898
2020-11-11,3572.659912109375,0.428151661768243
2020-11-12,3537.010009765625,0.42216613756558447
2020-11-13,3585.14990234375,0.43024869805512994
2020-11-16,3626.909912109375,0.43726009311437114
2020-11-17,3609.530029296875,0.434342056812041
2020-11-18,3567.7900390625,0.427334022979085
2020-11-19,3581.8701171875,0.4296980308122588
2020-11-20,3557.5400390625,0.4256130751210608
2020-11-23,3577.590087890625,0.42897942522682103
2020-11-24,3635.409912109375,0.43868722060639126
2020-11-25,3629.64990234375,0.437720130219235
2020-11-27,3638.35009765625,0.43918086997410716
2020-11-30,3621.6298828125,0.43637359017693095
2020-12-01,3662.449951171875,0.44322717156302543
2020-12-02,3669.010009765625,0.44432858802989644
2020-12-03,3666.719970703125,0.4439440965353207
2020-12-04,3699.1201171875,0.44938399533453594
2020-12-07,3691.9599609375,0.4481818240602377
2020-12-08,3702.25,0.44990949437083233
2020-12-09,3672.820068359375,0.44496828677876094
2020-12-10,3668.10009765625,0.44417581619617746
2020-12-11,3663.4599609375,0.4433967495281704
2020-12-14,3647.489990234375,0.4407154337355604
2020-12-15,3694.6201171875,0.4486284572505253
2020-12-16,3701.169921875,0.44972815211368916
2020-12-17,3722.47998046875,0.45330605452259504
2020-12-18,3709.409912109375,0.45111162465456606
2020-12-21,3694.919921875,0.4486787936636744
2020-12-22,3687.260009765625,0.44739271470393954
2020-12-23,3690.010009765625,0.44785443242194606
2020-12-24,3703.06005859375,0.45004550106368973
2020-12-28,3735.360107421875,0.455468593731479
2020-12-29,3727.0400390625,0.45407167628546125
2020-12-30,3732.0400390625,0.45491116304547313
2020-12-31,3756.070068359375,0.45894574133295757
2021-01-04,3700.64990234375,0.4496408422114028
2021-01-05,3726.860107421875,0.4540414662394589
2021-01-06,3748.139892578125,0.45761428581837243
2021-01-07,3803.7900390625,0.46695779805164267
2021-01-08,3824.679931640625,0.47046515569912367
2021-01-11,3799.610107421875,0.46625599859763084
2021-01-12,3801.18994140625,0.46652124854021065
2021-01-13,3809.840087890625,0.46797358522936977
2021-01-14,3795.5400390625,0.4655726448976231
2021-01-15,3768.25,0.4609907196029884
2021-01-19,3798.909912109375,0.46613843765877755
2021-01-20,3851.85009765625,0.47502695462661165
2021-01-21,3853.070068359375,0.4752317844771868
2021-01-22,3841.469970703125,0.4732841587977336
2021-01-25,3855.360107421875,0.47561627597176254
2021-01-26,3849.6201171875,0.4746525468108916
2021-01-27,3750.77001953125,0.4580558771692322
2021-01-28,3787.3798828125,0.4642025762713226
2021-01-29,3714.239990234375,0.45192258198171814
2021-02-01,3773.860107421875,0.4619326417835699
2021-02-02,3826.31005859375,0.470738849697981
2021-02-03,3830.169921875,0.47138691052199405
2021-02-04,3871.739990234375,0.47836641492209026
2021-02-05,3886.830078125,0.4809000007204091
2021-02-08,3915.590087890625,0.4857287302036197
2021-02-09,3911.22998046875,0.484996679713041
2021-02-10,3909.8798828125,0.48477000189161207
2021-02-11,3916.3798828125,0.4858613346796274
2021-02-12,3934.830078125,0.4889590736165225
2021-02-16,3932.590087890625,0.4885829851876599
2021-02-17,3931.330078125,0.4883714328845143
2021-02-18,3913.969970703125,0.485456716817905
2021-02-19,3906.7099609375,0.4842377804027452
2021-02-22,3876.5,0.4791656079572441
2021-02-23,3881.3701171875,0.4799832877369666
2021-02-24,3925.429931640625,0.4873808139133617
2021-02-25,3829.340087890625,0.47124758359341584
2021-02-26,3811.14990234375,0.46819349960766393
2021-03-01,3901.820068359375,0.483416780387302
2021-03-02,3870.2900390625,0.47812297195979975
2021-03-03,3819.719970703125,0.46963239139168217
2021-03-04,3768.469970703125,0.4610276521015611
2021-03-05,3841.93994140625,0.473363065634307
2021-03-08,3821.35009765625,0.46990608539053963
2021-03-09,3875.43994140625,0.47898762692638613
2021-03-10,3898.81005859375,0.4829114077181523
2021-03-11,3939.340087890625,0.4897162923136758
2021-03-12,3943.340087890625,0.4903878817216853
2021-03-15,3968.93994140625,0.4946860293386071
2021-03-16,3962.7099609375,0.49364003211487756
2021-03-17,3974.1201171875,0.49555576713518573
2021-03-18,3915.4599609375,0.48570688223276587
2021-03-19,3913.10009765625,0.4853106674367564
2021-03-22,3940.590087890625,0.4899261640036788
2021-03-23,3910.52001953125,0.48487747915160967
2021-03-24,3889.139892578125,0.4812878124507057
2021-03-25,3909.52001953125,0.48470958179960727
2021-03-26,3974.5400390625,0.4956262709060461
2021-03-29,3971.090087890625,0.4950470332397508
2021-03-30,3958.550048828125,0.4929415938871509
2021-03-31,3972.889892578125,0.49534921568090357
2021-04-01,4019.8701171875,0.5032370709892939
2021-04-05,4077.909912109375,0.5129817988674368
2021-04-06,4073.93994140625,0.5123152512988551
2021-04-07,4079.949951171875,0.513324316024012
2021-04-08,4097.169921875,0.5162155035066249
2021-04-09,4128.7998046875,0.5215260770749888
2021-04-12,4127.990234375,0.5213901523632603
2021-04-13,4141.58984375,0.5236734907655893
2021-04-14,4124.66015625,0.5208310410641117
2021-04-15,4170.419921875,0.528513984540798
2021-04-16,4185.47021484375,0.531040888877111
2021-04-19,4163.259765625,0.5273118132664998
2021-04-20,4134.93994140625,0.5225569897709994
2021-04-21,4173.419921875,0.5290176765968051
2021-04-22,4134.97998046875,0.5225637122235698
2021-04-23,4180.169921875,0.5301509837228211
2021-04-26,4187.6201171875,0.5314018517876902
2021-04-27,4186.72021484375,0.531250760567114
2021-04-28,4183.18017578125,0.5306563973825351
2021-04-29,4211.47021484375,0.5354062200291723
2021-04-30,4181.169921875,0.5303188810748234
2021-05-03,4192.66015625,0.5322480610002724
2021-05-04,4164.66015625,0.5275469351442064
2021-05-05,4167.58984375,0.5280388219176506
2021-05-06,4201.6201171875,0.5337524147157233
2021-05-07,4232.60009765625,0.5389538714015114
2021-05-10,4188.43017578125,0.5315378584805477
2021-05-11,4152.10009765625,0.5254381345653212
2021-05-12,4063.0400390625,0.5104851865582551
2021-05-13,4112.5,0.5187893830298018
2021-05-14,4173.85009765625,0.5290899019713726
2021-05-17,4163.2900390625,0.527316896096492
2021-05-18,4127.830078125,0.5213632625529787
2021-05-19,4115.68017578125,0.5193233261223758
2021-05-20,4159.1201171875,0.526616777255623
2021-05-21,4155.85986328125,0.526069389257908
2021-05-24,4197.0498046875,0.53298507134915
2021-05-25,4188.1298828125,0.5314874400862695
2021-05-26,4195.990234375,0.532807172299421
2021-05-27,4200.8798828125,0.5336281313242996
2021-05-28,4204.10986328125,0.5341704364920221
2021-06-01,4202.0400390625,0.5338229184865837
2021-06-02,4208.1201171875,0.5348437475037386
2021-06-03,4192.85009765625,0.5322799516594174
2021-06-04,4229.89013671875,0.5384988761360752
2021-06-07,4226.52001953125,0.5379330423843562
2021-06-08,4227.259765625,0.5380572437946511
2021-06-09,4219.5498046875,0.5367627617692032
2021-06-10,4239.18017578125,0.5400586490946675
2021-06-11,4247.43994140625,0.5414454418712651
2021-06-14,4255.14990234375,0.542739923896713
2021-06-15,4246.58984375,0.5413027127258374
2021-06-16,4223.7001953125,0.537459601364916
2021-06-17,4221.85986328125,0.5371506144900642
2021-06-18,4166.4501953125,0.5278474779627809
2021-06-21,4224.7900390625,0.5376425832446374
2021-06-22,4246.43994140625,0.5412775445192628
2021-06-23,4241.83984375,0.5405052003038262
2021-06-24,4266.490234375,0.5446439356155874
2021-06-25,4280.7001953125,0.5470297504290509
2021-06-28,4290.60986328125,0.5486935574402265
2021-06-29,4291.7998046875,0.5488933454513738
2021-06-30,4297.5,0.549850393150239
2021-07-01,4319.93994140625,0.5536179998914366
2021-07-02,4352.33984375,0.5590578577000873
2021-07-06,4343.5400390625,0.557580393794918
2021-07-07,4358.1298828125,0.5600299899266712
2021-07-08,4320.81982421875,0.5537657298857277
2021-07-09,4369.5498046875,0.5619473645695576
2021-07-12,4384.6298828125,0.5644792697547338
2021-07-13,4369.2099609375,0.561890305703838
2021-07-14,4374.2998046875,0.5627448769915688
2021-07-15,4360.02978515625,0.5603489784992499
2021-07-16,4327.16015625,0.5548302548445903
2021-07-19,4258.490234375,0.5433007567995687
2021-07-20,4323.06005859375,0.5541418593051548
2021-07-21,4358.68994140625,0.560124022281528
2021-07-22,4367.47998046875,0.5615998465641192
2021-07-23,4411.7900390625,0.5690393880690794
2021-07-26,4422.2998046875,0.5708039498876822
2021-07-27,4401.4599609375,0.5673049953059142
2021-07-28,4400.64013671875,0.5671673489904787
2021-07-29,4419.14990234375,0.5702750896251005
2021-07-30,4395.259765625,0.5662639989310481
2021-08-02,4387.16015625,0.564904095964732
2021-08-03,4423.14990234375,0.5709466790331101
2021-08-04,4402.66015625,0.5675065049207686
2021-08-05,4429.10009765625,0.5719457010699756
2021-08-06,4436.52001953125,0.5731914863048526
2021-08-09,4432.35009765625,0.5724913674639833
2021-08-10,4436.75,0.573230099416568
2021-08-11,4442.41015625,0.5741804246628626
2021-08-12,4460.830078125,0.5772730807697655
2021-08-13,4468.0,0.5784768916666418
2021-08-16,4479.7099609375,0.5804429631000991
2021-08-17,4448.080078125,0.5751323895317353
2021-08-18,4400.27001953125,0.5671052072947669
2021-08-19,4405.7998046875,0.5680336435796434
2021-08-20,4441.669921875,0.5740561412714389
2021-08-23,4479.52978515625,0.5804127120635323
2021-08-24,4486.22998046875,0.5815376571143998
2021-08-25,4496.18994140625,0.5832099081818529
2021-08-26,4470.0,0.5788126863706464
2021-08-27,4509.3701171875,0.5854228247944504
2021-08-30,4528.7900390625,0.5886833782533558
2021-08-31,4522.68017578125,0.5876575483873374
2021-09-01,4524.08984375,0.5878942279064931
2021-09-02,4536.9501953125,0.5900534468796563
2021-09-03,4535.43017578125,0.5897982396253676
2021-09-07,4520.02978515625,0.5872125548196281
2021-09-08,4514.06982421875,0.5862118931601843
2021-09-09,4493.27978515625,0.5827213006535648
2021-09-10,4458.580078125,0.5768953117277602
2021-09-13,4468.72998046875,0.5785994534543584
2021-09-14,4443.0498046875,0.5742878199417312
2021-09-15,4480.7001953125,0.5806092208295233
2021-09-16,4473.75,0.5794423014406553
2021-09-17,4432.990234375,0.5725988447239809
2021-09-20,4357.72998046875,0.5599628473820961
2021-09-21,4354.18994140625,0.5593684841975175
2021-09-22,4395.64013671875,0.5663278622304668
2021-09-23,4448.97998046875,0.5752834807523117
2021-09-24,4455.47998046875,0.576374813540327
2021-09-27,4443.10986328125,0.5742979036205869
2021-09-28,4352.6298828125,0.5591065544906582
2021-09-29,4359.4599609375,0.5602533065218149
2021-09-30,4307.5400390625,0.5515360891228329
2021-10-01,4357.0400390625,0.55984700804695
2021-10-04,4300.4599609375,0.5503473627536757
2021-10-05,4345.72021484375,0.5579464395354896
2021-10-06,4363.5498046875,0.5609399804575435
2021-10-07,4399.759765625,0.5670195370150586
2021-10-08,4391.33984375,0.5656058544281795
2021-10-11,4361.18994140625,0.560543765661534
2021-10-12,4350.64990234375,0.5587741210129387
2021-10-13,4363.7998046875,0.5609819547955439
2021-10-14,4438.259765625,0.5734835850671496
2021-10-15,4471.3701171875,0.5790427254183608
2021-10-18,4486.4599609375,0.5815762702261151
2021-10-19,4519.6298828125,0.5871454122750528
2021-10-20,4536.18994140625,0.5899258022619474
2021-10-21,4549.77978515625,0.5922075010416983
2021-10-22,4544.89990234375,0.5913881816393978
2021-10-25,4566.47998046875,0.5950114196125893
2021-10-26,4574.7900390625,0.5964066564454644
2021-10-27,4551.68017578125,0.592526571595406
2021-10-28,4596.419921875,0.6000382564938047
2021-10-29,4605.3798828125,0.6015426102092554
2021-11-01,4613.669921875,0.6029344858158454
2021-11-02,4630.64990234375,0.6057853795736003
2021-11-03,4660.56982421875,0.6108088552285305
2021-11-04,4680.06005859375,0.6140812139699983
2021-11-05,4697.52978515625,0.6170143348000474
2021-11-08,4701.7001953125,0.6177145356220455
2021-11-09,4685.25,0.6149525913891551
2021-11-10,4646.7099609375,0.6084818208844938
2021-11-11,4649.27001953125,0.6089116479433552
2021-11-12,4682.85009765625,0.6145496541405753
2021-11-15,4682.7998046875,0.6145412100842977
2021-11-16,4700.89990234375,0.6175801685517663
2021-11-17,4688.669921875,0.6155267872160226
2021-11-18,4704.5400390625,0.618191337867771
2021-11-19,4697.9599609375,0.6170865601746149
2021-11-22,4682.93994140625,0.6145647386682942
2021-11-23,4690.7001953125,0.6158676647500196
2021-11-24,4701.4599609375,0.6176742009066232
2021-11-26,4594.6201171875,0.5997360740526518
2021-11-29,4655.27001953125,0.6099190320553693
2021-11-30,4567.0,0.5950987295148757
2021-12-01,4513.0400390625,0.5860389949593185
2021-12-02,4577.10009765625,0.5967945091663254
2021-12-03,4538.43017578125,0.5903019316813747
2021-12-06,4591.669921875,0.5992407440717933
2021-12-07,4686.75,0.6152044374171586
2021-12-08,4701.2099609375,0.6176322265686225
2021-12-09,4667.4501953125,0.6119640513159645
2021-12-10,4712.02001953125,0.6194472067815036
2021-12-13,4668.97021484375,0.6122192585702535
2021-12-14,4634.08984375,0.6063629366267531
2021-12-15,4709.85009765625,0.6190828826446391
2021-12-16,4668.669921875,0.6121688401759753
2021-12-17,4620.64013671875,0.6041047664309986
2021-12-20,4568.02001953125,0.5952699880931633
2021-12-21,4649.22998046875,0.6089049254907848
2021-12-22,4696.56005859375,0.6168515202780374
2021-12-23,4725.7900390625,0.6217591565978213
2021-12-27,4791.18994140625,0.63273962702255
2021-12-28,4786.35009765625,0.6319270300728199
2021-12-29,4793.06005859375,0.6330536147462653
2021-12-30,4778.72998046875,0.6306476325750909
2021-12-31,4766.18017578125,0.6285405535999127
2022-01-03,4796.56005859375,0.6336412554782735
2022-01-04,4793.5400390625,0.6331342021959814
2022-01-05,4700.580078125,0.617526470912332
2022-01-06,4696.0498046875,0.6167658499983291
2022-01-07,4677.02978515625,0.6135724390839989
2022-01-10,4670.2900390625,0.6124408535616901
2022-01-11,4713.06982421875,0.6196234662086544
2022-01-12,4726.35009765625,0.6218531889526779
2022-01-13,4659.02978515625,0.6105502867479564
2022-01-14,4662.85009765625,0.611191707100528
2022-01-18,4577.10986328125,0.5967961487889035
2022-01-19,4532.759765625,0.589349884831373
2022-01-20,4482.72998046875,0.5809500163823915
2022-01-21,4397.93994140625,0.5667139933476208
2022-01-24,4410.1298828125,0.5687606522307942
2022-01-25,4356.4501953125,0.5597479748432297
2022-01-26,4349.93017578125,0.5586532808289293
2022-01-27,4326.509765625,0.5547210559808855
2022-01-28,4431.85009765625,0.5724074187879822
2022-01-31,4515.5498046875,0.5864603779619026
2022-02-01,4546.5400390625,0.5916635562513977
2022-02-02,4589.3798828125,0.5988562525772176
2022-02-03,4477.43994140625,0.5800618328318086
2022-02-04,4500.52978515625,0.5839385564555819
2022-02-07,4483.8701171875,0.5811414423183903
2022-02-08,4521.5400390625,0.5874661224513387
2022-02-09,4587.18017578125,0.5984869275914899
2022-02-10,4504.080078125,0.5845346412438677
2022-02-11,4418.64013671875,0.5701895013265212
2022-02-14,4401.669921875,0.5673402471913445
2022-02-15,4471.06982421875,0.5789923070240826
2022-02-16,4475.009765625,0.5796538127532365
2022-02-17,4380.259765625,0.5637455386510126
2022-02-18,4348.8701171875,0.5584752997980713
2022-02-22,4304.759765625,0.5510692885748343
2022-02-23,4225.5,0.5377617838060689
2022-02-24,4288.7001953125,0.5483729292450696
2022-02-25,4384.64990234375,0.5644826309810191
2022-02-28,4373.93994140625,0.5626844568995641
2022-03-01,4306.259765625,0.5513211346028377
2022-03-02,4386.5400390625,0.5647999799310197
2022-03-03,4363.490234375,0.5609299787598168
2022-03-04,4328.8701171875,0.555117352758024
2022-03-07,4201.08984375,0.53366338320973
2022-03-08,4170.7001953125,0.5285610417087909
2022-03-09,4277.8798828125,0.5465562274284816
2022-03-10,4259.52001953125,0.5434736550004344
2022-03-11,4204.31005859375,0.5342040487548743
2022-03-14,4173.10986328125,0.528965618579949
2022-03-15,4262.4501953125,0.5439656237550077
2022-03-16,4357.85986328125,0.5599846543623854
2022-03-17,4411.669921875,0.569019220711368
2022-03-18,4463.1201171875,0.5776575722643411
2022-03-21,4461.18017578125,0.577331861239192
2022-03-22,4511.60986328125,0.5857988722327487
2022-03-23,4456.240234375,0.5765024581580358
2022-03-24,4520.16015625,0.5872344437810464
2022-03-25,4543.06005859375,0.5910792767456747
2022-03-28,4575.52001953125,0.596529218233181
2022-03-29,4631.60009765625,0.6059449148504541
2022-03-30,4602.4501953125,0.6010507234358111
2022-03-31,4530.41015625,0.5889553916390706
2022-04-01,4545.85986328125,0.5915493565388297
2022-04-04,4582.64013671875,0.5977246670549088
2022-04-05,4525.1201171875,0.5880672080884877
2022-04-06,4481.14990234375,0.5806847254492471
2022-04-07,4500.2099609375,0.5838848588161476
2022-04-08,4488.27978515625,0.5818818138935531
2022-04-11,4412.52978515625,0.5691635894793741
2022-04-12,4397.4501953125,0.5666317662753266
2022-04-13,4446.58984375,0.57488218312631
2022-04-14,4392.58984375,0.5658157261181824
2022-04-18,4391.68994140625,0.565664634897606
2022-04-19,4462.2099609375,0.5775047594400577
2022-04-20,4459.4501953125,0.5770414020994732
2022-04-21,4393.66015625,0.5659954287527473
2022-04-22,4271.77978515625,0.5455320371850414
2022-04-25,4296.1201171875,0.5496187144799465
2022-04-26,4175.2001953125,0.5293165797928014
2022-04-27,4183.9599609375,0.5307873212454004
2022-04-28,4287.5,0.5481714196302152
2022-04-29,4131.93017578125,0.5220516580924142
2022-05-02,4155.3798828125,0.5259888018081922
2022-05-03,4175.47998046875,0.5293635549796654
2022-05-04,4300.169921875,0.5502986659631046
2022-05-05,4146.8701171875,0.5245600346935939
2022-05-06,4123.33984375,0.5206093640915461
2022-05-09,3991.239990234375,0.4984301484863726
2022-05-10,4001.050048828125,0.5000772313472512
2022-05-11,3935.179931640625,0.4890178130953848
2022-05-12,3930.080078125,0.4881615611945113
2022-05-13,4023.889892578125,0.5039119806330241
2022-05-16,4008.010009765625,0.5012457903586975
2022-05-17,4088.85009765625,0.5148186270511717
2022-05-18,3923.679931640625,0.48708699354735757
2022-05-19,3900.7900390625,0.48324384119587177
2022-05-20,3901.360107421875,0.48333955416387125
2022-05-23,3973.75,0.4954936254394739
2022-05-24,3941.47998046875,0.49007557461111245
2022-05-25,3978.72998046875,0.4963297509732005
2022-05-26,4057.840087890625,0.5096121285259558
2022-05-27,4158.240234375,0.5264690472613318
2022-05-31,4132.14990234375,0.5220885496004224
2022-06-01,4101.22998046875,0.51689717659349
2022-06-02,4176.81982421875,0.5295885111973873
2022-06-03,4108.5400390625,0.5181245160743628
2022-06-06,4121.43017578125,0.5202887358963892
2022-06-07,4160.68017578125,0.5268787069624821
2022-06-08,4115.77001953125,0.5193384106500947
2022-06-09,4017.820068359375,0.5028928732195761
2022-06-10,3900.860107421875,0.48325560548787
2022-06-13,3749.6298828125,0.45786445123323344
2022-06-14,3735.47998046875,0.4554887200986258
2022-06-15,3789.989990234375,0.46464080639589717
2022-06-16,3666.77001953125,0.4439524996010337
2022-06-17,3674.840087890625,0.4453074427090508
2022-06-21,3764.7900390625,0.4604098013235504
2022-06-22,3759.889892578125,0.4595870797044002
2022-06-23,3795.72998046875,0.4656045355567681
2022-06-24,3911.739990234375,0.4850823090021848
2022-06-27,3900.110107421875,0.4831296824738683
2022-06-28,3821.550048828125,0.46993965666282717
2022-06-29,3818.830078125,0.4694829807842485
2022-06-30,3785.3798828125,0.4638667815673179
2022-07-01,3825.330078125,0.4705743135722638
2022-07-05,3831.389892578125,0.4715917403725692
2022-07-06,3845.080078125,0.47389028627431046
2022-07-07,3902.6201171875,0.48355110646701677
2022-07-08,3899.3798828125,0.48300707969558726
2022-07-11,3854.429931640625,0.47546010192119387
2022-07-12,3818.800048828125,0.46947793894482065
2022-07-13,3801.780029296875,0.46662032273449533
2022-07-14,3790.3798828125,0.4647062683273297
2022-07-15,3863.159912109375,0.47692584252492937
2022-07-18,3830.85009765625,0.47150111023456204
2022-07-19,3936.68994140625,0.48927133973653086
2022-07-20,3959.89990234375,0.49316823071801535
2022-07-21,3998.949951171875,0.49972463051182053
2022-07-22,3961.6298828125,0.4934586898577344
2022-07-25,3966.840087890625,0.49433346949374074
2022-07-26,3921.050048828125,0.4866454431870623
2022-07-27,4023.610107421875,0.5038650054461602
2022-07-28,4072.429931640625,0.512061724657709
2022-07-29,4130.2900390625,0.521776283480414
2022-08-01,4118.6298828125,0.5198185741221053
2022-08-02,4091.18994140625,0.5152114806208961
2022-08-03,4155.169921875,0.5259535499227619
2022-08-04,4151.93994140625,0.5254112447550394
2022-08-05,4145.18994140625,0.5242779376290236
2022-08-08,4140.06005859375,0.5234166438887224
2022-08-09,4122.47021484375,0.5204633557009621
2022-08-10,4210.240234375,0.5351997095654546
2022-08-11,4207.27001953125,0.534701018358311
2022-08-12,4280.14990234375,0.5469373576967722
2022-08-15,4297.14013671875,0.5497899730582341
2022-08-16,4305.2001953125,0.5511432355531087
2022-08-17,4274.0400390625,0.5459115278307538
2022-08-18,4283.740234375,0.5475401649376284
2022-08-19,4228.47998046875,0.5382621146357907
2022-08-22,4137.990234375,0.5230691258832838
2022-08-23,4128.72998046875,0.5215143537735549
2022-08-24,4140.77001953125,0.5235358444501537
2022-08-25,4199.1201171875,0.5333326713357174
2022-08-26,4057.659912109375,0.509581877489389
2022-08-29,4030.610107421875,0.5050402869101767
2022-08-30,3986.159912109375,0.4975772168212201
2022-08-31,3955.0,0.49234555008942965
2022-09-01,3966.85009765625,0.4943351501068834
2022-09-02,3924.260009765625,0.4871843871284996
2022-09-06,3908.18994140625,0.48448626520446353
2022-09-07,3979.8701171875,0.49652117690919934
2022-09-08,4006.179931640625,0.5009385250875524
2022-09-09,4067.360107421875,0.5112105145962635
2022-09-12,4110.41015625,0.5184385037980781
2022-09-13,3932.68994140625,0.4885997503285214
2022-09-14,3946.010009765625,0.49083615453455093
2022-09-15,3901.35009765625,0.4833378735507286
2022-09-16,3873.330078125,0.4786333864683772
2022-09-19,3899.889892578125,0.48309270898473106
2022-09-20,3855.929931640625,0.4757119479491974
2022-09-21,3789.929931640625,0.4646307227170415
2022-09-22,3757.989990234375,0.4592680911318215
2022-09-23,3693.22998046875,0.4483950569765259
2022-09-26,3655.0400390625,0.44198306694129114
2022-09-27,3647.2900390625,0.44068186246327284
2022-09-28,3719.0400390625,0.4527284974694424
2022-09-29,3640.469970703125,0.4395367910452586
2022-09-30,3585.6201171875,0.43032764588226774
2022-10-03,3678.429931640625,0.4459101679687781
2022-10-04,3790.929931640625,0.4647986200690439
2022-10-05,3783.280029296875,0.46351422172245155
2022-10-06,3744.52001953125,0.45700651871921744
2022-10-07,3639.659912109375,0.4394007843524013
2022-10-10,3612.389892578125,0.43482222028405165
2022-10-11,3588.840087890625,0.43086827043684756
2022-10-12,3577.030029296875,0.4288853928719642
2022-10-13,3669.909912109375,0.44447967925047277
2022-10-14,3583.070068359375,0.42989949943654876
2022-10-17,3677.949951171875,0.445829580519062
2022-10-18,3719.97998046875,0.4528863111425891
2022-10-19,3695.159912109375,0.44871908738853244
2022-10-20,3665.780029296875,0.443786282862174
2022-10-21,3752.75,0.4583883106469517
2022-10-24,3797.340087890625,0.4658748683293403
2022-10-25,3859.110107421875,0.47624589104177134
2022-10-26,3830.60009765625,0.47145913589656147
2022-10-27,3807.300048828125,0.46754711939679344
2022-10-28,3901.06005859375,0.48328917676015765
2022-10-31,3871.97998046875,0.4784067086469483
2022-11-01,3856.10009765625,0.4757405183726217
2022-11-02,3759.68994140625,0.4595535084321127
2022-11-03,3719.889892578125,0.45287118562430567
2022-11-04,3770.550048828125,0.46137689171070667
2022-11-07,3806.800048828125,0.4674631707207923
2022-11-08,3828.110107421875,0.4710410731296982
2022-11-09,3748.570068359375,0.45768651119293985
2022-11-10,3956.3701171875,0.4925755891371438
2022-11-11,3992.929931640625,0.49871388517352117
2022-11-14,3957.25,0.4927233191314349
2022-11-15,3991.72998046875,0.49851241654923123
2022-11-16,3958.7900390625,0.49298188761200884
2022-11-17,3946.56005859375,0.4909285062762651
2022-11-18,3965.340087890625,0.4940816234657372
2022-11-21,3949.93994140625,0.4914959796505622
2022-11-22,4003.580078125,0.5005020165666849
2022-11-23,4027.260009765625,0.504477814384743
2022-11-25,4026.1201171875,0.5042864294393086
2022-11-28,3963.93994140625,0.4938465425785952
2022-11-29,3957.6298828125,0.4927871004497249
2022-11-30,4080.110107421875,0.5133512058342935
2022-12-01,4076.570068359375,0.5127568426497149
2022-12-02,4071.699951171875,0.5119391628699925
2022-12-05,3998.840087890625,0.4997061847578164
2022-12-06,3941.260009765625,0.4900386421125397
2022-12-07,3933.919921875,0.48880626079223916
2022-12-08,3963.510009765625,0.4937743581945923
2022-12-09,3934.3798828125,0.4888834870156699
2022-12-12,3990.56005859375,0.49831598976436914
2022-12-13,4019.64990234375,0.5032000975001565
2022-12-14,3995.320068359375,0.4991151827995229
2022-12-15,3895.75,0.4823976319832896
2022-12-16,3852.360107421875,0.47511258391575545
2022-12-19,3817.659912109375,0.4692865130088219
2022-12-20,3821.6201171875,0.4699514209548254
2022-12-21,3878.43994140625,0.4794913189823932
2022-12-22,3822.389892578125,0.4700806642045479
2022-12-23,3844.820068359375,0.47384663132316734
2022-12-27,3829.25,0.4712324580751324
2022-12-28,3783.219970703125,0.46350413804359597
2022-12-29,3849.280029296875,0.4745954469546075
2022-12-30,3839.5,0.47295340593315666
2023-01-03,3824.139892578125,0.47037448457055203
2023-01-04,3852.969970703125,0.4752149783457608
2023-01-05,3808.10009765625,0.4676814454765083
2023-01-06,3895.080078125,0.48228515387442866
2023-01-09,3892.090087890625,0.4817831424315641
2023-01-10,3919.25,0.48634321975534517
2023-01-11,3969.610107421875,0.49479854843803245
2023-01-12,3983.169921875,0.49707520537835553
2023-01-13,3999.090087890625,0.499748159095817
2023-01-17,3990.969970703125,0.49838481292208686
2023-01-18,3928.860107421875,0.4879567313439362
2023-01-19,3898.85009765625,0.48291813017072266
2023-01-20,3972.610107421875,0.49530224049403954
2023-01-23,4019.81005859375,0.5032269873104382
2023-01-24,4016.949951171875,0.5027467828478631
2023-01-25,4016.219970703125,0.5026242210601466
2023-01-26,4060.429931640625,0.5100469564336807
2023-01-27,4070.56005859375,0.5117477779245581
2023-01-30,4017.77001953125,0.5028844701538631
2023-01-31,4076.60009765625,0.5127618844891426
2023-02-01,4119.2099609375,0.5199159677032472
2023-02-02,4179.759765625,0.5300821195745389
2023-02-03,4136.47998046875,0.5228155582515732
2023-02-06,4111.080078125,0.5185509819069389
2023-02-07,4164.0,0.5274360966579235
2023-02-08,4117.85986328125,0.5196892898818184
2023-02-09,4081.5,0.5135845651177284
2023-02-10,4090.4599609375,0.5150889188331793
2023-02-13,4137.2900390625,0.5229515649444307
2023-02-14,4136.1298828125,0.5227567777821467
2023-02-15,4147.60009765625,0.5246825964813104
2023-02-16,4090.409912109375,0.5150805157674663
2023-02-17,4079.090087890625,0.5131799472560061
2023-02-21,3997.340087890625,0.4994543387298129
2023-02-22,3991.050048828125,0.49839825782722763
2023-02-23,4012.320068359375,0.5019694377835631
2023-02-24,3970.0400390625,0.4948707328220355
2023-02-27,3982.239990234375,0.49691907231835136
2023-02-28,3970.14990234375,0.4948891785760396
2023-03-01,3951.389892578125,0.4917394226128527
2023-03-02,3981.35009765625,0.4967696617109177
2023-03-03,4045.639892578125,0.5075637480390753
2023-03-06,4048.419921875,0.5080305075965097
2023-03-07,3986.3701171875,0.49761250969721466
2023-03-08,3992.010009765625,0.49855943272665965
2023-03-09,3918.320068359375,0.486187086695341
2023-03-10,3861.590087890625,0.4766622731954921
2023-03-13,3855.760009765625,0.4756834185163377
2023-03-14,3919.2900390625,0.48634994220791555
2023-03-15,3891.929931640625,0.4817562526212826
2023-03-16,3960.280029296875,0.49323205302686984
2023-03-17,3916.639892578125,0.4859049896307706
2023-03-20,3951.570068359375,0.49176967364941954
2023-03-21,4002.8701171875,0.5003828160052537
2023-03-22,3936.969970703125,0.4893183559139593
2023-03-23,3948.719970703125,0.49129114979998706
2023-03-24,3970.989990234375,0.49503022710832484
2023-03-27,3977.530029296875,0.49612828234891054
2023-03-28,3971.27001953125,0.49507724328575325
2023-03-29,4027.81005859375,0.5045701661264572
2023-03-30,4050.830078125,0.5084351664487967
2023-03-31,4109.31005859375,0.5182538003146497
2023-04-03,4124.509765625,0.5208057908764083
2023-04-04,4100.60009765625,0.5167914209371995
2023-04-05,4090.3798828125,0.5150754739280385
2023-04-06,4105.02001953125,0.5175335141160693
2023-04-10,4109.10986328125,0.5182201880517976
2023-04-11,4108.93994140625,0.5181916586189379
2023-04-12,4091.949951171875,0.5153390842480403
2023-04-13,4146.22021484375,0.5244509178110182
2023-04-14,4137.64013671875,0.5230103454138573
2023-04-17,4151.31982421875,0.5253071287213271
2023-04-18,4154.8701171875,0.5259032135096129
2023-04-19,4154.52001953125,0.5258444330401861
2023-04-20,4129.7900390625,0.5216923348044129
2023-04-21,4133.52001953125,0.5223185886481365
2023-04-24,4137.0400390625,0.52290959060643
2023-04-25,4071.6298828125,0.5119273985779942
2023-04-26,4055.989990234375,0.5093015020285256
2023-04-27,4135.35009765625,0.5226258539192816
2023-04-28,4169.47998046875,0.5283561708676512
2023-05-01,4167.8701171875,0.5280858790856435
2023-05-02,4119.580078125,0.519978109398959
2023-05-03,4090.75,0.5151376156237504
2023-05-04,4061.219970703125,0.5101796019002529
2023-05-05,4136.25,0.5227769451398578
2023-05-08,4138.1201171875,0.5230909328635733
2023-05-09,4119.169921875,0.5199092452506768
2023-05-10,4137.64013671875,0.5230103454138573
2023-05-11,4130.6201171875,0.5218317027235555
2023-05-12,4124.080078125,0.5207336474829698
2023-05-15,4136.27978515625,0.5227819459887213
2023-05-16,4109.89990234375,0.5183528335183698
2023-05-17,4158.77001953125,0.5265579967861962
2023-05-18,4198.0498046875,0.5331529687011523
2023-05-19,4191.97998046875,0.5321338612877045
2023-05-22,4192.6298828125,0.5322429781702802
2023-05-23,4145.580078125,0.5243434405510206
2023-05-24,4115.240234375,0.5192494611252301
2023-05-25,4151.27978515625,0.5253004062687567
2023-05-26,4205.4501953125,0.534395474690873
2023-05-30,4205.52001953125,0.5344071979923066
2023-05-31,4179.830078125,0.5300939248571015
2023-06-01,4221.02001953125,0.5370096069483434
2023-06-02,4282.3701171875,0.547310125889914
2023-06-05,4273.7900390625,0.5458695534927531
2023-06-06,4283.85009765625,0.5475586106916324
2023-06-07,4267.52001953125,0.5448168338164532
2023-06-08,4293.93017578125,0.5492510291167969
2023-06-09,4298.85986328125,0.550078710594246
2023-06-12,4338.93017578125,0.5568064099569032
2023-06-13,4369.009765625,0.5618566934409861
2023-06-14,4372.58984375,0.5624577790781351
2023-06-15,4425.83984375,0.5713983130722609
2023-06-16,4409.58984375,0.5686699811022224
2023-06-20,4388.7099609375,0.5651643040678842
2023-06-21,4365.68994140625,0.5612993037455445
2023-06-22,4381.89013671875,0.5640192736404344
2023-06-23,4348.330078125,0.5583846286694996
2023-06-26,4328.81982421875,0.5551089087017465
2023-06-27,4378.41015625,0.5634349941347114
2023-06-28,4376.85986328125,0.5631747040504302
2023-06-29,4396.43994140625,0.5664621473196172
2023-06-30,4450.3798828125,0.5755185206488893
2023-07-03,4455.58984375,0.5763932592943313
2023-07-05,4446.81982421875,0.5749207962380254
2023-07-06,4411.58984375,0.5690057758062272
2023-07-07,4398.9501953125,0.5668836123033303
2023-07-10,4409.52978515625,0.568659897423367
2023-07-11,4439.259765625,0.5736514824191521
2023-07-12,4472.16015625,0.579175370884933
2023-07-13,4510.0400390625,0.5855353029033115
2023-07-14,4505.419921875,0.5847595974615896
2023-07-17,4522.7900390625,0.5876759941413416
2023-07-18,4554.97998046875,0.5930806000645621
2023-07-19,4565.72021484375,0.5948838569760093
2023-07-20,4534.8701171875,0.5897042072705108
2023-07-21,4536.33984375,0.589950970468522
2023-07-24,4554.64013671875,0.5930235411988427
2023-07-25,4567.4599609375,0.5951759557383065
2023-07-26,4566.75,0.5950567551768751
2023-07-27,4537.41015625,0.5901306731030871
2023-07-28,4582.22998046875,0.5976558029066266
2023-07-31,4588.9599609375,0.5987857488063573
2023-08-01,4576.72998046875,0.5967323674706135
2023-08-02,4513.39013671875,0.5860977754287451
2023-08-03,4501.89013671875,0.5841669558807179
2023-08-04,4478.02978515625,0.5801608660355289
2023-08-07,4518.43994140625,0.5869456242639055
2023-08-08,4499.3798828125,0.583745490897005
2023-08-09,4467.7099609375,0.5784281948760708
2023-08-10,4468.830078125,0.5786162595857844
2023-08-11,4464.0498046875,0.577813664333781
2023-08-14,4489.72021484375,0.5821236582238298
2023-08-15,4437.85986328125,0.5734164425225745
2023-08-16,4404.330078125,0.5677868803816319
2023-08-17,4370.35986328125,0.5620833712624149
2023-08-18,4369.7099609375,0.5619742543798392
2023-08-21,4399.77001953125,0.5670212586187657
2023-08-22,4387.5498046875,0.5649695169056002
2023-08-23,4436.009765625,0.5731058160251443
2023-08-24,4376.31005859375,0.5630823932992806
2023-08-25,4405.7099609375,0.5680185590519242
2023-08-28,4433.31005859375,0.5726525423634152
2023-08-29,4497.6298828125,0.5834516705310009
2023-08-30,4514.8701171875,0.5863462602304634
2023-08-31,4507.66015625,0.5851357268810167
2023-09-01,4515.77001953125,0.5864973514510399
2023-09-05,4496.830078125,0.5833173854418505
2023-09-06,4465.47998046875,0.5780537870603506
2023-09-07,4451.14013671875,0.5756461652665981
2023-09-08,4457.490234375,0.5767123298480388
2023-09-11,4487.4599609375,0.5817441675781174
2023-09-12,4461.89990234375,0.5774527014232016
2023-09-13,4467.43994140625,0.578382859311785
2023-09-14,4505.10009765625,0.5847058998221553
2023-09-15,4450.31982421875,0.5755084369700336
2023-09-18,4453.52978515625,0.5760473809114708
2023-09-19,4443.9501953125,0.5744389931434366
2023-09-20,4402.2001953125,0.5674292786973378
2023-09-21,4330.0,0.5553070570903158
2023-09-22,4320.06005859375,0.5536381672491477
2023-09-25,4337.43994140625,0.5565562035514777
2023-09-26,4273.52978515625,0.5458258575510455
2023-09-27,4274.509765625,0.5459903936767627
2023-09-28,4299.7001953125,0.5502198001170957
2023-09-29,4288.0498046875,0.5482637303813651
2023-10-02,4288.39013671875,0.5483208712282135
2023-10-03,4229.4501953125,0.5384250111389297
2023-10-04,4263.75,0.5441838575201592
2023-10-05,4258.18994140625,0.5432503384052905
2023-10-06,4308.5,0.5516972640222648
2023-10-09,4335.66015625,0.5562573823366104
2023-10-10,4358.240234375,0.5600485176618044
2023-10-11,4376.9501953125,0.5631898705592782
2023-10-12,4349.60986328125,0.558599501208366
2023-10-13,4327.77978515625,0.5549342888971738
2023-10-16,4373.6298828125,0.5626323988827078
2023-10-17,4373.2001953125,0.5625602554892692
2023-10-18,4314.60009765625,0.5527214542657051
2023-10-19,4278.0,0.5465763947861928
2023-10-20,4224.16015625,0.5375368275883468
2023-10-23,4217.0400390625,0.5363413787666191
2023-10-24,4247.68017578125,0.5414857765866876
2023-10-25,4186.77001953125,0.5312591226422625
2023-10-26,4137.22998046875,0.522941481265575
2023-10-27,4117.3701171875,0.5196070628095242
2023-10-30,4166.81982421875,0.5279095376773637
2023-10-31,4193.7998046875,0.5324394049551424
2023-11-01,4237.85986328125,0.5398369721221019
2023-11-02,4317.77978515625,0.5532553153771502
2023-11-03,4358.33984375,0.5600652418121015
2023-11-06,4365.97998046875,0.5613480005361156
2023-11-07,4378.3798828125,0.5634299113047192
2023-11-08,4382.77978515625,0.5641686432573036
2023-11-09,4347.35009765625,0.5582200925437826
2023-11-10,4415.240234375,0.5696186667259391
2023-11-13,4411.5498046875,0.5689990533536569
2023-11-14,4495.7001953125,0.5831276811095587
2023-11-15,4502.8798828125,0.5843331316290132
2023-11-16,4508.240234375,0.5852331204621588
2023-11-17,4514.02001953125,0.5862035310850358
2023-11-20,4547.3798828125,0.5918045637931184
2023-11-21,4538.18994140625,0.5902615969659522
2023-11-22,4556.6201171875,0.5933559746765622
2023-11-24,4559.33984375,0.5938126095645764
2023-11-27,4550.43017578125,0.592316699905403
2023-11-28,4554.89013671875,0.5930655155368432
2023-11-29,4550.580078125,0.5923418681119776
2023-11-30,4567.7998046875,0.5952330146040261
2023-12-01,4594.6298828125,0.59973771367523
2023-12-04,4569.77978515625,0.5955654480817456
2023-12-05,4567.18017578125,0.5951289805514426
2023-12-06,4549.33984375,0.5921336360445528
2023-12-07,4585.58984375,0.5982199150546383
2023-12-08,4604.3701171875,0.6013730732346749
2023-12-11,4622.43994140625,0.6044069488721513
2023-12-12,4643.7001953125,0.6079764892059085
2023-12-13,4707.08984375,0.6186194433229255
2023-12-14,4719.5498046875,0.6207114377703846
2023-12-15,4719.18994140625,0.6206510176783799
2023-12-18,4740.56005859375,0.6242390037661414
2023-12-19,4768.3701171875,0.6289082389630625
2023-12-20,4698.35009765625,0.6171520630966119
2023-12-21,4746.75,0.6252782785373006
2023-12-22,4754.6298828125,0.6266012899956082
2023-12-26,4774.75,0.6299794043933666
2023-12-27,4781.580078125,0.6311261564245234
2023-12-28,4783.35009765625,0.6314233380168128
2023-12-29,4769.830078125,0.6291533625384955
2024-01-02,4742.830078125,0.6246201340344317
2024-01-03,4704.81005859375,0.6182366734320568
2024-01-04,4688.68017578125,0.6155285088197298
2024-01-05,4697.240234375,0.6169657199906053
2024-01-08,4763.5400390625,0.6280972816359105
2024-01-09,4756.5,0.6269152777193234
2024-01-10,4783.4501953125,0.6314401441482387
2024-01-11,4780.240234375,0.6309012002068015
2024-01-12,4783.830078125,0.6315039254665287
2024-01-16,4765.97998046875,0.6285069413370608
2024-01-17,4739.2099609375,0.6240123259447123
2024-01-18,4780.93994140625,0.6310186791645258
2024-01-19,4839.81005859375,0.6409028159523757
2024-01-22,4850.43017578125,0.6426859055061118
2024-01-23,4864.60009765625,0.6450649978670047
2024-01-24,4868.5498046875,0.6457281432187367
2024-01-25,4894.16015625,0.6500280534299301
2024-01-26,4890.97021484375,0.649492470714778
2024-01-29,4927.93017578125,0.655697950286295
2024-01-30,4924.97021484375,0.6552009806828583
2024-01-31,4845.64990234375,0.6418833102541084
2024-02-01,4906.18994140625,0.6520478225028217
2024-02-02,4958.60986328125,0.660848988577805
2024-02-05,4942.81005859375,0.6581962432086192
2024-02-06,4954.22998046875,0.6601136178515055
2024-02-07,4995.06005859375,0.6669688798507427
2024-02-08,4997.91015625,0.6674474037001752
2024-02-09,5026.60986328125,0.6722660085139656
2024-02-12,5021.83984375,0.6714651348656693
2024-02-13,4953.169921875,0.6599356368206475
2024-02-14,5000.6201171875,0.6679023989656112
2024-02-15,5029.72998046875,0.672789867927684
2024-02-16,5005.56982421875,0.6687334416693456
2024-02-20,4975.509765625,0.6636864374304192
2024-02-21,4981.7998046875,0.6647425183330042
2024-02-22,5087.02978515625,0.6824103534049677
2024-02-23,5088.7998046875,0.6827075349972571
2024-02-26,5069.52978515625,0.6794721497449265
2024-02-27,5078.18017578125,0.68092452742465
2024-02-28,5069.759765625,0.6795107628566419
2024-02-29,5096.27001953125,0.6839617642884115
2024-03-01,5137.080078125,0.6908136650613634
2024-03-04,5130.9501953125,0.68978447396906
2024-03-05,5078.64990234375,0.681003393270659
2024-03-06,5104.759765625,0.6853871701767245
2024-03-07,5157.35986328125,0.6942185872882747
2024-03-08,5123.68994140625,0.6885654965633357
2024-03-11,5117.93994140625,0.6876000867893222
2024-03-12,5175.27001953125,0.6972256550965983
2024-03-13,5165.31005859375,0.6955534040291449
2024-03-14,5150.47998046875,0.6930634731819694
2024-03-15,5117.08984375,0.6874573576438943
2024-03-18,5149.419921875,0.6928854921511114
2024-03-19,5178.509765625,0.6977695998868989
2024-03-20,5224.6201171875,0.7055114058141405
2024-03-21,5241.52978515625,0.7083504942893328
2024-03-22,5234.18017578125,0.7071165143370186
2024-03-25,5218.18994140625,0.704431796327559
2024-03-26,5203.580078125,0.7019788389695205
2024-03-27,5248.490234375,0.7095191352819079
2024-03-28,5254.35009765625,0.7105029908099256
2024-04-01,5243.77001953125,0.7087266237087599
2024-04-02,5205.81005859375,0.7023532467852407
2024-04-03,5211.490234375,0.7033069332578206
2024-04-04,5147.2099609375,0.6925144455616765
2024-04-05,5204.33984375,0.7021064016061005
2024-04-08,5202.39013671875,0.7017790509583732
2024-04-09,5209.91015625,0.7030416423246761
2024-04-10,5160.64013671875,0.6947693365122745
2024-04-11,5199.06005859375,0.7012199396592247
2024-04-12,5123.41015625,0.6885185213764717
2024-04-15,5061.81982421875,0.6781776677194786
2024-04-16,5051.41015625,0.6764299120323016
2024-04-17,5022.2099609375,0.6715272765613811
2024-04-18,5011.1201171875,0.6696653211616361
2024-04-19,4967.22998046875,0.6622962834275363
2024-04-22,5010.60009765625,0.6695780112593497
2024-04-23,5070.5498046875,0.6796434083232141
2024-04-24,5071.6298828125,0.6798247505803572
2024-04-25,5048.419921875,0.6759278595988727
2024-04-26,5099.9599609375,0.6845812956795647
2024-04-29,5116.169921875,0.6873029051970327
2024-04-30,5035.68994140625,0.6737905295871278
2024-05-01,5018.39013671875,0.6708859381899384
2024-05-02,5064.2001953125,0.6785773257229022
2024-05-03,5127.7900390625,0.6892538921027711
2024-05-06,5180.740234375,0.6981440896837479
2024-05-07,5187.7001953125,0.6993126486951939
2024-05-08,5187.669921875,0.6993075658652017
2024-05-09,5214.080078125,0.7037417611655454
2024-05-10,5222.68017578125,0.7051856947889914
2024-05-13,5221.419921875,0.7049741014952815
2024-05-14,5246.68017578125,0.7092152312370481
2024-05-15,5308.14990234375,0.7195358355552013
2024-05-16,5297.10009765625,0.7176806026080267
2024-05-17,5303.27001953125,0.7187165161529006
2024-05-20,5308.1298828125,0.719532474328916
2024-05-21,5321.41015625,0.7217621970729395
2024-05-22,5307.009765625,0.7193444096192025
2024-05-23,5267.83984375,0.7127678834582505
2024-05-24,5304.72021484375,0.7189600001057557
2024-05-28,5306.0400390625,0.7191815950971923
2024-05-29,5266.9501953125,0.7126185138413812
2024-05-30,5235.47998046875,0.7073347481021701
2024-05-31,5277.509765625,0.7143914377351328
2024-06-03,5283.39990234375,0.7153803760931428
2024-06-04,5291.33984375,0.716713471230306
2024-06-05,5354.02978515625,0.7272389463895987
2024-06-06,5352.9599609375,0.7270593257361626
2024-06-07,5346.990234375,0.7260570244541407
2024-06-10,5360.7900390625,0.7283739751193217
2024-06-11,5375.31982421875,0.7308134875722194
2024-06-12,5421.02978515625,0.738488068973757
2024-06-13,5433.740234375,0.7406221197403458
2024-06-14,5431.60009765625,0.7402627964523445
2024-06-17,5473.22998046875,0.7472523435407319
2024-06-18,5487.02978515625,0.7495692942059129
2024-06-20,5473.169921875,0.7472422598618764
2024-06-21,5464.6201171875,0.7458067702947078
2024-06-24,5447.8701171875,0.7429944896486682
2024-06-25,5469.2998046875,0.7465924774341561
2024-06-26,5477.89990234375,0.7480364110576023
2024-06-27,5482.8701171875,0.7488708969687508
2024-06-28,5460.47998046875,0.7451116523027017
2024-07-01,5475.08984375,0.7475646096607402
2024-07-02,5509.009765625,0.7532596747236797
2024-07-03,5537.02001953125,0.757962522183453
2024-07-05,5567.18994140625,0.7630279721763837
2024-07-08,5572.85009765625,0.7639782974226783
2024-07-09,5576.97998046875,0.764671693810977
2024-07-10,5633.91015625,0.774230119573678
2024-07-11,5584.5400390625,0.7659410076298505
2024-07-12,5615.35009765625,0.7711139348827787
2024-07-15,5631.22021484375,0.7737784855345271
2024-07-16,5667.2001953125,0.7798194289803271
2024-07-17,5588.27001953125,0.7665672614735741
2024-07-18,5544.58984375,0.7592334756249044
2024-07-19,5505.0,0.7525864456930922
2024-07-22,5564.41015625,0.7625612536095139
2024-07-23,5555.740234375,0.7611055966846338
2024-07-24,5427.1298828125,0.7395122592171972
2024-07-25,5399.22021484375,0.7348262998699788
2024-07-26,5459.10009765625,0.7448799736324094
2024-07-29,5463.5400390625,0.7456254280375645
2024-07-30,5436.43994140625,0.7410753934020746
2024-07-31,5522.2998046875,0.7554910370902814
2024-08-01,5446.68017578125,0.7427947016375207
2024-08-02,5346.56005859375,0.7259847990795731
2024-08-05,5186.330078125,0.6990826096474798
2024-08-06,5240.02978515625,0.7080986482613294
2024-08-07,5199.5,0.7012938046563704
2024-08-08,5319.31005859375,0.7214095962375089
2024-08-09,5344.16015625,0.7255818618309933
2024-08-12,5344.39013671875,0.7256204749427086
2024-08-13,5434.43017578125,0.7407379590754919
2024-08-14,5455.2099609375,0.7442268299784043
2024-08-15,5543.22021484375,0.7590035185583193
2024-08-16,5554.25,0.7608553902792086
2024-08-19,5608.25,0.7699218472873361
2024-08-20,5597.1201171875,0.7680531694350208
2024-08-21,5620.85009765625,0.7720373703187917
2024-08-22,5570.64013671875,0.7636072508332434
2024-08-23,5634.60986328125,0.7743475985314023
2024-08-26,5616.83984375,0.7713640593070752
2024-08-27,5625.7998046875,0.7728684130225261
2024-08-28,5592.18017578125,0.7672237663538646
2024-08-29,5591.9599609375,0.7671867928647274
2024-08-30,5648.39990234375,0.7766629095740052
2024-09-03,5528.93017578125,0.756604258839715
2024-09-04,5520.06982421875,0.7551166292745615
2024-09-05,5503.41015625,0.7523195151373696
2024-09-06,5408.419921875,0.7363709063197232
2024-09-09,5471.0498046875,0.7468862978001605
2024-09-10,5495.52001953125,0.7509947820753549
2024-09-11,5554.1298828125,0.7608352229214974
2024-09-12,5595.759765625,0.7678247700098848
2024-09-13,5626.02001953125,0.7729053865116633
2024-09-16,5633.08984375,0.7740923912771136
2024-09-17,5634.580078125,0.7743425976825389
2024-09-18,5618.259765625,0.7716024604299379
2024-09-19,5713.64013671875,0.7876165721695814
2024-09-20,5702.5498046875,0.7857545347887074
2024-09-23,5718.56982421875,0.7884442536470304
2024-09-24,5732.93017578125,0.7908553186481972
2024-09-25,5722.259765625,0.7890637850381836
2024-09-26,5745.3701171875,0.792943951869371
2024-09-27,5738.169921875,0.7917350581425024
2024-09-30,5762.47998046875,0.7958166526074155
2024-10-01,5708.75,0.7867955311635737
2024-10-02,5709.5400390625,0.7869281766301457
2024-10-03,5699.93994140625,0.7853163456546972
2024-10-04,5751.06982421875,0.7939009175871072
2024-10-07,5695.93994140625,0.7846447562466878
2024-10-08,5751.1298828125,0.7939110012659627
2024-10-09,5792.0400390625,0.8007797081703407
2024-10-10,5780.0498046875,0.7987665795688905
2024-10-11,5815.02978515625,0.804639625662688
2024-10-14,5859.85009765625,0.8121648374473565
2024-10-15,5815.259765625,0.8046782387744034
2024-10-16,5842.47021484375,0.8092468011450262
2024-10-17,5841.47021484375,0.8090789037930239
2024-10-18,5864.669921875,0.8129740731708015
2024-10-21,5853.97998046875,0.8111792603156316
2024-10-22,5851.2001953125,0.8107125417487617
2024-10-23,5797.419921875,0.8016829762486426
2024-10-24,5809.85986328125,0.8037716094698164
2024-10-25,5808.1201171875,0.8034795107075194
2024-10-28,5823.52001953125,0.80606511353213
2024-10-29,5832.919921875,0.8076433322447263
2024-10-30,5813.669921875,0.804411308218681
2024-10-31,5705.4501953125,0.7862415026944174
2024-11-01,5728.7998046875,0.7901618402787693
2024-11-04,5712.68994140625,0.7874570368927274
2024-11-05,5782.759765625,0.7992215748343265
2024-11-06,5929.0400390625,0.8237816453946645
2024-11-07,5973.10009765625,0.831179212561624
2024-11-08,5995.5400390625,0.8349468193028216
2024-11-11,6001.35009765625,0.8359223127556907
2024-11-12,5983.990234375,0.8330076376796458
2024-11-13,5985.3798828125,0.8332409559725162
2024-11-14,5949.169921875,0.8271613994150011
2024-11-15,5870.6201171875,0.8139730952076671
2024-11-18,5893.6201171875,0.8178347343037213
2024-11-19,5916.97998046875,0.8217567934917804
2024-11-20,5917.10986328125,0.8217786004720697
2024-11-21,5948.7099609375,0.8270841731915703
2024-11-22,5969.33984375,0.8305478758879081
2024-11-25,5987.3701171875,0.8335751110539429
2024-11-26,6021.6298828125,0.839327234982602
2024-11-27,5998.740234375,0.8354841236216806
2024-11-29,6032.3798828125,0.8411321315166274
2024-12-02,6047.14990234375,0.8436119786849474
2024-12-03,6049.8798828125,0.8440703351766687
2024-12-04,6086.490234375,0.8502171162598879
2024-12-05,6075.10986328125,0.8483063820884431
2024-12-06,6090.27001953125,0.8508517321787603
2024-12-09,6052.85009765625,0.8445690263838124
2024-12-10,6034.91015625,0.8415569577266255
2024-12-11,6084.18994140625,0.8498309031616051
2024-12-12,6051.25,0.8443003742243829
2024-12-13,6051.08984375,0.8442734844141013
2024-12-16,6074.080078125,0.8481334838875774
2024-12-17,6050.60986328125,0.8441928969643853
2024-12-18,5872.16015625,0.814231663688241
2024-12-19,5867.080078125,0.8133787320230883
2024-12-20,5930.85009765625,0.8240855494395243
2024-12-23,5974.06982421875,0.831342027083634
2024-12-24,6040.0400390625,0.8424182514669267
2024-12-26,6037.58984375,0.8420068701620693
2024-12-27,5970.83984375,0.8307997219159116
2024-12-30,5906.93994140625,0.8200710975191865
2024-12-31,5881.6298828125,0.8158216057022711
2025-01-02,5868.5498046875,0.8136254952210997
2025-01-03,5942.47021484375,0.8260365363452626
2025-01-06,5975.3798828125,0.8315619824524927
2025-01-07,5909.02978515625,0.8204219767509102
2025-01-08,5918.25,0.8219700264080687
2025-01-10,5827.0400390625,0.8066561154904235
2025-01-13,5836.22021484375,0.8081974426950116
2025-01-14,5842.91015625,0.8093206661421719
2025-01-15,5949.91015625,0.8272856828064248
2025-01-16,5937.33984375,0.8251751606238324
2025-01-17,5996.66015625,0.8351348840125352
2025-01-21,6049.240234375,0.8439629398977999
2025-01-22,6086.3701171875,0.8501969489021768
2025-01-23,6118.7099609375,0.8556267230319718
2025-01-24,6101.240234375,0.8526936022019229
2025-01-27,6012.27978515625,0.837757378345154
2025-01-28,6067.7001953125,0.8470623184572732
2025-01-29,6039.31005859375,0.8422956896792102
2025-01-30,6071.169921875,0.8476448763592892
2025-01-31,6040.52978515625,0.8425004785392207
2025-02-03,5994.56982421875,0.8347839227996825
2025-02-04,6037.8798828125,0.8420555669526404
2025-02-05,6061.47998046875,0.8460179608561218
2025-02-06,6083.56982421875,0.8497267871278928
2025-02-07,6025.990234375,0.840059326463745
2025-02-10,6066.43994140625,0.8468507251635633
2025-02-11,6068.5,0.8471966035464236
2025-02-12,6051.97021484375,0.8444212963895212
2025-02-13,6115.06982421875,0.8550155537159672
2025-02-14,6114.6298828125,0.8549416887188217
2025-02-18,6129.580078125,0.8574517869237086
2025-02-19,6144.14990234375,0.8598980218291765
2025-02-20,6117.52001953125,0.8554269350208246
2025-02-21,6013.1298828125,0.8379001074905819
2025-02-24,5983.25,0.8328833542882221
2025-02-25,5955.25,0.828182228432156
2025-02-26,5956.06005859375,0.8283182351250133
2025-02-27,5861.56982421875,0.8124535749833683
2025-02-28,5954.5,0.8280563054181542
2025-03-03,5849.72021484375,0.8104640569470434
2025-03-04,5778.14990234375,0.7984475909963118
2025-03-05,5842.6298828125,0.809273608974179
2025-03-06,5738.52001953125,0.7917938386119292
2025-03-07,5770.2001953125,0.7971128562365704
2025-03-10,5614.56005859375,0.7709812894162065
2025-03-11,5572.06982421875,0.7638472915786843
2025-03-12,5599.2998046875,0.7684191331944634
2025-03-13,5521.52001953125,0.7553601132274164
2025-03-14,5638.93994140625,0.7750746071825532
2025-03-17,5675.1201171875,0.7811491628912051
2025-03-18,5614.66015625,0.7709980955476325
2025-03-19,5675.2900390625,0.7811776923240648
2025-03-20,5662.89013671875,0.7790957815554613
2025-03-21,5667.56005859375,0.7798798490723318
2025-03-24,5767.56982421875,0.7966712238951461
2025-03-25,5776.64990234375,0.7981957449683084
2025-03-26,5712.2001953125,0.7873748098204334
2025-03-27,5693.31005859375,0.7842032058863926
2025-03-28,5580.93994140625,0.7653365607664162
2025-03-31,5611.85009765625,0.7705262941507705
2025-04-01,5633.06982421875,0.7740890300508283
2025-04-02,5670.97021484375,0.7804524052766211
2025-04-03,5396.52001953125,0.734372944227121
2025-04-04,5074.080078125,0.6802361318852146
2025-04-07,5062.25,0.6782498930940459
2025-04-08,4982.77001953125,0.6649054148361433
2025-04-09,5456.89990234375,0.7445105666655527
2025-04-10,5268.0498046875,0.7128031353436808
2025-04-11,5363.35986328125,0.7288054418007615
2025-04-14,5405.97021484375,0.7359596069959948
2025-04-15,5396.6298828125,0.7343913899811252
2025-04-16,5275.7001953125,0.714087615671402
2025-04-17,5282.7001953125,0.7152628971354185
2025-04-21,5158.2001953125,0.6943596768111242
2025-04-22,5287.759765625,0.716112385593157
2025-04-23,5375.85986328125,0.730904158700791
2025-04-24,5484.77001953125,0.7491898855413295
2025-04-25,5525.2099609375,0.7559796446185696
2025-04-28,5528.75,0.7565740078031482
2025-04-29,5560.830078125,0.7619601679723647
2025-04-30,5569.06005859375,0.763341959900099
2025-05-01,5604.14013671875,0.7692318121253225
2025-05-02,5686.669921875,0.7830883445143808
2025-05-05,5650.3798828125,0.7769953430517247
2025-05-06,5606.91015625,0.7696968910696143
2025-05-07,5631.27978515625,0.7737884872322538
2025-05-08,5663.93994140625,0.7792720409826122
2025-05-09,5659.91015625,0.7785954507257395
2025-05-12,5844.18994140625,0.8095355386810381
2025-05-13,5886.5498046875,0.8166476475571423
2025-05-14,5892.580078125,0.8176601144991487
2025-05-15,5916.93017578125,0.8217484314166319
2025-05-16,5958.3798828125,0.8287077274684524
2025-05-19,5963.60009765625,0.8295841877176016
2025-05-20,5940.4599609375,0.8256990200375509
2025-05-21,5844.60986328125,0.8096060424518985
2025-05-22,5842.009765625,0.8091694929404667
2025-05-23,5802.81982421875,0.8025896055532296
2025-05-27,5921.5400390625,0.8225224152546466
2025-05-28,5888.5498046875,0.8169834422611468
2025-05-29,5912.169921875,0.8209491973909135
2025-05-30,5911.68994140625,0.8208686099411977
2025-06-02,5935.93994140625,0.8249401207272549
2025-06-03,5970.3701171875,0.8307208560699026
2025-06-04,5970.81005859375,0.8307947210670483
2025-06-05,5939.2998046875,0.8255042328752669
2025-06-06,6000.35986328125,0.8357560550262666
2025-06-09,6005.8798828125,0.8366828516885647
2025-06-10,6038.81005859375,0.8422117410032088
2025-06-11,6022.240234375,0.8394297113937361
2025-06-12,6045.259765625,0.8432946297349468
2025-06-13,5976.97021484375,0.831828994989344
2025-06-16,6033.10986328125,0.8412546933043439
2025-06-17,5982.72021484375,0.8327944047633578
2025-06-18,5980.8701171875,0.8324837782659276
2025-06-20,5967.83984375,0.8302960298599045
2025-06-23,6025.169921875,0.8399215981671806
2025-06-24,6092.18017578125,0.851172442355046
2025-06-25,6092.16015625,0.8511690811287607
2025-06-26,6141.02001953125,0.8593725227928801
2025-06-27,6173.06982421875,0.8647536001321043
2025-06-30,6204.9501953125,0.8701062300195976
2025-07-01,6198.009765625,0.8689409502533079
2025-07-02,6227.419921875,0.8738788376096585
2025-07-03,6279.35009765625,0.8825977766123476
2025-07-07,6229.97998046875,0.8743086646685201
2025-07-08,6225.52001953125,0.8735598490370797
2025-07-09,6263.259765625,0.879896252471462
2025-07-10,6280.4599609375,0.8827841197183541
2025-07-11,6259.75,0.8793069721168756
2025-07-14,6268.56005859375,0.8807861576257519
2025-07-15,6243.759765625,0.8766222541074158
2025-07-16,6263.7001953125,0.8799701994497364
2025-07-17,6297.35986328125,0.8856215685709683
2025-07-18,6296.7900390625,0.8855258965935333
2025-07-21,6305.60009765625,0.8870050821024096
2025-07-22,6309.6201171875,0.8876800327367043
2025-07-23,6358.91015625,0.895955699775391
2025-07-24,6363.35009765625,0.8967011541805461
2025-07-25,6388.64013671875,0.9009472847711761
2025-07-28,6389.77001953125,0.901136989103468
2025-07-29,6370.85986328125,0.8979620239431421
2025-07-30,6362.89990234375,0.8966255675796935
2025-07-31,6339.39013671875,0.8926783401850598
2025-08-01,6238.009765625,0.8756568443334023
2025-08-04,6329.93994140625,0.8910916774161859
2025-08-05,6299.18994140625,0.8859288338421132
2025-08-06,6345.06005859375,0.8936303050539325
2025-08-07,6340.0,0.8927807346150651
2025-08-08,6389.4501953125,0.9010832914640337
2025-08-11,6373.4501953125,0.8983969338319957
2025-08-12,6445.759765625,0.9105375192118932
2025-08-13,6466.580078125,0.914033194548505
2025-08-14,6468.5400390625,0.9143622667999391
2025-08-15,6449.7998046875,0.911215831072473
2025-08-18,6449.14990234375,0.9111067141898972
2025-08-19,6411.3701171875,0.9047635883029448
2025-08-20,6395.77978515625,0.9021460128380603
2025-08-21,6370.169921875,0.8978461846079959
2025-08-22,6466.91015625,0.9140886137916462
2025-08-25,6439.31982421875,0.9094562701027333
2025-08-26,6465.93994140625,0.9139257172885074
2025-08-27,6481.39990234375,0.9165214037919736
2025-08-28,6501.85986328125,0.9199565770554514
2025-08-29,6460.259765625,0.9129720308159275
2025-09-02,6415.5400390625,0.9054637071438139
2025-09-03,6448.259765625,0.9109572625918991
2025-09-04,6502.080078125,0.9199935505445889
2025-09-05,6481.5,0.9165382099233994
2025-09-08,6495.14990234375,0.918829992382006
2025-09-09,6512.60986328125,0.921761473589477
2025-09-10,6532.0400390625,0.9250237486520891
2025-09-11,6587.47021484375,0.9343303283867865
2025-09-12,6584.2900390625,0.9337963852942126
2025-09-15,6615.27978515625,0.9389994816025788
2025-09-16,6606.759765625,0.9375689928842736
2025-09-17,6600.35009765625,0.936492826605106
2025-09-18,6631.9599609375,0.9418000389471848
2025-09-19,6664.35986328125,0.9472398967558355
2025-09-22,6693.75,0.952174422885901
2025-09-23,6656.919921875,0.9459907502946734
2025-09-24,6637.97021484375,0.9428091446629059
2025-09-25,6604.72021484375,0.9372265577088275
2025-09-26,6643.7001953125,0.9437711932106343
2025-09-29,6661.2099609375,0.9467110364932538
2025-09-30,6688.4599609375,0.9512862393353183
2025-10-01,6711.2001953125,0.9551042644707939
2025-10-02,6715.35009765625,0.9558010220853779
2025-10-03,6715.7900390625,0.9558748870825233
2025-10-06,6740.27978515625,0.9599866506028742
2025-10-07,6714.58984375,0.9556733774676691
2025-10-08,6753.72021484375,0.9622432631571796
2025-10-09,6735.10986328125,0.9591186344100027
2025-10-10,6552.509765625,0.9284605615381454
2025-10-13,6654.72021484375,0.9456214253089454
2025-10-14,6644.31005859375,0.9438735876406397
2025-10-15,6671.06005859375,0.948364841806703
2025-10-16,6629.06982421875,0.9413147926451817
2025-10-17,6664.009765625,0.947181116286409
2025-10-20,6735.1298828125,0.959121995636288
2025-10-21,6735.35009765625,0.9591589691254252
2025-10-22,6699.39990234375,0.9531230265284887
2025-10-23,6738.43994140625,0.9596777457091512
2025-10-24,6791.68994140625,0.968618279703277
2025-10-27,6875.16015625,0.982632707746611
2025-10-28,6890.89013671875,0.985273729814363
2025-10-29,6890.58984375,0.985223311420085
2025-10-30,6822.33984375,0.9737643171459236
2025-10-31,6840.2001953125,0.9767630228790987
2025-11-03,6851.97021484375,0.9787391779914116
2025-11-04,6771.5498046875,0.9652368040792334
2025-11-05,6796.2900390625,0.9693906239187136
2025-11-06,6720.31982421875,0.9566354260153975
2025-11-07,6728.7998046875,0.9580591922811323
2025-11-10,6832.43017578125,0.9754584571747951
2025-11-11,6846.60986328125,0.9778391891582661
2025-11-12,6850.919921875,0.9785628365831318
2025-11-13,6737.490234375,0.9595182924134262
2025-11-14,6734.10986328125,0.9589507370580004
2025-11-17,6672.41015625,0.9485915196281318
2025-11-18,6617.31982421875,0.939341998759154
2025-11-19,6642.16015625,0.9435126247300605
2025-11-20,6538.759765625,0.9261519729481129
2025-11-21,6602.990234375,0.9369360985691084
2025-11-24,6705.1201171875,0.9540834354536389
2025-11-25,6765.8798828125,0.9642848392103605
2025-11-26,6812.60986328125,0.9721306791901858
2025-11-28,6849.08984375,0.9782555713119869
2025-12-01,6812.6298828125,0.9721340404164711
2025-12-02,6829.3701171875,0.9749446814399325
2025-12-03,6849.72021484375,0.9783614089494064
2025-12-04,6857.1201171875,0.9796038329579979
2025-12-05,6870.39990234375,0.9818334737208927
2025-12-08,6846.509765625,0.9778223830268402
2025-12-09,6840.509765625,0.976814998914826
2025-12-10,6886.68017578125,0.9845668885209233
2025-12-11,6901.0,0.9869711490883908
2025-12-12,6827.41015625,0.9746156091884981
2025-12-15,6816.509765625,0.9727854624667693
2025-12-16,6800.259765625,0.9700571304967309
2025-12-17,6721.43017578125,0.9568218511025328
2025-12-18,6774.759765625,0.9657757480206706
2025-12-19,6834.5,0.9758059751802337
2025-12-22,6878.490234375,0.9831918190457594
2025-12-23,6909.7900390625,0.9884469733709818
2025-12-24,6932.0498046875,0.9921843290756125
2025-12-26,6929.93994140625,0.9918300886176037
2025-12-29,6905.740234375,0.9877670218878238
2025-12-30,6896.240234375,0.9861719970438014
2025-12-31,6845.5,0.9776528460522595
2026-01-02,6858.47021484375,0.979830510779427
2026-01-05,6902.0498046875,0.9871474085155416
2026-01-06,6944.81982421875,0.994328381539928
2026-01-07,6920.93017578125,0.9903173728270043
2026-01-08,6921.4599609375,0.9904063223518689
2026-01-09,6966.27978515625,0.9979314521554083
2026-01-12,6977.27001953125,0.999776683404856
2026-01-13,6963.740234375,0.9975050683039608
2026-01-14,6926.60009765625,0.991269337695877
2026-01-15,6944.47021484375,0.9942696830516302
2026-01-16,6940.009765625,0.9935207854390611
2026-01-20,6796.85986328125,0.9694862958961485
2026-01-21,6875.6201171875,0.9827099339700418
2026-01-22,6913.35009765625,0.9890446977818457
2026-01-23,6915.60986328125,0.9894241064464291
2026-01-26,6950.22998046875,0.9952367324482219
2026-01-27,6978.60009765625,1.0
2026-01-28,6978.02978515625,0.999904246041436
2026-01-29,6969.009765625,0.9983898086471297
2026-01-30,6939.02978515625,0.9933562493133439
2026-02-02,6976.43994140625,0.9996373154857134
2026-02-03,6917.81005859375,0.989793513413286
2026-02-04,6882.72021484375,0.9839020215654843
2026-02-05,6798.39990234375,0.9697448643767226
2026-02-06,6932.2998046875,0.9922263034136132
2026-02-09,6964.81982421875,0.9976863285799751
2026-02-10,6941.81005859375,0.9938230498613427
2026-02-11,6941.47021484375,0.9937659909956231
2026-02-12,6832.759765625,0.9755137944368077
2026-02-13,6836.169921875,0.9760863506410971
2026-02-17,6843.22021484375,0.977270076161391
2026-02-18,6881.31005859375,0.9836652600651996
2026-02-19,6861.89013671875,0.9804047066062944
2026-02-20,6909.509765625,0.9883999162029891
2026-02-23,6837.75,0.9763516415742413
2026-02-24,6890.06982421875,0.9851360015177986
2026-02-25,6946.1298828125,0.9945483369087864
2026-02-26,6908.85986328125,0.9882907993204133
2026-02-27,6878.8798828125,0.9832572399866275
2026-03-02,6881.6201171875,0.983717318082056
2026-03-03,6816.6298828125,0.9728056298244805
2026-03-04,6869.5,0.9816823825003163
2026-03-05,6830.7099609375,0.9751696376576544
2026-03-06,6740.02001953125,0.9599430366422956
2026-03-09,6795.990234375,0.9693402875055646
2026-03-10,6781.47998046875,0.9669040542978231
2026-03-11,6775.7998046875,0.9659503678252435
2026-03-12,6672.6201171875,0.9486267715135621
2026-03-13,6632.18994140625,0.9418386520589002
2026-03-16,6699.3798828125,0.9531196653022034
2026-03-17,6716.08984375,0.9559252234956725
2026-03-18,6624.7001953125,0.9405811435225895
2026-03-19,6606.490234375,0.9375237393011167
2026-03-20,6506.47998046875,0.9207322824971733
