Date,Close,Scaled_Close
2010-06-29,1.5926669836044312,0.0011033234694898288
2010-06-30,1.5886670351028442,0.001095140715290798
2010-07-01,1.4639999866485596,0.0008401074782840292
2010-07-02,1.2799999713897705,0.0004636959077642406
2010-07-06,1.0740000009536743,4.227870141334557e-05
2010-07-07,1.053333044052124,0.0
2010-07-08,1.1640000343322754,0.0002263931095737243
2010-07-09,1.159999966621399,0.000218210111506475
2010-07-12,1.136667013168335,0.00017047754125760692
2010-07-13,1.2093329429626465,0.00031913131565369877
2010-07-14,1.3226670026779175,0.0005509804888769107
2010-07-15,1.3259999752044678,0.0005577988003941875
2010-07-16,1.3760000467300415,0.0006600846910913842
2010-07-19,1.4606670141220093,0.0008332891667667524
2010-07-20,1.3533329963684082,0.0006137143687103049
2010-07-21,1.3480000495910645,0.0006028046800935125
2010-07-22,1.399999976158142,0.0007091817040220062
2010-07-23,1.4193329811096191,0.0007487315200718431
2010-07-26,1.3966670036315918,0.0007023633925047294
2010-07-27,1.3700000047683716,0.0006478103159246193
2010-07-28,1.3813329935073853,0.0006709943797081762
2010-07-29,1.3566670417785645,0.0006205348750415469
2010-07-30,1.329332947731018,0.0005646171119114644
2010-08-02,1.3946670293807983,0.0006982720154052138
2010-08-03,1.463333010673523,0.0008387430356022749
2010-08-04,1.4173330068588257,0.000744640142972328
2010-08-05,1.363332986831665,0.0006341714980761005
2010-08-06,1.305999994277954,0.0005168845416625963
2010-08-09,1.3066669702529907,0.0005182489843443506
2010-08-10,1.2686669826507568,0.0004405118439806837
2010-08-11,1.1933330297470093,0.00028640005498935684
2010-08-12,1.1733330488204956,0.0002454857962577656
2010-08-13,1.2213330268859863,0.0003436800659872281
2010-08-16,1.2519999742507935,0.0004064158967663693
2010-08-17,1.2766669988632202,0.00045687759624696376
2010-08-18,1.2513329982757568,0.000405051454084615
2010-08-19,1.25266695022583,0.0004077803394481232
2010-08-20,1.273332953453064,0.0004500570899157218
2010-08-23,1.3420000076293945,0.000590530304926748
2010-08-24,1.2799999713897705,0.0004636959077642406
2010-08-25,1.3266669511795044,0.0005591632430759419
2010-08-26,1.3166669607162476,0.0005387061137101462
2010-08-27,1.3133330345153809,0.0005318858512471224
2010-08-30,1.324666976928711,0.0005550718659764263
2010-08-31,1.2986669540405273,0.0005018832320780706
2010-09-01,1.363332986831665,0.0006341714980761005
2010-09-02,1.4040000438690186,0.0007173647020892555
2010-09-03,1.4033329486846924,0.000716000015539283
2010-09-07,1.369333028793335,0.000646445873242865
2010-09-08,1.3933329582214355,0.0006955428861734874
2010-09-09,1.380666971206665,0.0006696318879721693
2010-09-10,1.3446669578552246,0.0005959861247080175
2010-09-13,1.3813329935073853,0.0006709943797081762
2010-09-14,1.4079999923706055,0.0007255474562882862
2010-09-15,1.4653329849243164,0.0008428344127017905
2010-09-16,1.3960000276565552,0.0007009989498229755
2010-09-17,1.348667025566101,0.0006041691227752668
2010-09-20,1.4040000438690186,0.0007173647020892555
2010-09-21,1.3846670389175415,0.0006778148860394182
2010-09-22,1.324666976928711,0.0005550718659764263
2010-09-23,1.3040000200271606,0.0005127931645630811
2010-09-24,1.340000033378601,0.0005864389278272325
2010-09-27,1.3686670064926147,0.0006450833815068581
2010-09-28,1.4266669750213623,0.0007637347806021162
2010-09-29,1.4653329849243164,0.0008428344127017905
2010-09-30,1.3606669902801514,0.000628717629240578
2010-10-01,1.3733329772949219,0.0006546286274418962
2010-10-04,1.3993330001831055,0.0007078172613402519
2010-10-05,1.4079999923706055,0.0007255474562882862
2010-10-06,1.3639999628067017,0.0006355359407578544
2010-10-07,1.3619999885559082,0.0006314445636583393
2010-10-08,1.3619999885559082,0.0006314445636583393
2010-10-11,1.3493330478668213,0.0006055316145112742
2010-10-12,1.3493330478668213,0.0006055316145112742
2010-10-13,1.369333028793335,0.000646445873242865
2010-10-14,1.3833329677581787,0.0006750857568076918
2010-10-15,1.369333028793335,0.000646445873242865
2010-10-18,1.348667025566101,0.0006041691227752668
2010-10-19,1.3366669416427612,0.0005796203724417375
2010-10-20,1.3766670227050781,0.0006614491337731381
2010-10-21,1.3833329677581787,0.0006750857568076918
2010-10-22,1.3813329935073853,0.0006709943797081762
2010-10-25,1.3899999856948853,0.0006887245746562106
2010-10-26,1.4240000247955322,0.0007582789608208467
2010-10-27,1.399999976158142,0.0007091817040220062
2010-10-28,1.4126670360565186,0.0007350948970372899
2010-10-29,1.4559999704360962,0.0008237417260177488
2010-11-01,1.4273329973220825,0.0007650972723381236
2010-11-02,1.4166669845581055,0.0007432776512363206
2010-11-03,1.4513330459594727,0.0008141945291369637
2010-11-04,1.659999966621399,0.0012410675552691286
2010-11-05,1.6293330192565918,0.0011783317244899874
2010-11-08,1.6653330326080322,0.0012519774877541392
2010-11-09,1.6419999599456787,0.001204244673637053
2010-11-10,1.957332968711853,0.001849326104198164
2010-11-11,1.869333028793335,0.0016693033170055186
2010-11-12,1.9893330335617065,0.0019147891132632842
2010-11-15,2.053333044052124,0.0020457148875253073
2010-11-16,1.9780000448226929,0.0018916050494797278
2010-11-17,1.965999960899353,0.001867056299146198
2010-11-18,1.9926669597625732,0.001921609375726308
2010-11-19,2.065999984741211,0.0020716278366723724
2010-11-22,2.2266669273376465,0.0024003065930750748
2010-11-23,2.3046669960021973,0.0025598724947701428
2010-11-24,2.3646669387817383,0.0026826152709649156
2010-11-26,2.3546669483184814,0.002662158141599121
2010-11-29,2.2886669635772705,0.002527140990237582
2010-11-30,2.355333089828491,0.0026635208772033464
2010-12-01,2.2899999618530273,0.0025298679246553435
2010-12-02,2.1566669940948486,0.0022571066875145054
2010-12-03,2.0993330478668213,0.0021398177801552542
2010-12-06,2.02066707611084,0.001978889630592398
2010-12-07,2.1040000915527344,0.002149365220904258
2010-12-08,2.1579999923706055,0.002259833621932267
2010-12-09,2.136667013168335,0.002216192428782914
2010-12-10,2.101332902908325,0.002143908913386551
2010-12-13,2.0366671085357666,0.002011621135124958
2010-12-14,1.9019999504089355,0.0017361305248841754
2010-12-15,1.9733330011367798,0.0018820576087307242
2010-12-16,2.053999900817871,0.0020470790863388435
2010-12-17,2.0906670093536377,0.0021220895361529673
2010-12-20,2.113332986831665,0.002168457663720081
2010-12-21,2.1506669521331787,0.002244832312347741
2010-12-22,2.175333023071289,0.002295292060882588
2010-12-23,2.00600004196167,0.0019488850604775987
2010-12-27,1.7033330202102661,0.001329714628117806
2010-12-28,1.7606669664382935,0.0014470035354770569
2010-12-29,1.848667025566101,0.0016270265665379205
2010-12-30,1.7666670083999634,0.0014592779106438218
2010-12-31,1.775333046913147,0.0014770061546461092
2011-01-03,1.7746670246124268,0.0014756436629101018
2011-01-04,1.777999997138977,0.0014824619744273787
2011-01-05,1.7886669635772705,0.0015042835464749286
2011-01-06,1.858667016029358,0.001647483695903716
2011-01-07,1.8826669454574585,0.001696580708834338
2011-01-10,1.8966670036315918,0.001725220836267383
2011-01-11,1.797333002090454,0.001522011790477216
2011-01-12,1.797333002090454,0.001522011790477216
2011-01-13,1.7480000257492065,0.0014210905863299918
2011-01-14,1.7166670560836792,0.0013569922638148437
2011-01-18,1.7093329429626465,0.0013419887594163524
2011-01-19,1.6019999980926514,0.0011224161561738705
2011-01-20,1.5080000162124634,0.0009301189938144606
2011-01-21,1.5360000133514404,0.0009873990048123319
2011-01-24,1.6326669454574585,0.0011851519869530112
2011-01-25,1.6453330516815186,0.001211063229022548
2011-01-26,1.649999976158142,0.001220610425903333
2011-01-27,1.6613329648971558,0.0012437944896868899
2011-01-28,1.6006669998168945,0.0011196892217561092
2011-01-31,1.6066670417785645,0.0011319635969228737
2011-02-01,1.593999981880188,0.0011060504039075904
2011-02-02,1.5959999561309814,0.0011101417810071056
2011-02-03,1.5753329992294312,0.0010678630795937605
2011-02-04,1.5640000104904175,0.0010446790158102036
2011-02-07,1.5379999876022339,0.0009914903819118475
2011-02-08,1.6326669454574585,0.0011851519869530112
2011-02-09,1.547333002090454,0.0010105830685958892
2011-02-10,1.5479999780654907,0.001011947511277643
2011-02-11,1.5499999523162842,0.0010160388883771587
2011-02-14,1.5386669635772705,0.0009928548245936018
2011-02-15,1.5226670503616333,0.0009601235639292599
2011-02-16,1.6486669778823853,0.0012178834914855718
2011-02-17,1.5733330249786377,0.0010637717024942449
2011-02-18,1.5453330278396606,0.0010064916914963736
2011-02-22,1.4579999446868896,0.0008278331031172643
2011-02-23,1.4553329944610596,0.0008223772833359949
2011-02-24,1.5019999742507935,0.0009178446186476961
2011-02-25,1.5740000009536743,0.0010651361451759992
2011-02-28,1.5926669836044312,0.0011033234694898288
2011-03-01,1.5959999561309814,0.0011101417810071056
2011-03-02,1.6013330221176147,0.0011210517134921162
2011-03-03,1.6239999532699585,0.0011674217920049769
2011-03-04,1.6633330583572388,0.0012478861106546236
2011-03-07,1.6626670360565186,0.0012465236189186167
2011-03-08,1.6440000534057617,0.0012083362946047867
2011-03-09,1.6480000019073486,0.0012165190488038174
2011-03-10,1.6006669998168945,0.0011196892217561092
2011-03-11,1.6046669483184814,0.00112787197595514
2011-03-14,1.5499999523162842,0.0010160388883771587
2011-03-15,1.5299999713897705,0.0009751246296455674
2011-03-16,1.5213329792022705,0.000957394434697533
2011-03-17,1.5206669569015503,0.0009560319429615257
2011-03-18,1.5306669473648071,0.0009764890723273213
2011-03-21,1.5153330564498901,0.0009451203033989867
2011-03-22,1.4793330430984497,0.0008714745401348354
2011-03-23,1.480666995048523,0.0008742034254983436
2011-03-24,1.4886670112609863,0.0008905691777646237
2011-03-25,1.5166670083999634,0.000947849188762495
2011-03-28,1.5499999523162842,0.0010160388883771587
2011-03-29,1.5946669578552246,0.0011074148465893443
2011-03-30,1.5806670188903809,0.001078774963024518
2011-03-31,1.850000023841858,0.0016297535009556817
2011-04-01,1.7773330211639404,0.0014810975317456248
2011-04-04,1.722000002861023,0.001367901952431636
2011-04-05,1.7799999713897705,0.0014865533515268942
2011-04-06,1.7660000324249268,0.0014579134679620679
2011-04-07,1.815999984741211,0.0015601991147910456
2011-04-08,1.7660000324249268,0.0014579134679620679
2011-04-11,1.6846669912338257,0.001291529254749723
2011-04-12,1.6433329582214355,0.0012069716080548142
2011-04-13,1.6619999408721924,0.0012451589323686442
2011-04-14,1.6759999990463257,0.0012737990598016887
2011-04-15,1.7053329944610596,0.0013338060052173217
2011-04-18,1.668666958808899,0.001258797750217163
2011-04-19,1.6773329973220825,0.0012765259942194504
2011-04-20,1.7166670560836792,0.0013569922638148437
2011-04-21,1.7826670408248901,0.0014920094151763823
2011-04-25,1.7593330144882202,0.0014442746501135487
2011-04-26,1.7953330278396606,0.0015179204133777004
2011-04-27,1.8053330183029175,0.001538377542743496
2011-04-28,1.843999981880188,0.0016174791257889173
2011-04-29,1.840000033378601,0.0016092963715898861
2011-05-02,1.8300000429153442,0.0015888392422240905
2011-05-03,1.7913329601287842,0.001509737415310451
2011-05-04,1.7793329954147339,0.00148518890884514
2011-05-05,1.762666940689087,0.0014510949125765725
2011-05-06,1.8079999685287476,0.0015438333625247655
2011-05-09,1.8606669902801514,0.0016515750730032317
2011-05-10,1.8886669874191284,0.001708855084001103
2011-05-11,1.8046669960021973,0.0015370150510074887
2011-05-12,1.8446669578552246,0.0016188435684706712
2011-05-13,1.8366669416427612,0.0016024778162043911
2011-05-16,1.773332953453064,0.0014729145336783754
2011-05-17,1.730666995048523,0.0013856321473796705
2011-05-18,1.7566670179367065,0.0014388207812780262
2011-05-19,1.8799999952316284,0.0016911248890530686
2011-05-20,1.8646670579910278,0.0016597580710704806
2011-05-23,1.7879999876022339,0.0015029191037931743
2011-05-24,1.7813329696655273,0.0014892802859446555
2011-05-25,1.9320000410079956,0.00179750215684978
2011-05-26,1.9653329849243164,0.0018656918564644437
2011-05-27,1.9700000286102295,0.0018752392972134473
2011-05-31,2.0093328952789307,0.0019557031281266573
2011-06-01,1.901332974433899,0.001734766082202421
2011-06-02,1.9173330068588257,0.0017674975867349816
2011-06-03,2.0086669921875,0.001954340880258868
2011-06-06,1.9133330583572388,0.0017593148325359504
2011-06-07,1.891332983970642,0.0017143089528366255
2011-06-08,1.8079999685287476,0.0015438333625247655
2011-06-09,1.841333031654358,0.0016120233060076474
2011-06-10,1.8573329448699951,0.0016447545666719893
2011-06-13,1.8953330516815186,0.0017224919509038748
2011-06-14,1.9066669940948486,0.0017456779656331786
2011-06-15,1.8213330507278442,0.0015711090472760561
2011-06-16,1.7666670083999634,0.0014592779106438218
2011-06-17,1.7666670083999634,0.0014592779106438218
2011-06-20,1.7339999675750732,0.0013924504588969469
2011-06-21,1.835332989692688,0.001599748930840883
2011-06-22,1.8140000104904175,0.0015561077376915304
2011-06-23,1.8473329544067383,0.0016242974373061937
2011-06-24,1.8380000591278076,0.0016052049944903705
2011-06-27,1.8306670188903809,0.0015902036849058448
2011-06-28,1.8739999532699585,0.0016788505138863037
2011-06-29,1.8860000371932983,0.0017033992642198335
2011-06-30,1.9420000314712524,0.0018179592862155756
2011-07-01,1.9346669912338257,0.0018029579766310503
2011-07-05,1.942667007446289,0.00181932372889733
2011-07-06,1.9306670427322388,0.0017947752224320192
2011-07-07,1.9819999933242798,0.001899787803678758
2011-07-08,1.920667052268982,0.0017743180930662236
2011-07-11,1.8899999856948853,0.0017115820184188642
2011-07-12,1.878000020980835,0.001687033511953553
2011-07-13,1.9093329906463623,0.0017511318344687011
2011-07-14,1.8406670093536377,0.0016106608142716404
2011-07-15,1.8386670351028442,0.0016065694371721249
2011-07-18,1.8153330087661743,0.0015588346721092917
2011-07-19,1.8593330383300781,0.0016488461876397235
2011-07-20,1.9126670360565186,0.001757952340799943
2011-07-21,1.9133330583572388,0.0017593148325359504
2011-07-22,1.952666997909546,0.0018397808582631256
2011-07-25,1.8993330001831055,0.0017306747051029055
2011-07-26,1.8666670322418213,0.0016638494481699961
2011-07-27,1.8426669836044312,0.0016147521913711556
2011-07-28,1.878000020980835,0.001687033511953553
2011-07-29,1.878000020980835,0.001687033511953553
2011-08-01,1.9179999828338623,0.001768862029416736
2011-08-02,1.8226670026779175,0.0015738379326395643
2011-08-03,1.8133330345153809,0.001554743295009776
2011-08-04,1.649999976158142,0.001220610425903333
2011-08-05,1.6160000562667847,0.0011510562836069154
2011-08-08,1.5759999752044678,0.0010692275222755144
2011-08-09,1.670667052268982,0.0012628893711848967
2011-08-10,1.5880000591278076,0.0010937762726090437
2011-08-11,1.6866669654846191,0.0012956206318492387
2011-08-12,1.753999948501587,0.001433364717628538
2011-08-15,1.7486670017242432,0.0014224550290117461
2011-08-16,1.7400000095367432,0.0014047248340637117
2011-08-17,1.722000002861023,0.001367901952431636
2011-08-18,1.6173330545425415,0.0011537832180246767
2011-08-19,1.4866670370101929,0.0008864778006651081
2011-08-22,1.463333010673523,0.0008387430356022749
2011-08-23,1.5306669473648071,0.0009764890723273213
2011-08-24,1.591333031654358,0.0011005945841263205
2011-08-25,1.5406670570373535,0.0009969464455613355
2011-08-26,1.5820000171661377,0.0010815018974422792
2011-08-29,1.647333025932312,0.0012151546061220635
2011-08-30,1.6419999599456787,0.001204244673637053
2011-08-31,1.6493330001831055,0.0012192459832215787
2011-09-01,1.600000023841858,0.001118324779074355
2011-09-02,1.5379999876022339,0.0009914903819118475
2011-09-06,1.5293329954147339,0.0009737601869638131
2011-09-07,1.5893330574035645,0.0010965032070268054
2011-09-08,1.5740000009536743,0.0010651361451759992
2011-09-09,1.5313329696655273,0.0009778515640633287
2011-09-12,1.525333046913147,0.0009655774327647824
2011-09-13,1.6053329706192017,0.0011292344676911473
2011-09-14,1.6226669549942017,0.0011646948575872156
2011-09-15,1.6546670198440552,0.0012301578666523362
2011-09-16,1.7200000286102295,0.0013638105753321205
2011-09-19,1.718000054359436,0.001359719198232605
2011-09-20,1.7339999675750732,0.0013924504588969469
2011-09-21,1.7233330011367798,0.0013706288868493973
2011-09-22,1.7086670398712158,0.0013406265115485636
2011-09-23,1.7586669921875,0.0014429121583775417
2011-09-26,1.7013330459594727,0.0013256232510182905
2011-09-27,1.746000051498413,0.0014169992092304766
2011-09-28,1.6393330097198486,0.001198788853855783
2011-09-29,1.6080000400543213,0.001134690531340635
2011-09-30,1.6260000467300415,0.001171513412972711
2011-10-03,1.5820000171661377,0.0010815018974422792
2011-10-04,1.5773329734802246,0.0010719544566932756
2011-10-05,1.6913330554962158,0.001305166121652495
2011-10-06,1.797333002090454,0.001522011790477216
2011-10-07,1.7993329763412476,0.0015261031675767311
2011-10-10,1.858667016029358,0.001647483695903716
2011-10-11,1.8406670093536377,0.0016106608142716404
2011-10-12,1.8533329963684082,0.0016365718124729586
2011-10-13,1.8626669645309448,0.0016556664501027468
2011-10-14,1.8700000047683716,0.001670667759687273
2011-10-17,1.8279999494552612,0.0015847476212563568
2011-10-18,1.8893330097198486,0.0017102175757371099
2011-10-19,1.8380000591278076,0.0016052049944903705
2011-10-20,1.8226670026779175,0.0015738379326395643
2011-10-21,1.8686670064926147,0.0016679408252695117
2011-10-24,1.9033329486846924,0.0017388574593019367
2011-10-25,1.8833329677581787,0.0016979432005703454
2011-10-26,1.8653329610824585,0.0016611203189382698
2011-10-27,1.9173330068588257,0.0017674975867349816
2011-10-28,1.9913330078125,0.0019188804903628003
2011-10-31,1.9579999446868896,0.0018506905468799175
2011-11-01,1.925333023071289,0.0017838633390012612
2011-11-02,1.9140000343322754,0.0017606792752177048
2011-11-03,2.1640000343322754,0.0022721079970990316
2011-11-04,2.1540000438690186,0.002251650867733236
2011-11-07,2.0846669673919678,0.002109815160986203
2011-11-08,2.122667074203491,0.0021875525452180874
2011-11-09,2.058666944503784,0.0020566265270878462
2011-11-10,2.0886669158935547,0.002117997915185233
2011-11-11,2.2426669597625732,0.002433038097607635
2011-11-14,2.2146670818328857,0.002375758330477982
2011-11-15,2.26200008392334,0.002472588157525691
2011-11-16,2.3293330669403076,0.00261033224330499
2011-11-17,2.245332956314087,0.0024384919664431574
2011-11-18,2.173332929611206,0.0022912004399148547
2011-11-21,2.117332935333252,0.002176640417919112
2011-11-22,2.138000011444092,0.002218919363200676
2011-11-23,2.0966670513153076,0.0021343639113197317
2011-11-25,2.1106669902801514,0.0021630037948845585
2011-11-28,2.1706669330596924,0.0022857465710793322
2011-11-29,2.1166670322418213,0.002175278170051323
2011-11-30,2.1826670169830322,0.002310295321412861
2011-12-01,2.173332929611206,0.0022912004399148547
2011-12-02,2.2200000286102295,0.002386668019094774
2011-12-05,2.2946670055389404,0.002539415365404347
2011-12-06,2.324666976928711,0.002600786753501734
2011-12-07,2.2793331146240234,0.0025080465964760117
2011-12-08,2.059333086013794,0.0020579892626920717
2011-12-09,2.069333076477051,0.0020784463920578674
2011-12-12,2.0273330211639404,0.0019925262536269516
2011-12-13,1.963333010673523,0.0018616004793649285
2011-12-14,1.9019999504089355,0.0017361305248841754
2011-12-15,1.9079999923706055,0.0017484049000509399
2011-12-16,1.8666670322418213,0.0016638494481699961
2011-12-19,1.850000023841858,0.0016297535009556817
2011-12-20,1.8600000143051147,0.0016502106303214773
2011-12-21,1.8380000591278076,0.0016052049944903705
2011-12-22,1.8513330221176147,0.001632480435373443
2011-12-23,1.8600000143051147,0.0016502106303214773
2011-12-27,1.9046670198440552,0.001741586588533663
2011-12-28,1.9006669521331787,0.0017334035904664137
2011-12-29,1.9153330326080322,0.0017634062096354656
2011-12-30,1.9040000438690186,0.0017402221458519091
2012-01-03,1.871999979019165,0.0016747591367867885
2012-01-04,1.8473329544067383,0.0016242974373061937
2012-01-05,1.8079999685287476,0.0015438333625247655
2012-01-06,1.7940000295639038,0.0015151934789599392
2012-01-09,1.8166669607162476,0.0015615635574727999
2012-01-10,1.841333031654358,0.0016120233060076474
2012-01-11,1.8819999694824219,0.0016952162661525842
2012-01-12,1.8833329677581787,0.0016979432005703454
2012-01-13,1.519333004951477,0.0009533030575980175
2012-01-17,1.773332953453064,0.0014729145336783754
2012-01-18,1.7873330116271973,0.0015015546611114204
2012-01-19,1.784000039100647,0.0014947363495941435
2012-01-20,1.773332953453064,0.0014729145336783754
2012-01-23,1.7846670150756836,0.0014961007922758974
2012-01-24,1.8279999494552612,0.0015847476212563568
2012-01-25,1.8646670579910278,0.0016597580710704806
2012-01-26,1.929332971572876,0.0017920460932002924
2012-01-27,1.9553329944610596,0.001845234727098648
2012-01-30,1.9713330268859863,0.001877966231631209
2012-01-31,1.937999963760376,0.0018097762881483272
2012-02-01,1.972000002861023,0.0018793306743129625
2012-02-02,2.016666889190674,0.0019707063886569304
2012-02-03,2.076667070388794,0.0020934496525881405
2012-02-06,2.119999885559082,0.0021820962377003816
2012-02-07,2.1066670417785645,0.0021548210406855273
2012-02-08,2.128667116165161,0.0021998269203848527
2012-02-09,2.171999931335449,0.002288473505497093
2012-02-10,2.0733330249786377,0.0020866291462568985
2012-02-13,2.0993330478668213,0.0021398177801552542
2012-02-14,2.2113330364227295,0.00236893782414674
2012-02-15,2.240000009536743,0.0024275822778263654
2012-02-16,2.2786669731140137,0.002506683860871786
2012-02-17,2.3313329219818115,0.002614423376536287
2012-02-21,2.299999952316284,0.002550325054021139
2012-02-22,2.2813329696655273,0.0025121377297073096
2012-02-23,2.302000045776367,0.0025544166749888724
2012-02-24,2.25,0.002448039407192161
2012-02-27,2.2413330078125,0.002430309212244127
2012-02-28,2.253999948501587,0.002456222161391192
2012-02-29,2.2273330688476562,0.0024016693286793003
2012-03-01,2.2939999103546143,0.0025380506788543747
2012-03-02,2.2693328857421875,0.0024875889793737798
2012-03-05,2.251332998275757,0.0024507663416099227
2012-03-06,2.2073330879211426,0.002360755069947709
2012-03-07,2.2079999446868896,0.0023621192687612444
2012-03-08,2.204667091369629,0.0023553012011121865
2012-03-09,2.315999984741211,0.002583056558553699
2012-03-12,2.4006669521331787,0.002756261034229068
2012-03-13,2.4059998989105225,0.0027671707228458598
2012-03-14,2.3526670932769775,0.002658067008367823
2012-03-15,2.3333330154418945,0.002618514997504021
2012-03-16,2.3546669483184814,0.002662158141599121
2012-03-19,2.3320000171661377,0.0026157880630862593
2012-03-20,2.330667018890381,0.0026130611286684985
2012-03-21,2.3433330059051514,0.0026389721268698166
2012-03-22,2.293333053588867,0.0025366864800408385
2012-03-23,2.2720000743865967,0.0024930452868914864
2012-03-26,2.493333101272583,0.002945829555093187
2012-03-27,2.5293331146240234,0.0030194753183573385
2012-03-28,2.5233330726623535,0.003007200943190574
2012-03-29,2.4886670112609863,0.0029362840652899305
2012-03-30,2.4826669692993164,0.002924009690123166
2012-04-02,2.438667058944702,0.0028339984184609533
2012-04-03,2.5339999198913574,0.003029022271369906
2012-04-04,2.3333330154418945,0.002618514997504021
2012-04-05,2.2986669540405273,0.0025475981196033774
2012-04-09,2.2100000381469727,0.0023662108897289785
2012-04-10,2.1640000343322754,0.0022721079970990316
2012-04-11,2.2060000896453857,0.0023580281355299474
2012-04-12,2.22933292388916,0.0024057604619105973
2012-04-13,2.239332914352417,0.002426217591276393
2012-04-16,2.1500000953674316,0.002243468113534205
2012-04-17,2.1493330001831055,0.0022421034269842323
2012-04-18,2.177333116531372,0.002299383681850322
2012-04-19,2.2106668949127197,0.0023675750885425147
2012-04-20,2.2106668949127197,0.0023675750885425147
2012-04-23,2.129333019256592,0.002201189168252641
2012-04-24,2.121332883834839,0.0021848231721181425
2012-04-25,2.194000005722046,0.0023334793851964184
2012-04-26,2.2326669692993164,0.0024125809682418392
2012-04-27,2.2226669788360596,0.0023921238388760436
2012-04-30,2.208667039871216,0.002363483955311217
2012-05-01,2.252000093460083,0.002452131028159895
2012-05-02,2.262666940689087,0.002473952356339226
2012-05-03,2.1640000343322754,0.0022721079970990316
2012-05-04,2.121999979019165,0.002186187858668115
2012-05-07,2.1646668910980225,0.002273472195912567
2012-05-08,2.012666940689087,0.0019625236344578993
2012-05-09,2.003999948501587,0.0019447934395098654
2012-05-10,2.1973330974578857,0.0023402979405819134
2012-05-11,2.1500000953674316,0.002243468113534205
2012-05-14,2.003999948501587,0.0019447934395098654
2012-05-15,1.9620000123977661,0.0018588735449471669
2012-05-16,1.9453330039978027,0.0018247775977328524
2012-05-17,1.9046670198440552,0.001741586588533663
2012-05-18,1.8373329639434814,0.001603840307940398
2012-05-21,1.9179999828338623,0.001768862029416736
2012-05-22,2.053333044052124,0.0020457148875253073
2012-05-23,2.068000078201294,0.0020757194576401065
2012-05-24,2.018666982650757,0.0019747980096246637
2012-05-25,1.987333059310913,0.001910697736163769
2012-05-29,2.1126670837402344,0.002167095415852292
2012-05-30,2.0273330211639404,0.0019925262536269516
2012-05-31,1.9666670560836792,0.0018684209856961705
2012-06-01,1.8766670227050781,0.0016843065775357918
2012-06-04,1.858667016029358,0.001647483695903716
2012-06-05,1.8606669902801514,0.0016515750730032317
2012-06-06,1.9479999542236328,0.0018302334175141228
2012-06-07,1.9286669492721558,0.001790683601464285
2012-06-08,2.0053329467773438,0.0019475203739276262
2012-06-11,1.9413330554962158,0.0018165948435338222
2012-06-12,1.9773329496383667,0.0018902403629297553
2012-06-13,1.9846669435501099,0.0019052436234600276
2012-06-14,1.9593329429626465,0.0018534174812976792
2012-06-15,1.99399995803833,0.0019243363101440697
2012-06-18,2.122667074203491,0.0021875525452180874
2012-06-19,2.1393330097198486,0.0022216462976184367
2012-06-20,2.252000093460083,0.002452131028159895
2012-06-21,2.1459999084472656,0.0022352848715987373
2012-06-22,2.25266695022583,0.0024534952269734305
2012-06-25,2.2073330879211426,0.002360755069947709
2012-06-26,2.107332944869995,0.0021561832885533165
2012-06-27,2.130666971206665,0.0022039180536161497
2012-06-28,2.0940001010894775,0.0021289080915384622
2012-06-29,2.0859999656677246,0.0021125420954039636
2012-07-02,2.0266671180725098,0.0019911640057591624
2012-07-03,2.0439999103546143,0.002026621956973048
2012-07-05,2.0820000171661377,0.0021043593412049325
2012-07-06,2.065999984741211,0.0020716278366723724
2012-07-09,2.0993330478668213,0.0021398177801552542
2012-07-10,2.0846669673919678,0.002109815160986203
2012-07-11,2.1006669998168945,0.002142546665518763
2012-07-12,2.180000066757202,0.0023048395016315917
2012-07-13,2.2833330631256104,0.002516229350675043
2012-07-16,2.3973329067230225,0.002749440527897826
2012-07-17,2.2233328819274902,0.002393486086743833
2012-07-18,2.1433329582214355,0.002229829051817468
2012-07-19,2.1513330936431885,0.0022461950479519665
2012-07-20,2.119333028793335,0.0021807320388868455
2012-07-23,2.0439999103546143,0.002026621956973048
2012-07-24,1.9893330335617065,0.0019147891132632842
2012-07-25,1.9299999475479126,0.0017934105358820467
2012-07-26,1.8753329515457153,0.0016815774483040654
2012-07-27,1.9673329591751099,0.0018697832335639597
2012-07-30,1.8233330249786377,0.0015752004243755717
2012-07-31,1.8279999494552612,0.0015847476212563568
2012-08-01,1.75,0.0014251819634295074
2012-08-02,1.7400000095367432,0.0014047248340637117
2012-08-03,1.8179999589920044,0.0015642904918905611
2012-08-06,1.8846670389175415,0.0017006723298020718
2012-08-07,2.016666889190674,0.0019707063886569304
2012-08-08,1.9393329620361328,0.001812503222566088
2012-08-09,1.9606670141220093,0.001856146610529406
2012-08-10,1.996000051498413,0.001928427931111803
2012-08-13,2.078000068664551,0.002096176587005902
2012-08-14,1.9613330364227295,0.0018575091022654134
2012-08-15,1.9600000381469727,0.0018547821678476517
2012-08-16,2.0199999809265137,0.0019775249440424254
2012-08-17,2.000667095184326,0.0019379753718608067
2012-08-20,1.9673329591751099,0.0018697832335639597
2012-08-21,1.9406670331954956,0.0018152323517978148
2012-08-22,1.9966670274734497,0.0019297923737935574
2012-08-23,2.0486669540405273,0.0020361693977220506
2012-08-24,1.9666670560836792,0.0018684209856961705
2012-08-27,1.8880000114440918,0.0017074906413193486
2012-08-28,1.9126670360565186,0.001757952340799943
2012-08-29,1.8940000534057617,0.0017197650164861135
2012-08-30,1.8940000534057617,0.0017197650164861135
2012-08-31,1.901332974433899,0.001734766082202421
2012-09-04,1.8760000467300415,0.0016829421348540379
2012-09-05,1.8626669645309448,0.0016556664501027468
2012-09-06,1.9033329486846924,0.0017388574593019367
2012-09-07,1.9566669464111328,0.0018479636124621567
2012-09-10,1.824666976928711,0.00157792930973908
2012-09-11,1.8533329963684082,0.0016365718124729586
2012-09-12,1.8853329420089722,0.001702034577669861
2012-09-13,1.9653329849243164,0.0018656918564644437
2012-09-14,2.0260000228881836,0.00198979931920919
2012-09-17,2.169332981109619,0.0022830176857158236
2012-09-18,2.0893330574035645,0.0021193606507894586
2012-09-19,2.069999933242798,0.0020798105908714035
2012-09-20,2.059999942779541,0.002059353461505608
2012-09-21,2.001332998275757,0.0019393376197285959
2012-09-24,2.0439999103546143,0.002026621956973048
2012-09-25,1.843999981880188,0.0016174791257889173
2012-09-26,1.8359999656677246,0.0016011133735226368
2012-09-27,1.8993330001831055,0.0017306747051029055
2012-09-28,1.9520000219345093,0.0018384164155813712
2012-10-01,1.944000005722046,0.0018220506633150916
2012-10-02,1.9866670370101929,0.0019093352444277617
2012-10-03,1.9533330202102661,0.001841143349999133
2012-10-04,1.9600000381469727,0.0018547821678476517
2012-10-05,1.9259999990463257,0.0017852277816830155
2012-10-08,1.9500000476837158,0.001834325038481856
2012-10-09,1.891332983970642,0.0017143089528366255
2012-10-10,1.8933329582214355,0.001718400329936141
2012-10-11,1.8880000114440918,0.0017074906413193486
2012-10-12,1.8426669836044312,0.0016147521913711556
2012-10-15,1.8220000267028809,0.0015724734899578104
2012-10-16,1.8706669807434082,0.0016720322023690273
2012-10-17,1.9213329553604126,0.0017756803409340119
2012-10-18,1.869333028793335,0.0016693033170055186
2012-10-19,1.8493330478668213,0.0016283890582739278
2012-10-22,1.8566670417785645,0.0016433923188042005
2012-10-23,1.8926670551300049,0.0017170380820683523
2012-10-24,1.8279999494552612,0.0015847476212563568
2012-10-25,1.8346669673919678,0.0015983864391048755
2012-10-26,1.8253329992294312,0.0015792918014750873
2012-10-31,1.8753329515457153,0.0016815774483040654
2012-11-01,1.9500000476837158,0.001834325038481856
2012-11-02,1.9279999732971191,0.0017893191587825315
2012-11-05,2.0999999046325684,0.0021411819789687904
2012-11-06,2.076667070388794,0.0020934496525881405
2012-11-07,2.1026670932769775,0.002146638286486496
2012-11-08,2.0873329639434814,0.0021152690298217253
2012-11-09,2.0213329792022705,0.001980251878460187
2012-11-12,2.0713329315185547,0.0020825375252891644
2012-11-13,2.107332944869995,0.0021561832885533165
2012-11-14,2.0920000076293945,0.002124816470570728
2012-11-15,2.0546669960021973,0.002048443772888816
2012-11-16,2.122667074203491,0.0021875525452180874
2012-11-19,2.194667100906372,0.002334844071746391
2012-11-20,2.200000047683716,0.002345753760363183
2012-11-21,2.1646668910980225,0.002273472195912567
2012-11-23,2.1419999599456787,0.002227102117399706
2012-11-26,2.1513330936431885,0.0022461950479519665
2012-11-27,2.1433329582214355,0.002229829051817468
2012-11-28,2.2153329849243164,0.0023771205783457705
2012-11-29,2.246000051498413,0.00243985665299313
2012-11-30,2.254667043685913,0.0024575868479411647
2012-12-03,2.308000087738037,0.0025666910501556377
2012-12-04,2.259999990463257,0.0024684965365579566
2012-12-05,2.24733304977417,0.0024425835874108915
2012-12-06,2.259999990463257,0.0024684965365579566
2012-12-07,2.2780001163482666,0.002505319662058251
2012-12-10,2.3046669960021973,0.0025598724947701428
2012-12-11,2.3519999980926514,0.0026567023218178505
2012-12-12,2.3506669998168945,0.0026539753874000897
2012-12-13,2.2406671047210693,0.002428946964376338
2012-12-14,2.253999948501587,0.002456222161391192
2012-12-17,2.293333053588867,0.0025366864800408385
2012-12-18,2.305999994277954,0.0025625994291879036
2012-12-19,2.307332992553711,0.0025653263636056653
2012-12-20,2.295332908630371,0.0025407776132721355
2012-12-21,2.266666889190674,0.0024821351105382573
2012-12-24,2.2853329181671143,0.00252032048390634
2012-12-26,2.239332914352417,0.002426217591276393
2012-12-27,2.246000051498413,0.00243985665299313
2012-12-28,2.2146670818328857,0.002375758330477982
2012-12-31,2.257999897003174,0.0024644049155902225
2013-01-02,2.357332944869995,0.0026676120104346434
2013-01-03,2.318000078201294,0.0025871481795214334
2013-01-04,2.293333053588867,0.0025366864800408385
2013-01-07,2.2893331050872803,0.0025285037258418073
2013-01-08,2.245332956314087,0.0024384919664431574
2013-01-09,2.2426669597625732,0.002433038097607635
2013-01-10,2.23533296585083,0.0024180348370773617
2013-01-11,2.194000005722046,0.0023334793851964184
2013-01-14,2.2173330783843994,0.0023812121993135047
2013-01-15,2.259999990463257,0.0024684965365579566
2013-01-16,2.2733330726623535,0.0024957722213092472
2013-01-17,2.2920000553131104,0.0025339595456230777
2013-01-18,2.301332950592041,0.0025530519884389
2013-01-22,2.3459999561309814,0.002644427946651086
2013-01-23,2.4000000953674316,0.0027548968354155316
2013-01-24,2.4660000801086426,0.00288991398677707
2013-01-25,2.4653329849243164,0.0028885493002270973
2013-01-28,2.5353329181671143,0.0030317492057876667
2013-01-29,2.5299999713897705,0.0030208395171708747
2013-01-30,2.501332998275757,0.0029621950634912495
2013-01-31,2.500667095184326,0.0029608328156234603
2013-02-01,2.553333044052124,0.003068572331287961
2013-02-04,2.5160000324249268,0.002992199633606048
2013-02-05,2.5420000553131104,0.0030453882675044045
2013-02-06,2.611332893371582,0.0031872234865150005
2013-02-07,2.631999969482422,0.003229502431796564
2013-02-08,2.615999937057495,0.003196770927264004
2013-02-11,2.561332941055298,0.0030849378396860224
2013-02-12,2.5260000228881836,0.0030126567629718435
2013-02-13,2.563333034515381,0.0030890294606537565
2013-02-14,2.551332950592041,0.0030644807103202268
2013-02-15,2.4693329334259033,0.0028967320544261285
2013-02-19,2.618666887283325,0.0032022267470452736
2013-02-20,2.569333076477051,0.003101303835820521
2013-02-21,2.3440001010894775,0.002640336813419789
2013-02-22,2.4073328971862793,0.0027698976572636215
2013-02-25,2.2920000553131104,0.0025339595456230777
2013-02-26,2.295332908630371,0.0025407776132721355
2013-02-27,2.3399999141693115,0.0026321535714843216
2013-02-28,2.322000026702881,0.0025953309337204637
2013-03-01,2.309999942779541,0.0025707821833869347
2013-03-04,2.371999979019165,0.0026976165805494418
2013-03-05,2.4433329105377197,0.002843543420527773
2013-03-06,2.512666940689087,0.002985381078220553
2013-03-07,2.5486669540405273,0.0030590268414847042
2013-03-08,2.564666986465454,0.003091758346017265
2013-03-11,2.6066670417785645,0.003177678484448181
2013-03-12,2.6080000400543213,0.0031804054188659427
2013-03-13,2.5986669063568115,0.0031613124883136823
2013-03-14,2.456666946411133,0.0028708210562248104
2013-03-15,2.3526670932769775,0.002658067008367823
2013-03-18,2.3433330059051514,0.0026389721268698166
2013-03-19,2.3386669158935547,0.00262942663706656
2013-03-20,2.396667003631592,0.0027480782800300366
2013-03-21,2.4006669521331787,0.002756261034229068
2013-03-22,2.441333055496216,0.002839452287296476
2013-03-25,2.502000093460083,0.002963559750041222
2013-03-26,2.5239999294281006,0.0030085651420041102
2013-03-27,2.5439999103546143,0.0030494794007357015
2013-03-28,2.5260000228881836,0.0030126567629718435
2013-04-01,2.9286670684814453,0.0038363987328578113
2013-04-02,2.9560000896453857,0.003892314301173928
2013-04-03,2.740000009536743,0.003450439721589019
2013-04-04,2.8006670475006104,0.0035745471843337652
2013-04-05,2.757999897003174,0.003487262359352876
2013-04-08,2.7886669635772705,0.0035499984340002354
2013-04-09,2.700000047683716,0.0033686112041258365
2013-04-10,2.7906670570373535,0.0035540900549679696
2013-04-11,2.9059998989105225,0.0037900281666085134
2013-04-12,2.9166669845581055,0.0038118499825242815
2013-04-15,2.886667013168335,0.0037504785944268947
2013-04-16,3.0393331050872803,0.004062789891485788
2013-04-17,3.0299999713897705,0.004043696960933528
2013-04-18,3.131333112716675,0.0042509956767456825
2013-04-19,3.188667058944702,0.004368284584104934
2013-04-22,3.3459999561309814,0.004690142834176393
2013-04-23,3.4006669521331787,0.004801975921754375
2013-04-24,3.361999988555908,0.004722874338708953
2013-04-25,3.4666669368743896,0.004936993073115913
2013-04-26,3.413332939147949,0.004827886919955693
2013-04-29,3.6626670360565186,0.005337953393969231
2013-04-30,3.5993330478668213,0.005208390111443215
2013-05-01,3.552000045776367,0.0051115602843955065
2013-05-02,3.607332944869995,0.0052247556198412775
2013-05-03,3.636667013168335,0.005284764760070875
2013-05-06,3.9666669368743896,0.005959850516878567
2013-05-07,3.700666904449463,0.00541569029046468
2013-05-08,3.7193329334259033,0.005453875663832763
2013-05-09,4.626667022705078,0.007310022518230387
2013-05-10,5.117332935333252,0.008313785080495033
2013-05-13,5.853332996368408,0.009819431362574188
2013-05-14,5.549333095550537,0.009197534239664852
2013-05-15,5.656000137329102,0.009415744595039546
2013-05-16,6.150000095367432,0.010426327663635434
2013-05-17,6.099999904632568,0.01032404152907002
2013-05-20,5.995999813079834,0.010111286993476595
2013-05-21,5.8393330574035645,0.009790791479009362
2013-05-22,5.815999984741211,0.009743058664892276
2013-05-23,6.182000160217285,0.010491790672700554
2013-05-24,6.4720001220703125,0.011085047912045063
2013-05-28,7.355332851409912,0.012892094827093446
2013-05-29,6.975333213806152,0.012114723911193212
2013-05-30,6.99666690826416,0.012158366567551876
2013-05-31,6.517333030700684,0.011177786118125038
2013-06-03,6.172667026519775,0.010472697742148296
2013-06-04,6.322667121887207,0.010779555170371666
2013-06-05,6.357999801635742,0.010851835759349409
2013-06-06,6.489999771118164,0.011121870062072485
2013-06-07,6.802667140960693,0.011761498355402729
2013-06-10,6.670000076293945,0.011490099366129679
2013-06-11,6.297999858856201,0.010729092983154635
2013-06-12,6.51533317565918,0.01117369498489374
2013-06-13,6.545332908630371,0.011235065885254691
2013-06-14,6.686666965484619,0.011524195069475775
2013-06-17,6.813333034515381,0.011783317732636312
2013-06-18,6.892666816711426,0.011945612031958451
2013-06-19,6.97866678237915,0.012121543442051581
2013-06-20,6.710000038146973,0.011571927883592861
2013-06-21,6.636666774749756,0.01142190893491036
2013-06-24,6.765999794006348,0.011686487417852167
2013-06-25,6.826666831970215,0.011810594880596914
2013-06-26,7.047999858856201,0.012263379148798615
2013-06-27,7.283332824707031,0.012744803300565143
2013-06-28,7.157332897186279,0.01248704337300883
2013-07-01,7.811999797821045,0.01382630519800742
2013-07-02,7.8546671867370605,0.013913590510724747
2013-07-03,7.682666778564453,0.013561726715065614
2013-07-05,8.005999565124512,0.01422317341015657
2013-07-08,8.107333183288574,0.014430473101441597
2013-07-09,8.229999542236328,0.01468141349813954
2013-07-10,8.15133285522461,0.014520483885367374
2013-07-11,8.37399959564209,0.014975996551196146
2013-07-12,8.65999984741211,0.015561071524078061
2013-07-15,8.484000205993652,0.015201026437429207
2013-07-16,7.269999980926514,0.012717528103550289
2013-07-17,8.016667366027832,0.014244996689281648
2013-07-18,7.935332775115967,0.014078609305782464
2013-07-19,7.97866678237915,0.014167258329576889
2013-07-22,8.161999702453613,0.014542305213546703
2013-07-23,8.182666778564453,0.014584584158828268
2013-07-24,8.113332748413086,0.014442746501135487
2013-07-25,8.271332740783691,0.014765969437756921
2013-07-26,8.62600040435791,0.015491518357254517
2013-07-29,8.974666595458984,0.01620478997516673
2013-07-30,8.78266716003418,0.01581201387172175
2013-07-31,8.95199966430664,0.016158419896653866
2013-08-01,9.036666870117188,0.01633162486006567
2013-08-02,9.199999809265137,0.016665757485303898
2013-08-05,9.645333290100098,0.017576782816961442
2013-08-06,9.476667404174805,0.017231740503106427
2013-08-07,8.9486665725708,0.016151601341268373
2013-08-08,10.232000350952148,0.0187769363573672
2013-08-09,10.199999809265137,0.018711472372829205
2013-08-12,9.825332641601562,0.01794501017007289
2013-08-13,9.695332527160645,0.01767906700058111
2013-08-14,9.290666580200195,0.01685123584840959
2013-08-15,9.311332702636719,0.01689351284274541
2013-08-16,9.466667175292969,0.017211282886004195
2013-08-19,9.65999984741211,0.01760678641160337
2013-08-20,9.972000122070312,0.01824505001838364
2013-08-21,9.857333183288574,0.018010474154610885
2013-08-22,10.473333358764648,0.019270634884300492
2013-08-23,10.78933334350586,0.019917080757543355
2013-08-26,10.947999954223633,0.020241667405241887
2013-08-27,11.133999824523926,0.020622170108992973
2013-08-28,11.096667289733887,0.020545798386783935
2013-08-29,11.070667266845703,0.02049260975288558
2013-08-30,11.266667366027832,0.020893570073738897
2013-09-03,11.262666702270508,0.020885385856330554
2013-09-04,11.374667167663574,0.021114506875794914
2013-09-05,11.328666687011719,0.021020403007692093
2013-09-06,11.131333351135254,0.020616715264684577
2013-09-09,10.713333129882812,0.019761605989079587
2013-09-10,11.091333389282227,0.020534886747221395
2013-09-11,10.90133285522461,0.02014619982606197
2013-09-12,10.995332717895508,0.02033849674455316
2013-09-13,11.03600025177002,0.020421690924039188
2013-09-16,11.10533332824707,0.02056352663078622
2013-09-17,11.081999778747559,0.02051579284119626
2013-09-18,11.08133316040039,0.020514429130119163
2013-09-19,11.861332893371582,0.022110086196124094
2013-09-20,12.22599983215332,0.022856090781778176
2013-09-23,12.074000358581543,0.02254514319579638
2013-09-24,12.155332565307617,0.022711525701931197
2013-09-25,12.349332809448242,0.023108394889553217
2013-09-26,12.576000213623047,0.02357209177279033
2013-09-27,12.726667404174805,0.023880313887563676
2013-09-30,12.891332626342773,0.02421717198401035
2013-10-01,12.866666793823242,0.024166712723211938
2013-10-02,12.063332557678223,0.0225233199166713
2013-10-03,11.553999900817871,0.021481370517829262
2013-10-04,12.065333366394043,0.022527413000848345
2013-10-07,12.204667091369629,0.02281245007636526
2013-10-08,11.648667335510254,0.0216750330983433
2013-10-09,11.251999855041504,0.020863564528151225
2013-10-10,11.528667449951172,0.02142954754595375
2013-10-11,11.91333293914795,0.022216463463920803
2013-10-14,11.981332778930664,0.02235557174851364
2013-10-15,12.262666702270508,0.02293110074385586
2013-10-16,12.237333297729492,0.022879275821034606
2013-10-17,12.186667442321777,0.02277562792633784
2013-10-18,12.226667404174805,0.022857456443801022
2013-10-21,11.506667137145996,0.021384541178517992
2013-10-22,11.435999870300293,0.021239976098671013
2013-10-23,10.966667175292969,0.020279855217292156
2013-10-24,11.543333053588867,0.021459549189649933
2013-10-25,11.310667037963867,0.020983580857664674
2013-10-28,10.857333183288574,0.020056189042136192
2013-10-29,10.964667320251465,0.020275764084060857
2013-10-30,10.614666938781738,0.0195597630930487
2013-10-31,10.662667274475098,0.019657958094382817
2013-11-01,10.811332702636719,0.019962085174033372
2013-11-04,11.680000305175781,0.021739131420858447
2013-11-05,11.787332534790039,0.021958702560891618
2013-11-06,10.077333450317383,0.01846053197613126
2013-11-07,9.317999839782715,0.016907151904462146
2013-11-08,9.196666717529297,0.0166589389299184
2013-11-11,9.646666526794434,0.01757951023911564
2013-11-12,9.186667442321777,0.016638483263761918
2013-11-13,9.24666690826416,0.016761225064483815
2013-11-14,9.173333168029785,0.016611205140328444
2013-11-15,9.029999732971191,0.016317985798348936
2013-11-18,8.10533332824707,0.014426381968210299
2013-11-19,8.406000137329102,0.01504146053573414
2013-11-20,8.074000358581543,0.01436228364569515
2013-11-21,8.140000343322754,0.01449730079705669
2013-11-22,8.092000007629395,0.014399105795722573
2013-11-25,8.055999755859375,0.014325459544721985
2013-11-26,8.033332824707031,0.014279089466209122
2013-11-27,8.462667465209961,0.015157385732016294
2013-11-29,8.485333442687988,0.015203753859583405
2013-12-02,8.277999877929688,0.014779608499473657
2013-12-03,9.646666526794434,0.01757951023911564
2013-12-04,9.263333320617676,0.01679531979235704
2013-12-05,9.36533260345459,0.01700398124377342
2013-12-06,9.157333374023438,0.01657847412353232
2013-12-09,9.4399995803833,0.017156728590082992
2013-12-10,9.47933292388916,0.017237193396469074
2013-12-11,9.3100004196167,0.01689078737153696
2013-12-12,9.83133316040039,0.01795728552071253
2013-12-13,9.84333324432373,0.01798183427104606
2013-12-16,9.862667083740234,0.018021385794173422
2013-12-17,10.163999557495117,0.018637826121828616
2013-12-18,9.86533260345459,0.018026838687536073
2013-12-19,9.381333351135254,0.01703671421151529
2013-12-20,9.549332618713379,0.017380392814293207
2013-12-23,9.569999694824219,0.017422671759574772
2013-12-24,10.093999862670898,0.018494626704004483
2013-12-26,10.366666793823242,0.01905242550439867
2013-12-27,10.074666976928711,0.018455077131822865
2013-12-30,10.162667274475098,0.018635100650620164
2013-12-31,10.028667449951172,0.01836097521466579
2014-01-02,10.006667137145996,0.01831596884723003
2014-01-03,9.970666885375977,0.018242322596229443
2014-01-06,9.800000190734863,0.01789318719819738
2014-01-07,9.957332611083984,0.018215044472795965
2014-01-08,10.085332870483398,0.01847689650905645
2014-01-09,9.835332870483398,0.017965467787175123
2014-01-10,9.714667320251465,0.017718620474654223
2014-01-13,9.28933334350586,0.016848508426255394
2014-01-14,10.751333236694336,0.01983934337331147
2014-01-15,10.942000389099121,0.020229394005547997
2014-01-16,11.39799976348877,0.021162238714439126
2014-01-17,11.333999633789062,0.021031312696308885
2014-01-21,11.778667449951172,0.021940976267835078
2014-01-22,11.904000282287598,0.022197371508841417
2014-01-23,12.100000381469727,0.022598331829694736
2014-01-24,11.640000343322754,0.021657302903395265
2014-01-27,11.307999610900879,0.02097812406241053
2014-01-28,11.892000198364258,0.02217282275850789
2014-01-29,11.682000160217285,0.021743222554089746
2014-01-30,12.189332962036133,0.022781080819700487
2014-01-31,12.093999862670898,0.022586056479055098
2014-02-03,11.807332992553711,0.021999617795096085
2014-02-04,11.915332794189453,0.022220554597152102
2014-02-05,11.628000259399414,0.021632754153061737
2014-02-06,11.892000198364258,0.02217282275850789
2014-02-07,12.435333251953125,0.02328432727511922
2014-02-10,13.104000091552734,0.024652228983682637
2014-02-11,13.107999801635742,0.02466041125014523
2014-02-12,13.021332740783691,0.02448311515350213
2014-02-13,13.308667182922363,0.02507091949948399
2014-02-14,13.215332984924316,0.02487998434112415
2014-02-18,13.579999923706055,0.025625988926778233
2014-02-19,12.909333229064941,0.024253996084983517
2014-02-20,13.998000144958496,0.026481098202383223
2014-02-21,13.973333358764648,0.026430636990639068
2014-02-24,14.510000228881836,0.027528504396479407
2014-02-25,16.53333282470703,0.031667666010174234
2014-02-26,16.866666793823242,0.03234957227331317
2014-02-27,16.836000442504883,0.03228683766187512
2014-02-28,16.320667266845703,0.03123261291239344
2014-03-03,16.70400047302246,0.032016803359152045
2014-03-04,16.98933219909668,0.03260051071906536
2014-03-05,16.8439998626709,0.03230320219480031
2014-03-06,16.862667083740234,0.03234139000685057
2014-03-07,16.413999557495117,0.03142354416886178
2014-03-10,15.922666549682617,0.030418416920047167
2014-03-11,15.62733268737793,0.02981424804114012
2014-03-12,16.099332809448242,0.030779825717773122
2014-03-13,15.852666854858398,0.030275217502223034
2014-03-14,15.39799976348877,0.029345098264540355
2014-03-17,15.59866714477539,0.029755606513879117
2014-03-18,16.002666473388672,0.030582073954973532
2014-03-19,15.72266674041748,0.030009274332731255
2014-03-20,15.660667419433594,0.029882441398778055
2014-03-21,15.259332656860352,0.02906142490010054
2014-03-24,14.678000450134277,0.027872184950203074
2014-03-25,14.696000099182129,0.027909007100230494
2014-03-26,14.197333335876465,0.026888877078622038
2014-03-27,13.821332931518555,0.026119687453711526
2014-03-28,14.157999992370605,0.026808412272235953
2014-03-31,13.896666526794434,0.026273798511098196
2014-04-01,14.464667320251465,0.027435766190399433
2014-04-02,15.352666854858398,0.02925236005846038
2014-04-03,15.026666641235352,0.028585456568115283
2014-04-04,14.148667335510254,0.026789320317156567
2014-04-07,13.834667205810547,0.026146965577145
2014-04-08,14.36400032043457,0.027229830210191503
2014-04-09,14.461999893188477,0.02743030939514529
2014-04-10,13.612667083740234,0.025692816622393325
2014-04-11,13.585332870483398,0.025636898615395025
2014-04-14,13.206000328063965,0.024860892386044765
2014-04-15,12.927332878112793,0.02429081823501094
2014-04-16,13.27400016784668,0.0250000006706376
2014-04-17,13.208000183105469,0.02486498351927606
2014-04-21,13.625332832336426,0.025718727132858207
2014-04-22,14.576000213623047,0.027663521547840946
2014-04-23,13.866000175476074,0.026211063899660148
2014-04-24,13.857333183288574,0.026193333704712114
2014-04-25,13.323332786560059,0.025100921143180167
2014-04-28,13.234000205993652,0.024918172153174416
2014-04-29,13.79466724395752,0.026065137059681817
2014-04-30,13.859333038330078,0.02619742483794341
2014-05-01,13.84866714477539,0.026175605460709826
2014-05-02,14.060667037963867,0.02660929679835927
2014-05-05,14.440667152404785,0.027386668689732375
2014-05-06,13.8186674118042,0.026114234560348875
2014-05-07,13.423333168029785,0.025305493412311
2014-05-08,11.906000137329102,0.022201462642072716
2014-05-09,12.150667190551758,0.02270198167533725
2014-05-12,12.311332702636719,0.023030657505321333
2014-05-13,12.677332878112793,0.023779389513129613
2014-05-14,12.708000183105469,0.023842126075513406
2014-05-15,12.572667121887207,0.023565273217404835
2014-05-16,12.77066707611084,0.023970324671489452
2014-05-19,13.072667121887207,0.02458813066116749
2014-05-20,13.020000457763672,0.024480389682293678
2014-05-21,13.296667098999023,0.025046370749150462
2014-05-22,13.658666610717773,0.0257869185395504
2014-05-23,13.819999694824219,0.026116960031557328
2014-05-27,14.104000091552734,0.026697943871207944
2014-05-28,14.015999794006348,0.026517920352410646
2014-05-29,14.015999794006348,0.026517920352410646
2014-05-30,13.851332664489746,0.026181058354072476
2014-06-02,13.646666526794434,0.02576236978921687
2014-06-03,13.662667274475098,0.02579510275695874
2014-06-04,13.599332809448242,0.02566553849895985
2014-06-05,13.793333053588867,0.026062407686581874
2014-06-06,13.878000259399414,0.02623561264999368
2014-06-09,13.687333106994629,0.025845562017757152
2014-06-10,13.486666679382324,0.02543505571936414
2014-06-11,13.631333351135254,0.025731002483497845
2014-06-12,13.567999839782715,0.025601440176444702
2014-06-13,13.761333465576172,0.025996945652989625
2014-06-16,14.973999977111816,0.028477715589241472
2014-06-17,15.444666862487793,0.029440565843720276
2014-06-18,15.141332626342773,0.028820030480942293
2014-06-19,15.185999870300293,0.028911406926890915
2014-06-20,15.305999755859375,0.02915689247928046
2014-06-23,15.814666748046875,0.03019748011799115
2014-06-24,15.5,0.029553761666902482
2014-06-25,15.792667388916016,0.030152475701501133
2014-06-26,15.706666946411133,0.029976543315935134
2014-06-27,15.937333106994629,0.030448420514689094
2014-06-30,16.003999710083008,0.030584801377127734
2014-07-01,15.981332778930664,0.030538431298614867
2014-07-02,15.295332908630371,0.02913507115110113
2014-07-03,15.283332824707031,0.0291105224007676
2014-07-07,14.843999862670898,0.028211772419749693
2014-07-08,14.604666709899902,0.0277221650260477
2014-07-09,14.870667457580566,0.028266326715670895
2014-07-10,14.630666732788086,0.027775353659946055
2014-07-11,14.541999816894531,0.027593966430071656
2014-07-14,15.113332748413086,0.028762750713812638
2014-07-15,14.638667106628418,0.02779172014381699
2014-07-16,14.477333068847656,0.027461676700864315
2014-07-17,14.359999656677246,0.027221645992783164
2014-07-18,14.668000221252441,0.027851727333100842
2014-07-21,14.702667236328125,0.02792264616194723
2014-07-22,14.638667106628418,0.02779172014381699
2014-07-23,14.832667350769043,0.028188589331439008
2014-07-24,14.902667045593262,0.02833178874926314
2014-07-25,14.904666900634766,0.02833587988249444
2014-07-28,14.98799991607666,0.028506355472806298
2014-07-29,15.000666618347168,0.02853226793421693
2014-07-30,15.261333465576172,0.029065517984277586
2014-07-31,14.886667251586914,0.02829905773246702
2014-08-01,15.5513334274292,0.0296587752236221
2014-08-04,15.90133285522461,0.030374774263688502
2014-08-05,15.899333000183105,0.03037068313045721
2014-08-06,16.595333099365234,0.03179450089507318
2014-08-07,16.826000213623047,0.032266380044772884
2014-08-08,16.54199981689453,0.03168539620512227
2014-08-11,17.288000106811523,0.033211500104303654
2014-08-12,17.33066749572754,0.03329878541702098
2014-08-13,17.354000091552734,0.033346517255665196
2014-08-14,17.42533302307129,0.033492444095643524
2014-08-15,17.46733283996582,0.033578363746338005
2014-08-18,17.32933235168457,0.033296054092975286
2014-08-19,17.117332458496094,0.03286236275532585
2014-08-20,17.047332763671875,0.03271916333750172
2014-08-21,16.95599937438965,0.03253232126331892
2014-08-22,17.118667602539062,0.03286509407937154
2014-08-25,17.503332138061523,0.033652008046392845
2014-08-26,17.44933319091797,0.033541541596310585
2014-08-27,17.549999237060547,0.033747475625572766
2014-08-28,17.590667724609375,0.03383067175600454
2014-08-29,17.979999542236328,0.03462713365151129
2014-09-02,18.941333770751953,0.03659374939467336
2014-09-03,18.746000289916992,0.036194152784897134
2014-09-04,19.069332122802734,0.03685559752904234
2014-09-05,18.492666244506836,0.03567590355668457
2014-09-08,18.80733299255371,0.036319622007773236
2014-09-09,18.565332412719727,0.0358245578188171
2014-09-10,18.739999771118164,0.0361818774342575
2014-09-11,18.687332153320312,0.036074134504437944
2014-09-12,18.613332748413086,0.03592275282015121
2014-09-15,16.923999786376953,0.032466859229726676
2014-09-16,17.382667541503906,0.03340516268481769
2014-09-17,17.42533302307129,0.033492444095643524
2014-09-18,17.58799934387207,0.03382521300980465
2014-09-19,17.288000106811523,0.033211500104303654
2014-09-22,16.66866683959961,0.03194452081922856
2014-09-23,16.694000244140625,0.03199634574204981
2014-09-24,16.80933380126953,0.032232285316899666
2014-09-25,16.463333129882812,0.0315244665923501
2014-09-26,16.440000534057617,0.03147673475370589
2014-09-29,16.35066795349121,0.03129398576370014
2014-09-30,16.178667068481445,0.030942120992568135
2014-10-01,16.016000747680664,0.03060935207840701
2014-10-02,16.761333465576172,0.03213409031556555
2014-10-03,17.013999938964844,0.03265097388175527
2014-10-06,17.374666213989258,0.03338879425000101
2014-10-07,17.30466651916504,0.03324559483217688
2014-10-08,17.28533363342285,0.03320604525999526
2014-10-09,17.134000778198242,0.032896461385090565
2014-10-10,15.793999671936035,0.03015520117270959
2014-10-13,14.97266674041748,0.028474988167087274
2014-10-14,15.137332916259766,0.0288118482144797
2014-10-15,15.313332557678223,0.02917189330112855
2014-10-16,15.09000015258789,0.028715018875168426
2014-10-17,15.165332794189453,0.02886912798160935
2014-10-20,15.364666938781738,0.02927690880879391
2014-10-21,15.689332962036133,0.029941082926039066
2014-10-22,15.40666675567627,0.029362828459488392
2014-10-23,15.685999870300293,0.029934264370653565
2014-10-24,15.682666778564453,0.029927445815268072
2014-10-27,14.777999877929688,0.028076755268388154
2014-10-28,16.184667587280273,0.03095439634320777
2014-10-29,15.873332977294922,0.03031749449655885
2014-10-30,15.910667419433594,0.03039387012065938
2014-10-31,16.113332748413086,0.030808465601337945
2014-11-03,16.172666549682617,0.030929845641928494
2014-11-04,15.928667068481445,0.03043069227068681
2014-11-05,15.39799976348877,0.029345098264540355
2014-11-06,16.08133316040039,0.030743003567745696
2014-11-07,16.01333236694336,0.030603893332207116
2014-11-10,16.1286678314209,0.030839836808948466
2014-11-11,16.738666534423828,0.03208772023705268
2014-11-12,16.606666564941406,0.03181768593432961
2014-11-13,16.780000686645508,0.03217227812761581
2014-11-14,17.245332717895508,0.03312421479158633
2014-11-17,16.93199920654297,0.032483223762651864
2014-11-18,17.18000030517578,0.03299056330224764
2014-11-19,16.516000747680664,0.03163220952216966
2014-11-20,16.58066749572754,0.031764499251377
2014-11-21,16.185333251953125,0.030955758103339122
2014-11-24,16.447999954223633,0.03149309928663108
2014-11-25,16.53933334350586,0.031679941360813875
2014-11-26,16.562667846679688,0.03172767710134958
2014-11-28,16.301332473754883,0.031193059438320327
2014-12-01,15.442667007446289,0.029436474710488977
2014-12-02,15.428667068481445,0.029407834826924155
2014-12-03,15.286666870117188,0.029117342907098845
2014-12-04,15.218667030334473,0.028978234622506007
2014-12-05,14.913999557495117,0.028354971837573826
2014-12-08,14.290666580200195,0.027079810286036128
2014-12-09,14.459333419799805,0.027424854550836895
2014-12-10,13.989333152770996,0.02646336800743519
2014-12-11,13.925333023071289,0.02633244198930495
2014-12-12,13.800000190734863,0.02607604674829861
2014-12-15,13.602666854858398,0.025672359005291093
2014-12-16,13.187333106994629,0.0248227045739945
2014-12-17,13.721332550048828,0.025915115184580697
2014-12-18,14.550666809082031,0.02761169662501969
2014-12-19,14.619333267211914,0.027752168620689622
2014-12-22,14.84000015258789,0.0282035901532871
2014-12-23,14.731332778930664,0.027981287689208236
2014-12-24,14.817333221435547,0.02815722007477424
2014-12-26,15.187999725341797,0.02891549806012221
2014-12-29,15.047332763671875,0.028627733562451102
2014-12-30,14.815333366394043,0.02815312894154294
2014-12-31,14.827333450317383,0.02817767769187647
2015-01-02,14.620667457580566,0.02775489799378957
2015-01-05,14.005999565124512,0.026497462735308414
2015-01-06,14.085332870483398,0.02665975605915768
2015-01-07,14.063332557678223,0.026614749691721916
2015-01-08,14.041333198547363,0.026569745275231902
2015-01-09,13.77733325958252,0.02602967666978575
2015-01-12,13.480667114257812,0.02542278231967025
2015-01-13,13.616666793823242,0.02570099888885592
2015-01-14,12.845999717712402,0.024124433777930377
2015-01-15,12.791333198547363,0.024012601665825268
2015-01-16,12.871333122253418,0.024176258700751633
2015-01-20,12.795332908630371,0.024020783932287862
2015-01-21,13.104666709899902,0.024653592694759738
2015-01-22,13.441332817077637,0.02534231556233842
2015-01-23,13.419333457946777,0.025297311145848406
2015-01-26,13.770000457763672,0.02601467584793766
2015-01-27,13.732000350952148,0.025936938463705775
2015-01-28,13.291333198547363,0.02503545910958792
2015-01-29,13.680000305175781,0.02583056119590906
2015-01-30,13.573332786560059,0.025612349865061494
2015-02-02,14.062666893005371,0.026613387931590564
2015-02-03,14.557332992553711,0.02762533373579068
2015-02-04,14.569999694824219,0.027651246197201308
2015-02-05,14.732666969299316,0.02798401706230818
2015-02-06,14.490667343139648,0.02748895482429779
2015-02-09,14.498666763305664,0.027505319357222977
2015-02-10,14.419333457946777,0.027343026033373713
2015-02-11,14.186667442321777,0.026867057701388454
2015-02-12,13.525333404541016,0.025514156814673124
2015-02-13,13.584667205810547,0.025635536855263673
2015-02-17,13.623332977294922,0.02571463599962691
2015-02-18,13.630666732788086,0.025729638772420748
2015-02-19,14.11400032043457,0.026718401488310176
2015-02-20,14.473999977111816,0.02745485814547882
2015-02-23,13.822667121887207,0.02612241682681147
2015-02-24,13.607333183288574,0.025681904982830787
2015-02-25,13.583999633789062,0.025634171193240827
2015-02-26,13.812666893005371,0.026101959209709237
2015-02-27,13.555999755859375,0.025576891426111175
2015-03-02,13.155332565307617,0.024757240589456504
2015-03-03,13.303999900817871,0.02506137157099855
2015-03-04,13.496000289916992,0.025454149625389274
2015-03-05,13.375332832336426,0.02520729841097688
2015-03-06,12.925333023071289,0.02428672710177964
2015-03-09,12.725333213806152,0.02387758451446373
2015-03-10,12.687999725341797,0.023801210841308942
2015-03-11,12.916000366210938,0.024267635146700255
2015-03-12,12.73799991607666,0.023903496975874357
2015-03-13,12.578666687011719,0.023577546617098728
2015-03-16,13.046667098999023,0.024534942027269135
2015-03-17,12.982000350952148,0.024402652298061794
2015-03-18,13.380666732788086,0.02521821005053942
2015-03-19,13.043333053588867,0.024528121520937893
2015-03-20,13.20533275604248,0.02485952672402192
2015-03-23,13.308667182922363,0.02507091949948399
2015-03-24,13.447999954223633,0.025355954624055155
2015-03-25,12.953332901000977,0.024344006868909293
2015-03-26,12.694000244140625,0.02381348619194858
2015-03-27,12.333333015441895,0.023075663872757095
2015-03-30,12.704667091369629,0.023835307520127913
2015-03-31,12.584667205810547,0.023589821967738366
2015-04-01,12.505999565124512,0.023428890404020453
2015-04-02,12.733332633972168,0.023893949047388917
2015-04-06,13.539999961853027,0.02554416040931505
2015-04-07,13.550000190734863,0.025564618026417282
2015-04-08,13.844667434692383,0.02616742319424723
2015-04-09,14.005999565124512,0.026497462735308414
2015-04-10,14.0600004196167,0.026607933087282168
2015-04-13,13.985333442687988,0.026455185740972595
2015-04-14,13.830666542053223,0.026138781359736657
2015-04-15,13.85533332824707,0.026189242571480816
2015-04-16,13.779999732971191,0.026035131514094145
2015-04-17,13.78600025177002,0.026047406864733783
2015-04-20,13.684666633605957,0.025840107173448756
2015-04-21,13.96066665649414,0.02640472452922844
2015-04-22,14.629332542419434,0.02777262428684611
2015-04-23,14.573332786560059,0.0276580647525868
2015-04-24,14.562000274658203,0.02763488166427612
2015-04-27,15.436667442321777,0.029424201310795088
2015-04-28,15.36533260345459,0.029278270568925263
2015-04-29,15.49666690826416,0.02954694311151699
2015-04-30,15.069999694824219,0.028674103640963962
2015-05-01,15.0686674118042,0.02867137816975551
2015-05-04,15.36733341217041,0.029282363653102307
2015-05-05,15.529999732971191,0.029615132567263433
2015-05-06,15.362000465393066,0.029271453964485515
2015-05-07,15.786666870117188,0.0301402003508615
2015-05-08,15.77400016784668,0.03011428788945087
2015-05-11,15.965999603271484,0.030507063992895843
2015-05-12,16.31599998474121,0.031223064983908
2015-05-13,16.211999893188477,0.03101031044831458
2015-05-14,16.273332595825195,0.031135779671190675
2015-05-15,16.589332580566406,0.031782225544433544
2015-05-18,16.583332061767578,0.0317699501937939
2015-05-19,16.47599983215332,0.03155037905376073
2015-05-20,16.290000915527344,0.03116987830095539
2015-05-21,16.374666213989258,0.031343079362475705
2015-05-22,16.51533317565918,0.031630843860146814
2015-05-26,16.497333526611328,0.031594021710119394
2015-05-27,16.495332717895508,0.03158992862594235
2015-05-28,16.76333236694336,0.032138179497851097
2015-05-29,16.719999313354492,0.03204953242500242
2015-06-01,16.6299991607666,0.031865417772973824
2015-06-02,16.55666732788086,0.03171540175070994
2015-06-03,16.599332809448242,0.031802683161535776
2015-06-04,16.39466667175293,0.03138399459668017
2015-06-05,16.609333038330078,0.03182314077863801
2015-06-08,17.086000442504883,0.03279826638375645
2015-06-09,17.066667556762695,0.03275871681157483
2015-06-10,16.713333129882812,0.03203589531423143
2015-06-11,16.76066780090332,0.0321327285554342
2015-06-12,16.71266746520996,0.032034533554100075
2015-06-15,16.691999435424805,0.03199225265787277
2015-06-16,16.874666213989258,0.03236593680623836
2015-06-17,17.360666275024414,0.03336015436643618
2015-06-18,17.459333419799805,0.03356199921341282
2015-06-19,17.500667572021484,0.03364655710397594
2015-06-22,17.319332122802734,0.033275596475873054
2015-06-23,17.844667434692383,0.03435028274434846
2015-06-24,17.67799949645996,0.03400932766183325
2015-06-25,17.91933250427246,0.03450302618876654
2015-06-26,17.805999755859375,0.03427117969809373
2015-06-29,17.468000411987305,0.03357972940836085
2015-06-30,17.884000778198242,0.034430747550734546
2015-07-01,17.94333267211914,0.0345521236894336
2015-07-02,18.667999267578125,0.03603458493225632
2015-07-06,18.648000717163086,0.03599367359994335
2015-07-07,17.858667373657227,0.03437892262791329
2015-07-08,16.997333526611328,0.03261687915388205
2015-07-09,17.19466781616211,0.03302056884783531
2015-07-10,17.27666664123535,0.03318831506504723
2015-07-13,17.477333068847656,0.03359882136344024
2015-07-14,17.709999084472656,0.034074789695425496
2015-07-15,17.542667388916016,0.03373247675467042
2015-07-16,17.778667449951172,0.034215265592986925
2015-07-17,18.310667037963867,0.03530358507034182
2015-07-20,18.817333221435547,0.03634007962487547
2015-07-21,17.784666061401367,0.03422753704173507
2015-07-22,17.857999801635742,0.03437755696589044
2015-07-23,17.81333351135254,0.03428618247088756
2015-07-24,17.694000244140625,0.03404206062957512
2015-07-27,16.867332458496094,0.03235093403344452
2015-07-28,17.654666900634766,0.033961595823189035
2015-07-29,17.58799934387207,0.03382521300980465
2015-07-30,17.785999298095703,0.034230264463889264
2015-07-31,17.74333381652832,0.03414298305306343
2015-08-03,17.332666397094727,0.03330287459930653
2015-08-04,17.75200080871582,0.03416071324801147
2015-08-05,18.0086669921875,0.03468577908066379
2015-08-06,16.408666610717773,0.03141263448024499
2015-08-07,16.167333602905273,0.030918935953311702
2015-08-10,16.076000213623047,0.030732093879128904
2015-08-11,15.824666976928711,0.030217937735093382
2015-08-12,15.878000259399414,0.03032704242504429
2015-08-13,16.167333602905273,0.030918935953311702
2015-08-14,16.209999084472656,0.031006217364137535
2015-08-17,16.999332427978516,0.0326209683361676
2015-08-18,17.381332397460938,0.033402431360772
2015-08-19,17.016666412353516,0.03265642872606367
2015-08-20,16.14533233642578,0.030873927634930194
2015-08-21,15.38466739654541,0.029317824042998375
2015-08-24,14.591333389282227,0.02769488885355997
2015-08-25,14.66866683959961,0.02785309104417794
2015-08-26,14.989333152770996,0.028509082894960496
2015-08-27,16.19933319091797,0.03098439798690395
2015-08-28,16.565332412719727,0.03173312804376648
2015-08-31,16.604000091552734,0.031812231090021216
2015-09-01,15.908666610717773,0.030389777036482338
2015-09-02,16.512666702270508,0.03162538901583842
2015-09-03,16.3713321685791,0.03133625885614446
2015-09-04,16.1286678314209,0.030839836808948466
2015-09-08,16.544666290283203,0.03169085104943067
2015-09-09,16.5939998626709,0.031791773472918984
2015-09-10,16.565332412719727,0.03173312804376648
2015-09-11,16.682666778564453,0.03197316070279338
2015-09-14,16.87933349609375,0.0323754847347238
2015-09-15,16.904666900634766,0.032427309657545055
2015-09-16,17.483333587646484,0.03361109671407987
2015-09-17,17.471332550048828,0.033586546012800596
2015-09-18,17.374666213989258,0.03338879425000101
2015-09-21,17.613332748413086,0.033877037932625906
2015-09-22,17.395999908447266,0.03343243690635967
2015-09-23,17.40399932861328,0.03344880143928486
2015-09-24,17.541332244873047,0.03372974543062473
2015-09-25,17.12733268737793,0.03288282037242808
2015-09-28,16.562000274658203,0.031726311439326735
2015-09-29,16.44333267211914,0.03148355135814564
2015-09-30,16.559999465942383,0.03172221835514969
2015-10-01,15.991999626159668,0.030560252626794203
2015-10-02,16.504667282104492,0.03160902448291323
2015-10-05,16.40999984741211,0.03141536190239919
2015-10-06,16.097333908081055,0.03077573653548757
2015-10-07,15.46399974822998,0.029480115415901897
2015-10-08,15.114666938781738,0.028765480086912584
2015-10-09,14.712667465209961,0.027943103779049464
2015-10-12,14.371999740600586,0.02724619474311669
2015-10-13,14.616666793823242,0.027746713776381226
2015-10-14,14.458666801452637,0.027423490839759795
2015-10-15,14.753999710083008,0.028027657767721096
2015-10-16,15.133999824523926,0.028805029659094202
2015-10-19,15.206666946411133,0.028953685872172476
2015-10-20,14.20199966430664,0.02689842305616173
2015-10-21,14.005999565124512,0.026497462735308414
2015-10-22,14.114666938781738,0.026719765199387277
2015-10-23,13.939332962036133,0.026361081872869774
2015-10-26,14.350666999816895,0.027202554037703778
2015-10-27,14.023332595825195,0.026532921174258733
2015-10-28,14.197333335876465,0.026888877078622038
2015-10-29,14.108667373657227,0.026707491799693384
2015-10-30,13.795332908630371,0.02606649881981317
2015-11-02,14.252667427062988,0.027002074852749993
2015-11-03,13.890000343322754,0.026260161400327206
2015-11-04,15.442000389099121,0.02943511099941188
2015-11-05,15.451333045959473,0.029454202954491263
2015-11-06,15.490667343139648,0.029534669711823093
2015-11-09,15.022000312805176,0.02857591059057559
2015-11-10,14.433333396911621,0.02737166591693854
2015-11-11,14.60533332824707,0.027723528737124796
2015-11-12,14.196000099182129,0.02688614965646784
2015-11-13,13.812666893005371,0.026101959209709237
2015-11-16,14.287332534790039,0.027072989779704886
2015-11-17,14.266667366027832,0.02703071473631482
2015-11-18,14.73799991607666,0.02799492675092497
2015-11-19,14.786666870117188,0.028094485463336188
2015-11-20,14.667332649230957,0.027850361671077996
2015-11-23,14.516667366027832,0.027542143458196146
2015-11-24,14.550000190734863,0.02761033291394259
2015-11-25,15.309332847595215,0.02916371103466596
2015-11-27,15.440667152404785,0.02943238357725768
2015-11-30,15.350666999816895,0.02924826892522908
2015-12-01,15.812666893005371,0.03019338898475985
2015-12-02,15.465999603271484,0.02948420654913319
2015-12-03,15.513999938964844,0.029582401550467312
2015-12-04,15.358667373657227,0.029264635409100022
2015-12-07,15.408666610717773,0.029366919592719684
2015-12-08,15.114666938781738,0.028765480086912584
2015-12-09,14.968000411987305,0.028465442189547583
2015-12-10,15.137999534606934,0.028813211925556796
2015-12-11,14.468000411987305,0.02744258474578493
2015-12-14,14.571999549865723,0.027655337330432603
2015-12-15,14.739333152770996,0.02799765417307917
2015-12-16,15.633999824523926,0.02982788710285686
2015-12-17,15.559332847595215,0.029675139756547286
2015-12-18,15.36400032043457,0.029275545097716814
2015-12-21,15.503999710083008,0.02956194393336508
2015-12-22,15.329999923706055,0.02920598997994752
2015-12-23,15.313332557678223,0.02917189330112855
2015-12-24,15.371333122253418,0.029290545919564898
2015-12-28,15.263333320617676,0.029069609117508884
2015-12-29,15.812666893005371,0.03019338898475985
2015-12-30,15.87266731262207,0.030316132736427498
2015-12-31,16.000667572021484,0.03057798477268798
2016-01-04,14.894000053405762,0.028314058554315107
2016-01-05,14.895333290100098,0.028316785976469305
2016-01-06,14.602666854858398,0.0277180738928164
2016-01-07,14.376667022705078,0.027255742671602134
2016-01-08,14.066666603088379,0.026621570198053158
2016-01-11,13.856666564941406,0.026191969993635014
2016-01-12,13.998000144958496,0.026481098202383223
2016-01-13,13.354000091552734,0.025163657705563964
2016-01-14,13.745332717895508,0.025964212685247755
2016-01-15,13.666000366210938,0.025801921312344236
2016-01-19,13.64799976348877,0.025765097211371067
2016-01-20,13.24666690826416,0.024944084614585044
2016-01-21,13.33133316040039,0.025117287627051104
2016-01-22,13.50333309173584,0.025469150447237365
2016-01-25,13.092000007629395,0.02462768023334911
2016-01-26,12.904000282287598,0.024243086396366725
2016-01-27,12.538000106811523,0.023494354388558444
2016-01-28,12.646666526794434,0.023716654901691562
2016-01-29,12.74666690826416,0.02392122717082239
2016-02-01,13.129332542419434,0.024704051955558148
2016-02-02,12.185333251953125,0.022772898553237893
2016-02-03,11.565333366394043,0.02150455555708569
2016-02-04,11.688667297363281,0.02175686161580648
2016-02-05,10.84000015258789,0.02002073060318587
2016-02-08,9.866000175476074,0.01802820434955892
2016-02-09,9.883333206176758,0.01806366278850924
2016-02-10,9.57800006866455,0.017439038243445705
2016-02-11,10.031332969665527,0.01836642810802844
2016-02-12,10.06933307647705,0.018444165492260325
2016-02-16,10.344667434692383,0.019007421087908656
2016-02-17,11.245332717895508,0.020849925466434487
2016-02-18,11.118000030517578,0.02058943909219685
2016-02-19,11.10533332824707,0.02056352663078622
2016-02-22,11.849332809448242,0.022085537445790563
2016-02-23,11.814000129699707,0.02201325685681282
2016-02-24,11.933333396911621,0.02225737869812527
2016-02-25,12.495332717895508,0.02340706907584112
2016-02-26,12.689332962036133,0.02380393826346314
2016-02-29,12.795332908630371,0.024020783932287862
2016-03-01,12.423333168029785,0.023259778524785692
2016-03-02,12.555999755859375,0.023531176538585868
2016-03-03,13.049332618713379,0.024540394920631783
2016-03-04,13.402667045593262,0.02526321641797518
2016-03-07,13.685999870300293,0.025842834595602954
2016-03-08,13.506667137145996,0.025475970953568607
2016-03-09,13.914667129516602,0.026310622612071365
2016-03-10,13.678667068481445,0.025827833773754864
2016-03-11,13.833333015441895,0.026144236204045056
2016-03-14,14.34333324432373,0.027187551264909942
2016-03-15,14.555999755859375,0.027622606313636482
2016-03-16,14.795332908630371,0.028112213707338476
2016-03-17,15.092000007629395,0.028719110008399724
2016-03-18,15.515999794006348,0.029586492683698604
2016-03-21,15.887999534606934,0.030347498091200777
2016-03-22,15.616000175476074,0.029791064952829432
2016-03-23,14.838666915893555,0.0282008627311329
2016-03-24,15.183333396911621,0.02890595208258252
2016-03-28,15.350666999816895,0.02924826892522908
2016-03-29,15.342000007629395,0.02923053873028105
2016-03-30,15.12600040435791,0.028788665126169014
2016-03-31,15.317999839782715,0.02918144122961399
2016-04-01,15.839332580566406,0.030247939378789564
2016-04-04,16.465999603271484,0.031529921436658497
2016-04-05,17.031333923339844,0.03268643427165134
2016-04-06,17.69466781616211,0.03404342629159796
2016-04-07,17.14666748046875,0.03292237384650119
2016-04-08,16.67133331298828,0.03194997566353695
2016-04-11,16.661333084106445,0.031929518046434714
2016-04-12,16.521333694458008,0.031643119210786455
2016-04-13,16.968666076660156,0.032558233724729546
2016-04-14,16.790666580200195,0.032194097504849396
2016-04-15,16.96733283996582,0.03255550630257535
2016-04-18,16.92533302307129,0.03246958665188087
2016-04-19,16.4913330078125,0.03158174635947975
2016-04-20,16.6646671295166,0.03193633855276596
2016-04-21,16.55266761779785,0.031707219484247345
2016-04-22,16.916667938232422,0.03245186035882433
2016-04-25,16.788000106811523,0.032188642660541
2016-04-26,16.916000366210938,0.03245049469680148
2016-04-27,16.764667510986328,0.03214091082189679
2016-04-28,16.513999938964844,0.03162811643799262
2016-04-29,16.05066680908203,0.030680268956307648
2016-05-02,16.1200008392334,0.03082210661400043
2016-05-03,15.48799991607666,0.029529212916568952
2016-05-04,14.837332725524902,0.028198133358032958
2016-05-05,14.10200023651123,0.02669385273797665
2016-05-06,14.328666687011719,0.027157547670268015
2016-05-09,13.928000450134277,0.026337898784559093
2016-05-10,13.912667274475098,0.026306531478840066
2016-05-11,13.93066692352295,0.02634335362886749
2016-05-12,13.8186674118042,0.026114234560348875
2016-05-13,13.840666770935059,0.026159238976838892
2016-05-16,13.88599967956543,0.026251977182918867
2016-05-17,13.644000053405762,0.025756914944908473
2016-05-18,14.07800006866455,0.026644755237309588
2016-05-19,14.347332954406738,0.027195733531372536
2016-05-20,14.685333251953125,0.02788718577205116
2016-05-23,14.414667129516602,0.027333480055834018
2016-05-24,14.52733325958252,0.02756396283542973
2016-05-25,14.638667106628418,0.02779172014381699
2016-05-26,15.008000373840332,0.028547270707010765
2016-05-27,14.869333267211914,0.02826359734257095
2016-05-31,14.881999969482422,0.02828950980398158
2016-06-01,14.637332916259766,0.027788990770717045
2016-06-02,14.597332954406738,0.027707162253253863
2016-06-03,14.599332809448242,0.027711253386485158
2016-06-06,14.711999893188477,0.027941738117026618
2016-06-07,15.489333152770996,0.029531940338723153
2016-06-08,15.701333045959473,0.02996563167637259
2016-06-09,15.290666580200195,0.029125525173561435
2016-06-10,14.586000442504883,0.027683979164943178
2016-06-13,14.524666786193848,0.027558507991121334
2016-06-14,14.330666542053223,0.02716163880349931
2016-06-15,14.513333320617676,0.027535322951864904
2016-06-16,14.528667449951172,0.027566692208529673
2016-06-17,14.364666938781738,0.027231193921268604
2016-06-20,14.646666526794434,0.027808084676742176
2016-06-21,14.640666961669922,0.027795811277048287
2016-06-22,13.11066722869873,0.024665868045399376
2016-06-23,13.09333324432373,0.024630407655503308
2016-06-24,12.876667022705078,0.024187170340314174
2016-06-27,13.236666679382324,0.024923626997482812
2016-06-28,13.452667236328125,0.025365502552540595
2016-06-29,14.012666702270508,0.02651110179702515
2016-06-30,14.152000427246094,0.026796138872542064
2016-07-01,14.433333396911621,0.02737166591693854
2016-07-05,14.26533317565918,0.027027985363214872
2016-07-06,14.295999526977539,0.027090719974652924
2016-07-07,14.395999908447266,0.027295292243783752
2016-07-08,14.45199966430664,0.027409851778043056
2016-07-11,14.985333442687988,0.028500900628497902
2016-07-12,14.976667404174805,0.028483172384495617
2016-07-13,14.835332870483398,0.02819404222480166
2016-07-14,14.768667221069336,0.028057663313308768
2016-07-15,14.69333267211914,0.02790355030497635
2016-07-18,15.083333015441895,0.02870137981345169
2016-07-19,15.017333030700684,0.02856636266209015
2016-07-20,15.223999977111816,0.0289891443111228
2016-07-21,14.699999809265137,0.027917189366693088
2016-07-22,14.817999839782715,0.028158583785851336
2016-07-25,15.333999633789062,0.029214172246410118
2016-07-26,15.300666809082031,0.029145982790663667
2016-07-27,15.232666969299316,0.029006874506070833
2016-07-28,15.37399959564209,0.029296000763873294
2016-07-29,15.652667045593262,0.02986607491490712
2016-08-01,15.333999633789062,0.029214172246410118
2016-08-02,15.146666526794434,0.02883094212050483
2016-08-03,15.052666664123535,0.02863864520201364
2016-08-04,15.37399959564209,0.029296000763873294
2016-08-05,15.335332870483398,0.029216899668564313
2016-08-08,15.077333450317383,0.028689106413757798
2016-08-09,15.272000312805176,0.029087339312456918
2016-08-10,15.043333053588867,0.028619551295988508
2016-08-11,14.994000434875488,0.028518630823445936
2016-08-12,15.040666580200195,0.02861409645168011
2016-08-15,15.03933334350586,0.02861136902952591
2016-08-16,14.907333374023438,0.028341334726802836
2016-08-17,14.88266658782959,0.028290873515058677
2016-08-18,14.900667190551758,0.028327697616031846
2016-08-19,15.0,0.02853090422313983
2016-08-22,14.862000465393066,0.02824859652072286
2016-08-23,14.989333152770996,0.028509082894960496
2016-08-24,14.841333389282227,0.028206317575441297
2016-08-25,14.730667114257812,0.027979925929076884
2016-08-26,14.666000366210938,0.027847636199869543
2016-08-29,14.346667289733887,0.027194371771241184
2016-08-30,14.089332580566406,0.026667938325620272
2016-08-31,14.133999824523926,0.026759314771568895
2016-09-01,13.38466739654541,0.02522639426794776
2016-09-02,13.185333251953125,0.0248186134407632
2016-09-06,13.522000312805176,0.02550733825928763
2016-09-07,13.447333335876465,0.025354590912978058
2016-09-08,13.157333374023438,0.024761333673633548
2016-09-09,12.964667320251465,0.02436719385911147
2016-09-12,13.220000267028809,0.02488953226960959
2016-09-13,13.069999694824219,0.024582673865913347
2016-09-14,13.093999862670898,0.024631771366580405
2016-09-15,13.361332893371582,0.025178658527412055
2016-09-16,13.69333267211914,0.02585783541745104
2016-09-19,13.755999565124512,0.025986034013427087
2016-09-20,13.642666816711426,0.025754187522754275
2016-09-21,13.6813325881958,0.025833286667117514
2016-09-22,13.76200008392334,0.025998309364066725
2016-09-23,13.829999923706055,0.02613741764865956
2016-09-26,13.932666778564453,0.026347444762098784
2016-09-27,13.720666885375977,0.025913753424449345
2016-09-28,13.751333236694336,0.025976488035887393
2016-09-29,13.380000114440918,0.02521684633946232
2016-09-30,13.60200023651123,0.025670995294213995
2016-10-03,14.24666690826416,0.02698979950211035
2016-10-04,14.093999862670898,0.026677486254105712
2016-10-05,13.897333145141602,0.026275162222175297
2016-10-06,13.399999618530273,0.02525775962272104
2016-10-07,13.107333183288574,0.024659047539068134
2016-10-10,13.396666526794434,0.025250941067335542
2016-10-11,13.34000015258789,0.025135017821999138
2016-10-12,13.434000015258789,0.02532731474049033
2016-10-13,13.349332809448242,0.025154109777078524
2016-10-14,13.100666999816895,0.024645410428297144
2016-10-17,12.93066692352295,0.024297638741342182
2016-10-18,13.273332595825195,0.024998635008614753
2016-10-19,13.570667266845703,0.025606896971698847
2016-10-20,13.273332595825195,0.024998635008614753
2016-10-21,13.339332580566406,0.025133652159976292
2016-10-24,13.517333030700684,0.02549779033080219
2016-10-25,13.489333152770996,0.025440510563672535
2016-10-26,13.482666969299316,0.025426873452901545
2016-10-27,13.600666999816895,0.025668267872059797
2016-10-28,13.33133316040039,0.025117287627051104
2016-10-31,13.182000160217285,0.024811794885377707
2016-11-01,12.719332695007324,0.02386530916382409
2016-11-02,12.534667015075684,0.02348753583317295
2016-11-03,12.494667053222656,0.02340570731570977
2016-11-04,12.704000473022461,0.023833943809050812
2016-11-07,12.880666732788086,0.024195352606776768
2016-11-08,12.996000289916992,0.02443129218162662
2016-11-09,12.670666694641113,0.023765752402358623
2016-11-10,12.356666564941406,0.023123397662347053
2016-11-11,12.570667266845703,0.02356118208417354
2016-11-14,12.096667289733887,0.022591513274309243
2016-11-15,12.251333236694336,0.022907915704599432
2016-11-16,12.26200008392334,0.022929737032778764
2016-11-17,12.577333450317383,0.02357481919494453
2016-11-18,12.334667205810547,0.02307839324585704
2016-11-21,12.3013334274292,0.023010201839164846
2016-11-22,12.744667053222656,0.023917136037591095
2016-11-23,12.87600040435791,0.024185806629237073
2016-11-25,13.109999656677246,0.02466450238337653
2016-11-28,13.074666976928711,0.024592221794398787
2016-11-29,12.637999534606934,0.023698924706743528
2016-11-30,12.626667022705078,0.023675741618432847
2016-12-01,12.125332832336426,0.022650154801570246
2016-12-02,12.097999572753906,0.022594238745517692
2016-12-05,12.453332901000977,0.02332114942514664
2016-12-06,12.390000343322754,0.023191589069039245
2016-12-07,12.876667022705078,0.024187170340314174
2016-12-08,12.81933307647705,0.02406988143295492
2016-12-09,12.812000274658203,0.024054880611106833
2016-12-12,12.828666687011719,0.024088975338980054
2016-12-13,13.210000038146973,0.02486907465250736
2016-12-14,13.246000289916992,0.024942720903507947
2016-12-15,13.17199993133545,0.024791337268275475
2016-12-16,13.499333381652832,0.025460968180774767
2016-12-19,13.51533317565918,0.025493699197570892
2016-12-20,13.919333457946777,0.02632016858961106
2016-12-21,13.846667289733887,0.02617151432747853
2016-12-22,13.896666526794434,0.026273798511098196
2016-12-23,14.22266674041748,0.026940702001443294
2016-12-27,14.635333061218262,0.027784899637485747
2016-12-28,14.649333000183105,0.027813539521050572
2016-12-29,14.312000274658203,0.027123452942394793
2016-12-30,14.246000289916992,0.026988435791033254
2017-01-03,14.465999603271484,0.027438491661607885
2017-01-04,15.13266658782959,0.028802302236940004
2017-01-05,15.116666793823242,0.02876957122014388
2017-01-06,15.267333030700684,0.02907779138397148
2017-01-09,15.41866683959961,0.029387377209821923
2017-01-10,15.324666976928711,0.02919508029133073
2017-01-11,15.315333366394043,0.029175986385305594
2017-01-12,15.305999755859375,0.02915689247928046
2017-01-13,15.850000381469727,0.030269762657914638
2017-01-17,15.70533275604248,0.029973813942835187
2017-01-18,15.890666961669922,0.030352954886454918
2017-01-19,16.250667572021484,0.031089413494569305
2017-01-20,16.315332412719727,0.031221699321885156
2017-01-23,16.594667434692383,0.03179313913494183
2017-01-24,16.974000930786133,0.032569147315237836
2017-01-25,16.96466636657715,0.032550051458266956
2017-01-26,16.833999633789062,0.03228274457769808
2017-01-27,16.863332748413086,0.032342751766981925
2017-01-30,16.708667755126953,0.032026351287637485
2017-01-31,16.795333862304688,0.032203645433334836
2017-02-01,16.615999221801758,0.031836777889408995
2017-02-02,16.770000457763672,0.03215182051051358
2017-02-03,16.755332946777344,0.03212181496492591
2017-02-06,17.184667587280273,0.03300011123073308
2017-02-07,17.165332794189453,0.032960557756659965
2017-02-08,17.472000122070312,0.033587911674823445
2017-02-09,17.946666717529297,0.03455894419576484
2017-02-10,17.948667526245117,0.03456303727994189
2017-02-13,18.706666946411133,0.036113687978511055
2017-02-14,18.73200035095215,0.03616551290133231
2017-02-15,18.650667190551758,0.035999128444251745
2017-02-16,17.93000030517578,0.03452484946789162
2017-02-17,18.148666381835938,0.03497217791631205
2017-02-21,18.492666244506836,0.03567590355668457
2017-02-22,18.233999252319336,0.035146744639855204
2017-02-23,17.06599998474121,0.03275735114955198
2017-02-24,17.133333206176758,0.032895095723067716
2017-02-27,16.415332794189453,0.031426271591015985
2017-02-28,16.666000366210938,0.031939065974920154
2017-03-01,16.667999267578125,0.03194315515720571
2017-03-02,16.698667526245117,0.03200589367053525
2017-03-03,16.771333694458008,0.03215454793266778
2017-03-06,16.747333526611328,0.03210545043200072
2017-03-07,16.57266616821289,0.03174813081656032
2017-03-08,16.45800018310547,0.03151355690373331
2017-03-09,16.32666778564453,0.03124488826303308
2017-03-10,16.246000289916992,0.031079865566083865
2017-03-13,16.411333084106445,0.03141808932455339
2017-03-14,17.200000762939453,0.0330314785364521
2017-03-15,17.048667907714844,0.03272189466154741
2017-03-16,17.469999313354492,0.0335838185906464
2017-03-17,17.433332443237305,0.03350880862856871
2017-03-20,17.461332321166992,0.033566088395698364
2017-03-21,16.711999893188477,0.03203316789207723
2017-03-22,17.000667572021484,0.032623699660213286
2017-03-23,16.985332489013672,0.03259232845260277
2017-03-24,17.54400062561035,0.03373520417682462
2017-03-27,18.014667510986328,0.03469805443130342
2017-03-28,18.496667861938477,0.035684089725038656
2017-03-29,18.492000579833984,0.035674541796553216
2017-03-30,18.527999877929688,0.035748186096608056
2017-03-31,18.553333282470703,0.03580001101942931
2017-04-03,19.90133285522461,0.03855763381378973
2017-04-04,20.246667861938477,0.039264090778207944
2017-04-05,19.666667938232422,0.038077576299518925
2017-04-06,19.913333892822266,0.03858218451506901
2017-04-07,20.16933250427246,0.039105884685698485
2017-04-10,20.826000213623047,0.04044923959487411
2017-04-11,20.58066749572754,0.039947358801478226
2017-04-12,19.78933334350586,0.038328514745271124
2017-04-13,20.266666412353516,0.03930500211052092
2017-04-17,20.09600067138672,0.038955868663434604
2017-04-18,20.016666412353516,0.03879357338863959
2017-04-19,20.368000030517578,0.03951230180180594
2017-04-20,20.167333602905273,0.03910179550341293
2017-04-21,20.373332977294922,0.03952321149042273
2017-04-24,20.53533363342285,0.03985461864445251
2017-04-25,20.91933250427246,0.040640170851342465
2017-04-26,20.67799949645996,0.04014647232440917
2017-04-27,20.575332641601562,0.039936445210969944
2017-04-28,20.937999725341797,0.04067835866339273
2017-05-01,21.52199935913086,0.041873055408544343
2017-05-02,21.25933265686035,0.04133571422525239
2017-05-03,20.73466682434082,0.04026239752069132
2017-05-04,19.69733238220215,0.03814030700906548
2017-05-05,20.55666732788086,0.03989826130081117
2017-05-08,20.479333877563477,0.0397400591101932
2017-05-09,21.417333602905273,0.041658939112819565
2017-05-10,21.681333541870117,0.04219900771826572
2017-05-11,21.540000915527344,0.041909881460463254
2017-05-12,21.65399932861328,0.042143089711267415
2017-05-15,21.058666229248047,0.04092520792685937
2017-05-16,21.134000778198242,0.041079320935191795
2017-05-17,20.407333374023438,0.039592766608192026
2017-05-18,20.87066650390625,0.04054061408987699
2017-05-19,20.722000122070312,0.040236485059280694
2017-05-22,20.690000534057617,0.040171023025688445
2017-05-23,20.257333755493164,0.03928591015544153
2017-05-24,20.681333541870117,0.040153292830740414
2017-05-25,21.121999740600586,0.04105477023391252
2017-05-26,21.676000595092773,0.04218809802964893
2017-05-30,22.34000015258789,0.043546451809726903
2017-05-31,22.733999252319336,0.04435246163371909
2017-06-01,22.691333770751953,0.04426518022289326
2017-06-02,22.656667709350586,0.044194263344992615
2017-06-05,23.154666900634766,0.045213027704578225
2017-06-06,23.523332595825195,0.04596721260574915
2017-06-07,23.976667404174805,0.04689460637222338
2017-06-08,24.666667938232422,0.04830615073714546
2017-06-09,23.821332931518555,0.046576836328964595
2017-06-12,23.93400001525879,0.04680732105950606
2017-06-13,25.06333351135254,0.04911761540544604
2017-06-14,25.37733268737793,0.04975996819451187
2017-06-15,25.022666931152344,0.04903442317690576
2017-06-16,24.760000228881836,0.04849708199361381
2017-06-19,24.65333366394043,0.048278872613711984
2017-06-20,24.81599998474121,0.04861164152787311
2017-06-21,25.093332290649414,0.04917898435486125
2017-06-22,25.507333755493164,0.05002591331494939
2017-06-23,25.56333351135254,0.050140472849208695
2017-06-26,25.166000366210938,0.049327642518885266
2017-06-27,24.158000946044922,0.04726556309843477
2017-06-28,24.749332427978516,0.04847525871448873
2017-06-29,24.049999237060547,0.047044622394487264
2017-06-30,24.107332229614258,0.04716190935090077
2017-07-03,23.507999420166016,0.04593584530003013
2017-07-05,21.805999755859375,0.04245403924819496
2017-07-06,20.588666915893555,0.03996372333440342
2017-07-07,20.881332397460938,0.040562433467110574
2017-07-10,21.06999969482422,0.040948392966115806
2017-07-11,21.814666748046875,0.042471769443142994
2017-07-12,21.968000411987305,0.04278544640222473
2017-07-13,21.560667037963867,0.04195215845479907
2017-07-14,21.851999282836914,0.042548141165352035
2017-07-17,21.30466651916504,0.04142845438227811
2017-07-18,21.882667541503906,0.042610879678681574
2017-07-19,21.68400001525879,0.04220446256257412
2017-07-20,21.994667053222656,0.04283999874720019
2017-07-21,21.893333435058594,0.04263269905591516
2017-07-24,22.834667205810547,0.044558399564872765
2017-07-25,22.639999389648438,0.0441601647152279
2017-07-26,22.92333221435547,0.04473978289285567
2017-07-27,22.297332763671875,0.04345916649700958
2017-07-28,22.33799934387207,0.04354235872554986
2017-07-31,21.564666748046875,0.04196034072126167
2017-08-01,21.30466651916504,0.04142845438227811
2017-08-02,21.72599983215332,0.04229038221326859
2017-08-03,23.139333724975586,0.0451816603988592
2017-08-04,23.79400062561035,0.04652092222385779
2017-08-07,23.67799949645996,0.04628361698698509
2017-08-08,24.347999572753906,0.047654246117702706
2017-08-09,24.235332489013672,0.04742376138716125
2017-08-10,23.69333267211914,0.046314984292704114
2017-08-11,23.857999801635742,0.046651846291042284
2017-08-14,24.253332138061523,0.04746058353718867
2017-08-15,24.155332565307617,0.047260104352234884
2017-08-16,24.194000244140625,0.04733920739848962
2017-08-17,23.461332321166992,0.04584037772085021
2017-08-18,23.163999557495117,0.04523211965965761
2017-08-21,22.52400016784668,0.043922863380246695
2017-08-22,22.75666618347168,0.044398831712231954
2017-08-23,23.51799964904785,0.04595630291713236
2017-08-24,23.528667449951172,0.04597812619625744
2017-08-25,23.203332901000977,0.04531258446604369
2017-08-28,23.04400062561035,0.04498663605821381
2017-08-29,23.157333374023438,0.04521848254888662
2017-08-30,23.545333862304688,0.04601222092413066
2017-08-31,23.726667404174805,0.046383177650342056
2017-09-01,23.69333267211914,0.046314984292704114
2017-09-05,23.305999755859375,0.04552261157948292
2017-09-06,22.968666076660156,0.04483252304988139
2017-09-07,23.374000549316406,0.045661721815021504
2017-09-08,22.893333435058594,0.044678413943440465
2017-09-11,24.246000289916992,0.047445584666286324
2017-09-12,24.183332443237305,0.047317384119364536
2017-09-13,24.415332794189453,0.04779199069121844
2017-09-14,25.176000595092773,0.049348100135987505
2017-09-15,25.320667266845703,0.049644046900121204
2017-09-18,25.666667938232422,0.05035186562467077
2017-09-19,25.00666618347168,0.049001690209163895
2017-09-20,24.92733383178711,0.04883939883626037
2017-09-21,24.43199920654297,0.04782608541909167
2017-09-22,23.4060001373291,0.045727183848613746
2017-09-25,22.999332427978516,0.044895257661319445
2017-09-26,23.016666412353516,0.04493071805121551
2017-09-27,22.731332778930664,0.04434700678941069
2017-09-28,22.639999389648438,0.0441601647152279
2017-09-29,22.739999771118164,0.04436473698435873
2017-10-02,22.768667221069336,0.04442338241351123
2017-10-03,23.209333419799805,0.045324859816683334
2017-10-04,23.667333602905273,0.04626179760975151
2017-10-05,23.68866729736328,0.04630544026611017
2017-10-06,23.79199981689453,0.04651682913968075
2017-10-09,22.862667083740234,0.04461567933200242
2017-10-10,23.70599937438965,0.04634089675411474
2017-10-11,23.639999389648438,0.04620587960275321
2017-10-12,23.711999893188477,0.046353172104754384
2017-10-13,23.704666137695312,0.04633816933196055
2017-10-16,23.373332977294922,0.045660356152998655
2017-10-17,23.71666717529297,0.046362720033239824
2017-10-18,23.976667404174805,0.04689460637222338
2017-10-19,23.45400047302246,0.04582537884994787
2017-10-20,23.00666618347168,0.04491026043411328
2017-10-23,22.468000411987305,0.043808303845987384
2017-10-24,22.48933219909668,0.04385194260045455
2017-10-25,21.722667694091797,0.042283565608828844
2017-10-26,21.744667053222656,0.04232857002531886
2017-10-27,21.391332626342773,0.04160574852797546
2017-10-30,21.338666915893555,0.0414980095000474
2017-10-31,22.101999282836914,0.04305956988723336
2017-11-01,21.405332565307617,0.04163438841154029
2017-11-02,19.950666427612305,0.03865855623727805
2017-11-03,20.4060001373291,0.039590039186037825
2017-11-06,20.185333251953125,0.03913861765344035
2017-11-07,20.40333366394043,0.03958458434172943
2017-11-08,20.292667388916016,0.039358192695365016
2017-11-09,20.19933319091797,0.03916725753700518
2017-11-10,20.19933319091797,0.03916725753700518
2017-11-13,21.02666664123535,0.04085974589326713
2017-11-14,20.579999923706055,0.039945993139455384
2017-11-15,20.753332138061523,0.040300581430850094
2017-11-16,20.833332061767578,0.04046423846577646
2017-11-17,21.003332138061523,0.04081201015273142
2017-11-20,20.582666397094727,0.03995144798376378
2017-11-21,21.187332153320312,0.04118842172325121
2017-11-22,20.84000015258789,0.04047787947843894
2017-11-24,21.036666870117188,0.04088020351036936
2017-11-27,21.12066650390625,0.04105204281175832
2017-11-28,21.170000076293945,0.041152965235246634
2017-11-29,20.502666473388672,0.039787790948837415
2017-11-30,20.59000015258789,0.039966450756557616
2017-12-01,20.435333251953125,0.03965004637532168
2017-12-04,20.34666633605957,0.03946865914544728
2017-12-05,20.246667861938477,0.039264090778207944
2017-12-06,20.884000778198242,0.04056789221331047
2017-12-07,20.749332427978516,0.0402923991643875
2017-12-08,21.0086669921875,0.04082292374323971
2017-12-11,21.92733383178711,0.04270225417368445
2017-12-12,22.735332489013672,0.04435518905587329
2017-12-13,22.601999282836914,0.044082427330996016
2017-12-14,22.525999069213867,0.04392695256253224
2017-12-15,22.89666748046875,0.04468523444977171
2017-12-18,22.591333389282227,0.04406060795376243
2017-12-19,22.073333740234375,0.04300092835997235
2017-12-20,21.93199920654297,0.0427117982002784
2017-12-21,22.110666275024414,0.04307730008218139
2017-12-22,21.68000030517578,0.04219628029611152
2017-12-26,21.152666091918945,0.041117504845350566
2017-12-27,20.775999069213867,0.040346951509362954
2017-12-28,21.02400016784668,0.040854291048958734
2017-12-29,20.75666618347168,0.04030740193718134
2018-01-02,21.368667602539062,0.0415593823513541
2018-01-03,21.149999618530273,0.04111205000104217
2018-01-04,20.974666595458984,0.04075336862547042
2018-01-05,21.10533332824707,0.04102067550603929
2018-01-08,22.42733383178711,0.043725111617447104
2018-01-09,22.246000289916992,0.04335415489123571
2018-01-10,22.31999969482422,0.04350553657552244
2018-01-11,22.530000686645508,0.04393513873088633
2018-01-12,22.4146671295166,0.043699199156036476
2018-01-16,22.67066764831543,0.044222903228557445
2018-01-17,23.143999099731445,0.045191204425453144
2018-01-18,22.971332550048828,0.044837977894189786
2018-01-19,23.334667205810547,0.04558125700863542
2018-01-22,23.437332153320312,0.04579128022018315
2018-01-23,23.519332885742188,0.04595903033928656
2018-01-24,23.05933380126953,0.045018003363932836
2018-01-25,22.50933265686035,0.04389285783465902
2018-01-26,22.856666564941406,0.04460340398136278
2018-01-29,23.302000045776367,0.04551442931302033
2018-01-30,23.05466651916504,0.045008455435447396
2018-01-31,23.62066650390625,0.046166330030571585
2018-02-01,23.28333282470703,0.04547624150097006
2018-02-02,22.916667938232422,0.044726149683976174
2018-02-05,22.208667755126953,0.043277783169026675
2018-02-06,22.264667510986328,0.04339234270328598
2018-02-07,23.0,0.04489662332334229
2018-02-08,21.01533317565918,0.040836560854010696
2018-02-09,20.69466781616211,0.040180570954173885
2018-02-12,21.048667907714844,0.04090475421164864
2018-02-13,21.577333450317383,0.041986253182672295
2018-02-14,21.487333297729492,0.0418021385306437
2018-02-15,22.271333694458008,0.04340597981405697
2018-02-16,22.365999221801758,0.04359963849267951
2018-02-20,22.31800079345703,0.043501447393236886
2018-02-21,22.219999313354492,0.04330096430639161
2018-02-22,23.077999114990234,0.04505618727409161
2018-02-23,23.469999313354492,0.045858107915798245
2018-02-26,23.827999114990234,0.04659047343973559
2018-02-27,23.39933204650879,0.04571354283595126
2018-02-28,22.87066650390625,0.044632043864927605
2018-03-01,22.062000274658203,0.042977743320715925
2018-03-02,22.341333389282227,0.043549179231881105
2018-03-05,22.22333335876465,0.04330778481272285
2018-03-06,21.8799991607666,0.04260542093248169
2018-03-07,22.15333366394043,0.043164585394898716
2018-03-08,21.940000534057617,0.04272816663509508
2018-03-09,21.81133270263672,0.04246494893681175
2018-03-12,23.034000396728516,0.04496617844111158
2018-03-13,22.78933334350586,0.044465659407847045
2018-03-14,21.775333404541016,0.04239130463675691
2018-03-15,21.706666946411133,0.04225083264108698
2018-03-16,21.42333221435547,0.04167121056156771
2018-03-19,20.90399932861328,0.040608803545623434
2018-03-20,20.703332901000977,0.040198297247230425
2018-03-21,21.101999282836914,0.041013854999708055
2018-03-22,20.606666564941406,0.04000054548443084
2018-03-23,20.1026668548584,0.03896950577420559
2018-03-26,20.278667449951172,0.03932955281180019
2018-03-27,18.61199951171875,0.03592002539799702
2018-03-28,17.185333251953125,0.03300147299086443
2018-03-29,17.742000579833984,0.034140255630909236
2018-04-02,16.832000732421875,0.032278655395412525
2018-04-03,17.8353328704834,0.03433118688737758
2018-04-04,19.12933349609375,0.03697834323165574
2018-04-05,20.381332397460938,0.03953957602334792
2018-04-06,19.953332901000977,0.038664011081586444
2018-04-09,19.310667037963867,0.03734929995786713
2018-04-10,20.31333351135254,0.03940046968970083
2018-04-11,20.062000274658203,0.03888631354566531
2018-04-12,19.60533332824707,0.03795210317475133
2018-04-13,20.022666931152344,0.038805848739279225
2018-04-16,19.413999557495117,0.037560688831437705
2018-04-17,19.179332733154297,0.03708062741527541
2018-04-18,19.55666732788086,0.037852546413285865
2018-04-19,20.005332946777344,0.03877038834938316
2018-04-20,19.349332809448242,0.03742839910223037
2018-04-23,18.891332626342773,0.03649146130916219
2018-04-24,18.8973331451416,0.03650373665980183
2018-04-25,18.71266746520996,0.03612596332915069
2018-04-26,19.031999588012695,0.03677922580683331
2018-04-27,19.60533332824707,0.03795210317475133
2018-04-30,19.593332290649414,0.037927552473472056
2018-05-01,19.994667053222656,0.03874856897214957
2018-05-02,20.07666778564453,0.03891631909125298
2018-05-03,18.963333129882812,0.03663875381116337
2018-05-04,19.606000900268555,0.03795346883677418
2018-05-07,20.184667587280273,0.039137255893309
2018-05-08,20.131332397460938,0.039028147301466594
2018-05-09,20.456666946411133,0.03969368903168034
2018-05-10,20.334667205810547,0.0394441123460595
2018-05-11,20.070667266845703,0.03890404374061334
2018-05-14,19.46466636657715,0.037664338677080224
2018-05-15,18.94533348083496,0.03660193166113595
2018-05-16,19.09866714477539,0.03691560862021769
2018-05-17,18.96933364868164,0.03665102916180301
2018-05-18,18.454666137695312,0.035598166172452685
2018-05-21,18.965999603271484,0.036644208655471765
2018-05-22,18.333999633789062,0.03535131690898604
2018-05-23,18.60466766357422,0.03590502652709467
2018-05-24,18.523332595825195,0.035738638168122616
2018-05-25,18.59000015258789,0.035875020981507
2018-05-29,18.917333602905273,0.0365446518940063
2018-05-30,19.447999954223633,0.037630243949207
2018-05-31,18.98200035095215,0.03667694162321364
2018-06-01,19.454666137695312,0.03764388105997799
2018-06-04,19.78266716003418,0.03831487763450013
2018-06-05,19.408666610717773,0.03754977914282091
2018-06-06,21.299999237060547,0.04141890645379267
2018-06-07,21.07266616821289,0.0409538478104242
2018-06-08,21.17733383178711,0.04116796800804047
2018-06-11,22.139999389648438,0.043137307271465246
2018-06-12,22.851333618164062,0.04459249429274599
2018-06-13,22.985332489013672,0.044866617777754615
2018-06-14,23.847999572753906,0.04663138867394005
2018-06-15,23.878000259399414,0.04669276152524675
2018-06-18,24.722000122070312,0.04841934460938192
2018-06-19,23.503332138061523,0.04592629737154469
2018-06-20,24.148000717163086,0.04724510548133254
2018-06-21,23.167333602905273,0.04523894016598885
2018-06-22,22.242000579833984,0.04334597262477312
2018-06-25,22.200666427612305,0.04326141473420999
2018-06-26,22.799999237060547,0.04448747878508063
2018-06-27,22.96666717529297,0.04482843386759584
2018-06-28,23.32866668701172,0.04556898165799578
2018-06-29,22.863332748413086,0.04461704109213377
2018-07-02,22.33799934387207,0.04354235872554986
2018-07-03,20.724000930786133,0.04024057814345774
2018-07-05,20.610666275024414,0.04000872775089343
2018-07-06,20.593332290649414,0.039973267360997364
2018-07-09,21.233999252319336,0.041283889302431126
2018-07-10,21.49799919128418,0.04182395790787728
2018-07-11,21.263999938964844,0.04134526215373783
2018-07-12,21.11400032043457,0.04103840570098733
2018-07-13,21.257999420166016,0.04133298680309819
2018-07-16,20.67333221435547,0.04013692439592373
2018-07-17,21.512666702270508,0.041853963453464954
2018-07-18,21.59000015258789,0.04201216564408292
2018-07-19,21.34866714477539,0.041518467117149634
2018-07-20,20.905332565307617,0.040611530967777636
2018-07-23,20.213333129882812,0.03919589742057
2018-07-24,19.82866668701172,0.0384089795516572
2018-07-25,20.582666397094727,0.03995144798376378
2018-07-26,20.44333267211914,0.039666410908246866
2018-07-27,19.812000274658203,0.03837488482378398
2018-07-30,19.344667434692383,0.03741885507563642
2018-07-31,19.875999450683594,0.038505808890968475
2018-08-01,20.055999755859375,0.03887403819502567
2018-08-02,23.30266761779785,0.04551579497504317
2018-08-03,23.211332321166992,0.04532894899896888
2018-08-06,22.799333572387695,0.04448611702494928
2018-08-07,25.30466651916504,0.04961131393237934
2018-08-08,24.689332962036133,0.04835251691376683
2018-08-09,23.496667861938477,0.04591266416266519
2018-08-10,23.69933319091797,0.046327259643343756
2018-08-13,23.76066780090332,0.04645273276811135
2018-08-14,23.176000595092773,0.04525667036093689
2018-08-15,22.57933235168457,0.04403605725248315
2018-08-16,22.363332748413086,0.043594183648371115
2018-08-17,20.366666793823242,0.039509574379651746
2018-08-20,20.562667846679688,0.039910536651450806
2018-08-21,21.459999084472656,0.0417462205236454
2018-08-22,21.44266700744629,0.04171076403564082
2018-08-23,21.34000015258789,0.041500736922201596
2018-08-24,21.521333694458008,0.04187169364841299
2018-08-27,21.284666061401367,0.041387539148073645
2018-08-28,20.790666580200195,0.040376957054950625
2018-08-29,20.333999633789062,0.039442746684036654
2018-08-30,20.209999084472656,0.039189076914238764
2018-08-31,20.110666275024414,0.03898587030713078
2018-09-04,19.26333236694336,0.037252466716664365
2018-09-05,18.715999603271484,0.03613277993359044
2018-09-06,18.729999542236328,0.03616141981715527
2018-09-07,17.549333572387695,0.033746113865441414
2018-09-10,19.03333282470703,0.0367819532289875
2018-09-11,18.62933349609375,0.035955485787893086
2018-09-12,19.369333267211914,0.037469314336434835
2018-09-13,19.297332763671875,0.03732202183443366
2018-09-14,19.68000030517578,0.038104850521060905
2018-09-17,19.6560001373291,0.038055753020393844
2018-09-18,18.997333526611328,0.03670830892893266
2018-09-19,19.934667587280273,0.03862582717142767
2018-09-20,19.8886661529541,0.0385317213523791
2018-09-21,19.940000534057617,0.038636736860044464
2018-09-24,19.978666305541992,0.0387158360044077
2018-09-25,20.06599998474121,0.0388944958121279
2018-09-26,20.6386661529541,0.04006600751802308
2018-09-27,20.501333236694336,0.03978506352668322
2018-09-28,17.65133285522461,0.03395477531685779
2018-10-01,20.713333129882812,0.040218754864332656
2018-10-02,20.06800079345703,0.038898588896304945
2018-10-03,19.65333366394043,0.03805029817608545
2018-10-04,18.788667678833008,0.036281438097614464
2018-10-05,17.463333129882812,0.03357018147987541
2018-10-08,16.70400047302246,0.032016803359152045
2018-10-09,17.520000457763672,0.03368610667615756
2018-10-10,17.125333786010742,0.03287873119014253
2018-10-11,16.815332412719727,0.03224455676564781
2018-10-12,17.25200080871582,0.033137855804248814
2018-10-15,17.305999755859375,0.033248322254331074
2018-10-16,18.439332962036133,0.03556679886673366
2018-10-17,18.118667602539062,0.03491080896689685
2018-10-18,17.5939998626709,0.03383748836044429
2018-10-19,17.333332061767578,0.03330423635943788
2018-10-22,17.39666748046875,0.03343380256838252
2018-10-23,19.609333038330078,0.03796028544121393
2018-10-24,19.233333587646484,0.03719109776724916
2018-10-25,20.99066734313965,0.04078610159321228
2018-10-26,22.059999465942383,0.04297365023653888
2018-10-29,22.323333740234375,0.04351235708185368
2018-10-30,21.99333381652832,0.042837271325045986
2018-10-31,22.488000869750977,0.04384921908019185
2018-11-01,22.95199966430664,0.04479842832200817
2018-11-02,23.0939998626709,0.04508892024183348
2018-11-05,22.760000228881836,0.04440565221856319
2018-11-06,22.737333297729492,0.04435928214005033
2018-11-07,23.21066665649414,0.04532758723883753
2018-11-08,23.426666259765625,0.04576946084294957
2018-11-09,23.367332458496094,0.04564808080235902
2018-11-12,22.0853328704834,0.04302547515936014
2018-11-13,22.582000732421875,0.04404151599868304
2018-11-14,22.933332443237305,0.0447602405099579
2018-11-15,23.229333877563477,0.0453657750508878
2018-11-16,23.62066650390625,0.046166330030571585
2018-11-19,23.564666748046875,0.04605177049631228
2018-11-20,23.166000366210938,0.04523621274383465
2018-11-21,22.54599952697754,0.043967867796736705
2018-11-23,21.722000122070312,0.042282199946806
2018-11-26,23.066667556762695,0.04503300613672667
2018-11-27,22.92799949645996,0.04474933082134111
2018-11-28,23.191333770751953,0.045288037666655914
2018-11-29,22.744667053222656,0.04437428491284417
2018-11-30,23.365333557128906,0.04564399162007347
2018-12-03,23.89933204650879,0.046736400279713916
2018-12-04,23.979999542236328,0.04690142297666313
2018-12-06,24.20400047302246,0.04735966501559185
2018-12-07,23.864667892456055,0.04666548730370477
2018-12-10,24.343332290649414,0.047644698189217266
2018-12-11,24.450666427612305,0.04786427323114193
2018-12-12,24.440000534057617,0.04784245385390835
2018-12-13,25.119333267211914,0.04923217493970535
2018-12-14,24.380666732788086,0.0477210738133178
2018-12-17,23.22800064086914,0.045363047628733597
2018-12-18,22.468666076660156,0.043809665606118736
2018-12-19,22.197999954223633,0.04325595988990159
2018-12-20,21.025333404541016,0.04085701847111293
2018-12-21,21.31800079345703,0.04145573250571158
2018-12-24,19.69266700744629,0.03813076298247153
2018-12-26,21.73933219909668,0.04231765643481057
2018-12-27,21.075332641601562,0.0409593026547326
2018-12-28,22.257999420166016,0.043378701690623495
2018-12-31,22.18666648864746,0.04323277485064517
2019-01-02,20.674667358398438,0.04013965571996942
2019-01-03,20.02400016784668,0.03880857616143343
2019-01-04,21.179332733154297,0.041172057190326024
2019-01-07,22.33066749572754,0.043527359854647514
2019-01-08,22.356666564941406,0.04358054653760013
2019-01-09,22.568666458129883,0.044014237875249565
2019-01-10,22.99799919128418,0.04489253023916524
2019-01-11,23.150667190551758,0.04520484543811563
2019-01-14,22.293333053588867,0.04345098423054698
2019-01-15,22.961999893188477,0.0448188859391104
2019-01-16,23.06999969482422,0.04503982274116642
2019-01-17,23.15399932861328,0.045211662042555376
2019-01-18,20.150667190551758,0.039067700775539706
2019-01-22,19.92799949645996,0.03861218615876519
2019-01-23,19.172666549682617,0.037066990304504416
2019-01-24,19.43400001525879,0.037601604065642176
2019-01-25,19.80266761779785,0.038355792868704594
2019-01-28,19.7586669921875,0.038265780133833076
2019-01-29,19.83066749572754,0.038413072635834246
2019-01-30,20.584667205810547,0.039955541067940824
2019-01-31,20.468000411987305,0.03971687407093677
2019-02-01,20.81399917602539,0.04042468889359484
2019-02-04,20.859333038330078,0.040517429050620564
2019-02-05,21.42333221435547,0.04167121056156771
2019-02-06,21.148000717163086,0.04110796081875662
2019-02-07,20.500667572021484,0.03978370176655186
2019-02-08,20.386667251586914,0.03955048961385621
2019-02-11,20.856000900268555,0.040510612446180816
2019-02-12,20.78733253479004,0.04037013654861939
2019-02-13,20.544666290283203,0.039873710599531896
2019-02-14,20.251333236694336,0.039273634804801894
2019-02-15,20.525333404541016,0.039834161027350275
2019-02-19,20.375999450683594,0.03952866633473113
2019-02-20,20.17066764831543,0.039108616009744177
2019-02-21,19.415332794189453,0.03756341625359191
2019-02-22,19.6473331451416,0.038038022825445814
2019-02-25,19.917999267578125,0.038591728541662956
2019-02-26,19.857332229614258,0.03846762107891821
2019-02-27,20.982667922973633,0.040769737060287095
2019-02-28,21.325332641601562,0.041470731376613924
2019-03-01,19.652666091918945,0.038048932514062606
2019-03-04,19.02400016784668,0.03676286127390812
2019-03-05,18.43600082397461,0.03555998226229391
2019-03-06,18.416000366210938,0.03551906702808944
2019-03-07,18.439332962036133,0.03556679886673366
2019-03-08,18.94266700744629,0.03659647681682755
2019-03-11,19.39466667175293,0.03752113925925609
2019-03-12,18.890666961669922,0.03649009954903084
2019-03-13,19.263999938964844,0.037253832378687214
2019-03-14,19.33066749572754,0.03739021519207159
2019-03-15,18.36199951171875,0.03540859667611569
2019-03-18,17.965999603271484,0.03459849376794646
2019-03-19,17.83133316040039,0.03432300462091498
2019-03-20,18.239999771118164,0.035159019990494846
2019-03-21,18.26799964904785,0.0352162997576245
2019-03-22,17.635332107543945,0.03392204234911592
2019-03-25,17.3613338470459,0.03336152002845903
2019-03-26,17.851333618164062,0.034363919855119454
2019-03-27,18.32200050354004,0.035326770109598254
2019-03-28,18.57466697692871,0.03584365367578798
2019-03-29,18.657333374023438,0.03601276555502274
2019-04-01,19.278667449951172,0.037283837924274886
2019-04-02,19.058666229248047,0.03683377815180876
2019-04-03,19.45400047302246,0.03764251929984664
2019-04-04,17.851999282836914,0.034365281615250806
2019-04-05,18.33066749572754,0.035344500304546285
2019-04-08,18.213333129882812,0.03510446764551939
2019-04-09,18.15399932861328,0.03498308760492884
2019-04-10,18.40399932861328,0.035494516326810166
2019-04-11,17.89466667175293,0.03445256692796813
2019-04-12,17.84666633605957,0.034354371926634014
2019-04-15,17.7586669921875,0.03417435035878246
2019-04-16,18.224000930786133,0.03512629092464447
2019-04-17,18.082000732421875,0.03483579900481916
2019-04-18,18.21733283996582,0.035112649911981986
2019-04-22,17.516666412353516,0.03367928616982632
2019-04-23,17.593332290649414,0.03383612269842144
2019-04-24,17.243999481201172,0.03312148736943213
2019-04-25,16.5086669921875,0.03161720674937583
2019-04-26,15.675999641418457,0.029913806753551334
2019-04-29,16.097999572753906,0.03077709829561892
2019-04-30,15.912667274475098,0.03039796125389068
2019-05-01,15.600666999816895,0.02975969764711041
2019-05-02,16.273332595825195,0.031135779671190675
2019-05-03,17.00200080871582,0.03262642708236749
2019-05-06,17.022666931152344,0.0326687040767033
2019-05-07,16.470666885375977,0.031539469365143936
2019-05-08,16.32266616821289,0.031236702094678992
2019-05-09,16.131999969482422,0.030846653413388214
2019-05-10,15.968000411987305,0.030511157077072887
2019-05-13,15.133999824523926,0.028805029659094202
2019-05-14,15.487333297729492,0.029527849205491855
2019-05-15,15.463333129882812,0.029478751704824793
2019-05-16,15.222000122070312,0.028985053177891504
2019-05-17,14.0686674118042,0.026625663282230202
2019-05-20,13.690667152404785,0.025852382524088394
2019-05-21,13.67199993133545,0.02581419471203813
2019-05-22,12.84866714477539,0.02412989057318452
2019-05-23,13.03266716003418,0.024506302143704306
2019-05-24,12.708666801452637,0.023843489786590507
2019-05-28,12.579999923706055,0.023580274039252926
2019-05-29,12.657333374023438,0.023738476229870895
2019-05-30,12.54800033569336,0.02351481200566068
2019-05-31,12.343999862670898,0.023097485200936425
2019-06-03,11.9313325881958,0.022253285613948227
2019-06-04,12.90666675567627,0.02424854124067512
2019-06-05,13.105999946594238,0.024656320116913936
2019-06-06,13.729999542236328,0.02593284537952873
2019-06-07,13.633333206176758,0.025735093616729144
2019-06-10,14.192000389099121,0.026877967390005246
2019-06-11,14.473333358764648,0.02745349443440172
2019-06-12,13.950667381286621,0.026384268863071953
2019-06-13,14.260666847229004,0.02701843938567518
2019-06-14,14.32800006866455,0.027156183959190915
2019-06-17,15.001999855041504,0.028534995356371128
2019-06-18,14.982666969299316,0.028495445784189506
2019-06-19,15.095333099365234,0.028725928563785218
2019-06-20,14.641332626342773,0.02779717303717964
2019-06-21,14.790666580200195,0.028102667729798782
2019-06-24,14.909333229064941,0.02834542586003413
2019-06-25,14.650667190551758,0.02781626889415052
2019-06-26,14.618000030517578,0.027749441198535424
2019-06-27,14.855999946594238,0.028236321170083224
2019-06-28,14.897333145141602,0.028320877109700604
2019-07-01,15.14466667175293,0.028826850987273535
2019-07-02,14.970000267028809,0.02846953332277888
2019-07-03,15.65999984741211,0.029881075736755212
2019-07-05,15.539999961853027,0.029635590184365665
2019-07-08,15.355999946594238,0.029259178613845874
2019-07-09,15.337332725524902,0.02922099080179561
2019-07-10,15.928000450134277,0.030429328559609704
2019-07-11,15.90666675567627,0.030385685903251046
2019-07-12,16.338666915893555,0.031269435062420865
2019-07-15,16.899999618530273,0.032417761729059615
2019-07-16,16.825332641601562,0.03226501438275004
2019-07-17,16.99066734313965,0.032603242043111054
2019-07-18,16.902666091918945,0.03242321657336801
2019-07-19,17.211999893188477,0.033056025335839886
2019-07-22,17.045333862304688,0.03271507415521616
2019-07-23,17.344667434692383,0.03332742530058581
2019-07-24,17.658666610717773,0.033969778089651625
2019-07-25,15.254667282104492,0.029051880873506596
2019-07-26,15.202667236328125,0.028945503605709882
2019-07-29,15.718000411987305,0.02999972835519156
2019-07-30,16.150667190551758,0.030884841225438477
2019-07-31,16.107332229614258,0.03079619025069831
2019-08-01,15.59000015258789,0.02973787631893108
2019-08-02,15.62266731262207,0.02980470401454617
2019-08-05,15.221332550048828,0.028983687515868658
2019-08-06,15.383333206176758,0.02931509466989843
2019-08-07,15.561332702636719,0.029679230889778578
2019-08-08,15.886667251586914,0.030344772619992327
2019-08-09,15.667332649230957,0.029896076558603303
2019-08-12,15.267333030700684,0.02907779138397148
2019-08-13,15.666666984558105,0.02989471479847195
2019-08-14,14.641332626342773,0.02779717303717964
2019-08-15,14.37600040435791,0.027254378960525034
2019-08-16,14.662667274475098,0.027840817644484046
2019-08-19,15.121999740600586,0.02878048090876067
2019-08-20,15.057332992553711,0.028648191179553334
2019-08-21,14.722000122070312,0.02796219573412885
2019-08-22,14.8100004196167,0.02814221925292615
2019-08-23,14.09333324432373,0.026676122543028615
2019-08-26,14.333333015441895,0.02716709364780771
2019-08-27,14.272000312805176,0.02704162442493161
2019-08-28,14.37266731262207,0.027247560405139537
2019-08-29,14.780667304992676,0.0280822120636423
2019-08-30,15.040666580200195,0.02861409645168011
2019-09-03,15.000666618347168,0.02853226793421693
2019-09-04,14.711999893188477,0.027941738117026618
2019-09-05,15.305333137512207,0.029155528768203362
2019-09-06,15.16333293914795,0.028865036848378052
2019-09-09,15.452667236328125,0.02945693232759121
2019-09-10,15.702667236328125,0.029968361049472536
2019-09-11,16.47333335876465,0.03154492420945233
2019-09-12,16.391332626342773,0.031377174090348924
2019-09-13,16.34666633605957,0.03128579959534605
2019-09-16,16.187332153320312,0.030959847285624675
2019-09-17,16.319332122802734,0.031229881588347747
2019-09-18,16.232667922973633,0.031052591344541886
2019-09-19,16.440000534057617,0.03147673475370589
2019-09-20,16.041332244873047,0.030661173099336768
2019-09-23,16.082000732421875,0.030744369229768545
2019-09-24,14.880666732788086,0.028286782381827382
2019-09-25,15.24666690826416,0.02903551438963566
2019-09-26,16.17066764831543,0.030925756459642947
2019-09-27,16.142000198364258,0.030867111030490446
2019-09-30,16.058000564575195,0.030695271729101484
2019-10-01,16.312667846679688,0.03121624837946825
2019-10-02,16.208667755126953,0.03100349384387483
2019-10-03,15.535332679748535,0.029626042255880225
2019-10-04,15.428667068481445,0.029407834826924155
2019-10-07,15.847999572753906,0.030265669573737594
2019-10-08,16.003332138061523,0.030583435715104884
2019-10-09,16.302000045776367,0.031194425100343176
2019-10-10,16.31599998474121,0.031223064983908
2019-10-11,16.525999069213867,0.0316526632373804
2019-10-14,17.130666732788086,0.03288964087875932
2019-10-15,17.19266700744629,0.033016475763658265
2019-10-16,17.316667556762695,0.033270145533456155
2019-10-17,17.46466636657715,0.03357290890202961
2019-10-18,17.1299991607666,0.03288827521673648
2019-10-21,16.899999618530273,0.032417761729059615
2019-10-22,17.038667678833008,0.03270143704444518
2019-10-23,16.978666305541992,0.03257869134183178
2019-10-24,19.978666305541992,0.0387158360044077
2019-10-25,21.875333786010742,0.04259587690588774
2019-10-28,21.847333908081055,0.042538597138758086
2019-10-29,21.08133316040039,0.04097157800537223
2019-10-30,21.000667572021484,0.040806559210314515
2019-10-31,20.994667053222656,0.04079428385967488
2019-11-01,20.887332916259766,0.040574708817750216
2019-11-04,21.1646671295166,0.04114205554662984
2019-11-05,21.148000717163086,0.04110796081875662
2019-11-06,21.77199935913086,0.04238448413042567
2019-11-07,22.369333267211914,0.04360645899901076
2019-11-08,22.47599983215332,0.04382466837891257
2019-11-11,23.006000518798828,0.04490889867398193
2019-11-12,23.32866668701172,0.04556898165799578
2019-11-13,23.073999404907227,0.04504800500762901
2019-11-14,23.290000915527344,0.04548988251363254
2019-11-15,23.47800064086914,0.04587447635061492
2019-11-18,23.332666397094727,0.045577163924458375
2019-11-19,23.968000411987305,0.046876876177275345
2019-11-20,23.481332778930664,0.04588129295505467
2019-11-21,23.655332565307617,0.04623724690847223
2019-11-22,22.202667236328125,0.04326550781838703
2019-11-25,22.422666549682617,0.043715563688961664
2019-11-26,21.92799949645996,0.0427036159338158
2019-11-27,22.086000442504883,0.043026840821382986
2019-11-29,21.996000289916992,0.04284272616935438
2019-12-02,22.32466697692871,0.04351508450400788
2019-12-03,22.413333892822266,0.043696471733882275
2019-12-04,22.20199966430664,0.04326414215636419
2019-12-05,22.024667739868164,0.042901371598506884
2019-12-06,22.392667770385742,0.04365419473954646
2019-12-09,22.635332107543945,0.04415061678674246
2019-12-10,23.256000518798828,0.045420327395863255
2019-12-11,23.51333236694336,0.04594675498864692
2019-12-12,23.978666305541992,0.04689869555450893
2019-12-13,23.892667770385742,0.04672276707083442
2019-12-16,25.433332443237305,0.04987452772877117
2019-12-17,25.266000747680664,0.0495322147880161
2019-12-18,26.209999084472656,0.05146336623939061
2019-12-19,26.93600082397461,0.052948558806259025
2019-12-20,27.03933334350586,0.0531599476798296
2019-12-23,27.947999954223633,0.05501882049317211
2019-12-24,28.350000381469727,0.05584119875198098
2019-12-26,28.729333877563477,0.05661720693227699
2019-12-27,28.691999435424805,0.056540831308176456
2019-12-30,27.64666748046875,0.05440238016551692
2019-12-31,27.8886661529541,0.05489744045258156
2020-01-02,28.68400001525879,0.05652446677525127
2020-01-03,29.534000396728516,0.05826332521002608
2020-01-06,30.1026668548584,0.05942665464945866
2020-01-07,31.270666122436523,0.06181604813976189
2020-01-08,32.80933380126953,0.06496372351730459
2020-01-09,32.089332580566406,0.06349080630107581
2020-01-10,31.876667022705078,0.06305575320329501
2020-01-13,34.990665435791016,0.0694261061166751
2020-01-14,35.861331939697266,0.07120724154578573
2020-01-15,34.56666564941406,0.0685587234413762
2020-01-16,34.232666015625,0.06787545541810591
2020-01-17,34.03333282470703,0.06746767654186711
2020-01-21,36.47999954223633,0.07247285907072948
2020-01-22,37.97066879272461,0.07552234334882954
2020-01-23,38.14666748046875,0.07588238648453263
2020-01-24,37.654666900634766,0.07487589357369517
2020-01-27,37.201332092285156,0.07394849980722096
2020-01-28,37.793331146240234,0.07515956108529775
2020-01-29,38.732666015625,0.0770811724119698
2020-01-30,42.72066879272461,0.08523948906457474
2020-01-31,43.371334075927734,0.08657056472121924
2020-02-03,52.0,0.1042223550615762
2020-02-04,59.137332916259766,0.1188233032655932
2020-02-05,48.97999954223633,0.09804429516479582
2020-02-06,49.930667877197266,0.0999890915307243
2020-02-07,49.871334075927734,0.09986771149013374
2020-02-10,51.41866683959961,0.10303311316073299
2020-02-11,51.62533187866211,0.10345589090787413
2020-02-12,51.15266799926758,0.10248895537300129
2020-02-13,53.599998474121094,0.1074954957601035
2020-02-14,53.33533477783203,0.10695406929641749
2020-02-18,57.22666549682617,0.11491462248054835
2020-02-19,61.16133117675781,0.1229638266394194
2020-02-20,59.96066665649414,0.12050760935539256
2020-02-21,60.06666564941406,0.12072445307327154
2020-02-24,55.58599853515625,0.11155828565158929
2020-02-25,53.32733154296875,0.10693769695970931
2020-02-26,51.91999816894531,0.10405869412475835
2020-02-27,45.266666412353516,0.09044787429865359
2020-02-28,44.53266525268555,0.08894631719885998
2020-03-02,49.574668884277344,0.09926081909096399
2020-03-03,49.70066833496094,0.09951857804304742
2020-03-04,49.96666717529297,0.10006273583077913
2020-03-05,48.30266571044922,0.09665866326128436
2020-03-06,46.89866638183594,0.09378648093266465
2020-03-09,40.53333282470703,0.08076482331078161
2020-03-10,43.02199935913086,0.08585592549033844
2020-03-11,42.28200149536133,0.0843421008436882
2020-03-12,37.369998931884766,0.07429354407202171
2020-03-13,36.44133377075195,0.07239375992636624
2020-03-16,29.67133331298828,0.05854426920136595
2020-03-17,28.68000030517578,0.05651628450878867
2020-03-18,24.08133316040039,0.047108722667948154
2020-03-19,28.50933265686035,0.056167147159810867
2020-03-20,28.50200080871582,0.05615214828890852
2020-03-23,28.952667236328125,0.05707408330918286
2020-03-24,33.66666793823242,0.06671758472487321
2020-03-25,35.95000076293945,0.0713886326775516
2020-03-26,35.21066665649414,0.06987616588914122
2020-03-27,34.29066848754883,0.06799411193843377
2020-03-30,33.47533416748047,0.06632617038155961
2020-03-31,34.93333435058594,0.06930882306215308
2020-04-01,32.104000091552734,0.06352081184666347
2020-04-02,30.29800033569336,0.05982625125923488
2020-04-03,32.000667572021484,0.06330942297309289
2020-04-06,34.41600036621094,0.06825050522849435
2020-04-07,36.36333465576172,0.07223419597561692
2020-04-08,36.589332580566406,0.0726965232949397
2020-04-09,38.20000076293945,0.07599149117448356
2020-04-13,43.39666748046875,0.08662238964404051
2020-04-14,47.32600021362305,0.09466068411429476
2020-04-15,48.65533447265625,0.09738012299849641
2020-04-16,49.680667877197266,0.09947766280884296
2020-04-17,50.259334564208984,0.10066144986537778
2020-04-20,49.75733184814453,0.09963449543554659
2020-04-21,45.781333923339844,0.09150073728800392
2020-04-22,48.807334899902344,0.09769107253542395
2020-04-23,47.04199981689453,0.09407970027464413
2020-04-24,48.34333419799805,0.09674185939171615
2020-04-27,53.25,0.10677949867098283
2020-04-28,51.27466583251953,0.10273852815673062
2020-04-29,53.367332458496094,0.10701952742811824
2020-04-30,52.12533187866211,0.10447874835163679
2020-05-01,46.75466537475586,0.09349189592866228
2020-05-04,50.74599838256836,0.10165702528381548
2020-05-05,51.2140007019043,0.10261442459587738
2020-05-06,52.172000885009766,0.1045742198327082
2020-05-07,52.00266647338867,0.1042278099058846
2020-05-08,54.62799835205078,0.10959849041475844
2020-05-11,54.08599853515625,0.10848971332030133
2020-05-12,53.96066665649414,0.10823332003024072
2020-05-13,52.73066711425781,0.10571709165503856
2020-05-14,53.55533218383789,0.10740412126510063
2020-05-15,53.27799987792969,0.10683677843811248
2020-05-18,54.242000579833984,0.10880884902558294
2020-05-19,53.867332458496094,0.10804238487188089
2020-05-20,54.37066650390625,0.10907206282197479
2020-05-21,55.17333221435547,0.11071408801554683
2020-05-22,54.45866775512695,0.10925208829171784
2020-05-26,54.591331481933594,0.10952348045268076
2020-05-27,54.68199920654297,0.1097089607667322
2020-05-28,53.72066879272461,0.10774235282735312
2020-05-29,55.66666793823242,0.11172331225042997
2020-06-01,59.87333297729492,0.12032894954767237
2020-06-02,58.770668029785156,0.11807321144859934
2020-06-03,58.86399841308594,0.11826413880317618
2020-06-04,57.62533187866211,0.11573018023302598
2020-06-05,59.04399871826172,0.11863236810723338
2020-06-08,63.327999114990234,0.12739621149698524
2020-06-09,62.711334228515625,0.12613469095811003
2020-06-10,68.336669921875,0.13764252393334278
2020-06-11,64.85600280761719,0.13052207139918584
2020-06-12,62.35200119018555,0.12539959801201847
2020-06-15,66.05999755859375,0.13298510138576092
2020-06-16,65.47533416748047,0.13178904678236944
2020-06-17,66.11933135986328,0.13310648142635145
2020-06-18,66.9306640625,0.13476623681487154
2020-06-19,66.72666931152344,0.13434892171582177
2020-06-22,66.28800201416016,0.13345153349493521
2020-06-23,66.78533172607422,0.13446892829060647
2020-06-24,64.0566635131836,0.12888685110437906
2020-06-25,65.73200225830078,0.13231411651691324
2020-06-26,63.982666015625,0.12873547332198382
2020-06-29,67.29000091552734,0.13550133756474608
2020-06-30,71.98733520507812,0.1451107442525632
2020-07-01,74.64199829101562,0.15054142804882945
2020-07-02,80.57733154296875,0.16268342764477395
2020-07-06,91.43866729736328,0.18490262389594975
2020-07-07,92.65733337402344,0.1873956672318955
2020-07-08,91.05867004394531,0.18412525785741388
2020-07-09,92.9520034790039,0.18799847825256266
2020-07-10,102.97666931152344,0.20850608638861415
2020-07-13,99.80400085449219,0.20201571129288337
2020-07-14,101.12000274658203,0.20470787595554304
2020-07-15,103.06732940673828,0.20869155109509963
2020-07-16,100.04266357421875,0.2025039471717253
2020-07-17,100.05599975585938,0.20253122919705027
2020-07-20,109.53333282470703,0.2219191505500278
2020-07-21,104.55733489990234,0.21173967751495984
2020-07-22,106.15533447265625,0.21500872903120158
2020-07-23,100.87133026123047,0.20419916295014143
2020-07-24,94.46666717529297,0.19109704832565533
2020-07-27,102.63999938964844,0.2078173557172525
2020-07-28,98.43267059326172,0.19921036056177024
2020-07-29,99.94066619873047,0.20229528962220042
2020-07-30,99.16600036621094,0.200710544195758
2020-07-31,95.38400268554688,0.19297365523583737
2020-08-03,99.0,0.20037095477526565
2020-08-04,99.13333129882812,0.20064371259825142
2020-08-05,99.00133514404297,0.20037368609931133
2020-08-06,99.30533599853516,0.20099558517316643
2020-08-07,96.84733581542969,0.19596721760504762
2020-08-10,94.57133483886719,0.1913111685232716
2020-08-11,91.6259994506836,0.18528585207090928
2020-08-12,103.65066528320312,0.20988488998201138
2020-08-13,108.06666564941406,0.21891876767448631
2020-08-14,110.04733276367188,0.2229706478773553
2020-08-17,122.3759994506836,0.2481915848623125
2020-08-18,125.80599975585938,0.2552083875508269
2020-08-19,125.23533630371094,0.25404097283100024
2020-08-20,133.45533752441406,0.27085675170366885
2020-08-21,136.6653289794922,0.2774234790121512
2020-08-24,134.27999877929688,0.2725437735099479
2020-08-25,134.8893280029297,0.2737902873741378
2020-08-26,143.54466247558594,0.29149663396136166
2020-08-27,149.25,0.3031681278734123
2020-08-28,147.55999755859375,0.29971086471907343
2020-08-31,166.10667419433594,0.337652077226929
2020-09-01,158.35000610351562,0.3217841458359454
2020-09-02,149.1233367919922,0.30290901106308904
2020-09-03,135.6666717529297,0.2753805110562375
2020-09-04,139.44000244140625,0.28309966982121015
2020-09-08,110.06999969482422,0.22301701795586815
2020-09-09,122.09333038330078,0.24761332454292456
2020-09-10,123.77999877929688,0.25106376719093215
2020-09-11,124.23999786376953,0.2520047941662859
2020-09-14,139.8733367919922,0.2839861483534799
2020-09-15,149.9199981689453,0.30453875310223844
2020-09-16,147.25332641601562,0.29908350299712694
2020-09-17,141.14332580566406,0.2865841837857421
2020-09-18,147.38333129882812,0.2993494559213475
2020-09-21,149.79666137695312,0.3042864411906804
2020-09-22,141.41000366210938,0.28712973064684555
2020-09-23,126.78666687011719,0.25721455286617056
2020-09-24,129.26333618164062,0.26228111214823113
2020-09-25,135.77999877929688,0.27561234584123584
2020-09-28,140.39999389648438,0.28506353863276057
2020-09-29,139.69000244140625,0.28361109854309147
2020-09-30,143.00332641601562,0.2903892147251444
2020-10-01,149.3866729736328,0.30344772181029533
2020-10-02,138.3633270263672,0.28089709889563225
2020-10-05,141.89332580566406,0.288118469951386
2020-10-06,137.9933319091797,0.2801401943760901
2020-10-07,141.76666259765625,0.28785935314106276
2020-10-08,141.97332763671875,0.28828213088820387
2020-10-09,144.6666717529297,0.2937919450439653
2020-10-12,147.43333435058594,0.2994517479087501
2020-10-13,148.88333129882812,0.3024180282526354
2020-10-14,153.76666259765625,0.31240793179136644
2020-10-15,149.6266632080078,0.3039386734056169
2020-10-16,146.55667114257812,0.29765834493278287
2020-10-19,143.61000061035156,0.29163029715637484
2020-10-20,140.64666748046875,0.28556816245587663
2020-10-21,140.8800048828125,0.2860455042536677
2020-10-22,141.92999267578125,0.2881934799134637
2020-10-23,140.2100067138672,0.28467487902484157
2020-10-26,140.0933380126953,0.28443620812594606
2020-10-27,141.55999755859375,0.2874365753939216
2020-10-28,135.33999633789062,0.2747122262963036
2020-10-29,136.94332885742188,0.27799218750116217
2020-10-30,129.34666442871094,0.26245157798381424
2020-11-02,133.50332641601562,0.270954923293654
2020-11-03,141.3000030517578,0.28690470076061253
2020-11-04,140.32666015625,0.2849135187086052
2020-11-05,146.02999877929688,0.2965809234383703
2020-11-06,143.31666564941406,0.2910302174597534
2020-11-09,140.4199981689453,0.285104461670748
2020-11-10,136.7866668701172,0.27767170174142364
2020-11-11,139.0433349609375,0.28228820125101806
2020-11-12,137.25332641601562,0.27862635412187386
2020-11-13,136.1666717529297,0.2764033685000002
2020-11-16,136.02999877929688,0.2761237745631172
2020-11-17,147.20333862304688,0.2989812422248563
2020-11-18,162.2133331298828,0.32968741144916364
2020-11-19,166.42333984375,0.3382998848603032
2020-11-20,163.20333862304688,0.3317126804252612
2020-11-23,173.9499969482422,0.35369727935226103
2020-11-24,185.1266632080078,0.37656155191276536
2020-11-25,191.3333282470703,0.38925861898505837
2020-11-27,195.25332641601562,0.3972778175983417
2020-11-30,189.1999969482422,0.38489443138702195
2020-12-01,194.9199981689453,0.39659592304087726
2020-12-02,189.60667419433594,0.3857263770837737
2020-12-03,197.7933349609375,0.4024739508931299
2020-12-04,199.67999267578125,0.40633351466805023
2020-12-07,213.9199981689453,0.4354645059038581
2020-12-08,216.6266632080078,0.4410015708698125
2020-12-09,201.4933319091797,0.41004308973394715
2020-12-10,209.02333068847656,0.42544732033980215
2020-12-11,203.3300018310547,0.41380039273659674
2020-12-14,213.27667236328125,0.4341484447256819
2020-12-15,211.0833282470703,0.42966148801368315
2020-12-16,207.58999633789062,0.4225151269200071
2020-12-17,218.63333129882812,0.4451066416575256
2020-12-18,231.6666717529297,0.471769140258667
2020-12-21,216.6199951171875,0.44098792985715
2020-12-22,213.44667053222656,0.4344962125107454
2020-12-23,215.32666015625,0.43834213527300325
2020-12-24,220.58999633789062,0.4491094204578361
2020-12-28,221.22999572753906,0.450418676737247
2020-12-29,221.99667358398438,0.45198708104211316
2020-12-30,231.5933380126953,0.47161912033451164
2020-12-31,235.22332763671875,0.4790450441499388
2021-01-04,243.2566680908203,0.49547896831345367
2021-01-05,245.0366668701172,0.4991203383160382
2021-01-06,251.9933319091797,0.5133516915539752
2021-01-07,272.0133361816406,0.5543069123424688
2021-01-08,293.3399963378906,0.5979351785253022
2021-01-11,270.39666748046875,0.5509996691122853
2021-01-12,283.14666748046875,0.5770825339282329
2021-01-13,284.8033447265625,0.5804716232343913
2021-01-14,281.6666564941406,0.5740548534198004
2021-01-15,275.38665771484375,0.5612077664233521
2021-01-19,281.51666259765625,0.5737480086727245
2021-01-20,283.48333740234375,0.5777712645995946
2021-01-21,281.663330078125,0.5740480485210352
2021-01-22,282.21331787109375,0.5751731667370685
2021-01-25,293.6000061035156,0.5984670843737432
2021-01-26,294.36334228515625,0.6000286525647122
2021-01-27,288.0533447265625,0.5871201966188486
2021-01-28,278.4766540527344,0.5675290179341737
2021-01-29,264.510009765625,0.5389572457872637
2021-02-01,279.9366760253906,0.5705158066197505
2021-02-02,290.92999267578125,0.5930049981547345
2021-02-03,284.89666748046875,0.5806625349814022
2021-02-04,283.3299865722656,0.5774575525234894
2021-02-05,284.07666015625,0.5789850337903681
2021-02-08,287.8066711425781,0.5866155727957325
2021-02-09,283.1533203125,0.5770961437257635
2021-02-10,268.2733459472656,0.5466559586408085
2021-02-11,270.5533447265625,0.5513201860871557
2021-02-12,272.0400085449219,0.5543614763931187
2021-02-16,265.40667724609375,0.5407915718012184
2021-02-17,266.04998779296875,0.5421076017642626
2021-02-18,262.4599914550781,0.5347634928096785
2021-02-19,260.4333190917969,0.5306174989839779
2021-02-22,238.1666717529297,0.48506628702758153
2021-02-23,232.94667053222656,0.47438765281748885
2021-02-24,247.33999633789062,0.5038322936991381
2021-02-25,227.4066619873047,0.4630543748601248
2021-02-26,225.1666717529297,0.45847199348975254
2021-03-01,239.47666931152344,0.4877461685358186
2021-03-02,228.81333923339844,0.46593203544440187
2021-03-03,217.73333740234375,0.44326551074480564
2021-03-04,207.14666748046875,0.42160820247630953
2021-03-05,199.31666564941406,0.4055902511611706
2021-03-08,187.6666717529297,0.3817576852075535
2021-03-09,224.52667236328125,0.4571627372103416
2021-03-10,222.68666076660156,0.4533985980937948
2021-03-11,233.1999969482422,0.47490588643813547
2021-03-12,231.2433319091797,0.470903107637825
2021-03-15,235.97999572753906,0.48059297132824524
2021-03-16,225.6266632080078,0.4594130048575403
2021-03-17,233.93666076660156,0.4764128905784545
2021-03-18,217.72000122070312,0.44323822871948065
2021-03-19,218.2899932861328,0.44440426997350146
2021-03-22,223.3333282470703,0.4547214953858682
2021-03-23,220.72000122070312,0.4493753733820566
2021-03-24,210.08999633789062,0.42762941413882033
2021-03-25,213.4633331298828,0.4345302994348356
2021-03-26,206.23666381835938,0.41974659443702983
2021-03-29,203.76333618164062,0.41468687126886655
2021-03-30,211.8733367919922,0.43127762025530203
2021-03-31,222.64332580566406,0.4533099471190546
2021-04-01,220.5833282470703,0.4490957794451736
2021-04-05,230.35000610351562,0.4690756177377675
2021-04-06,230.5399932861328,0.46946427734568646
2021-04-07,223.6566619873047,0.4553829440319049
2021-04-08,227.93333435058594,0.4641317963545374
2021-04-09,225.67333984375,0.45950849194617766
2021-04-12,233.9933319091797,0.4765288235785196
2021-04-13,254.10667419433594,0.5176749873291561
2021-04-14,244.07666015625,0.4971564382893558
2021-04-15,246.28334045410156,0.5016706770266796
2021-04-16,246.5933380126953,0.5023048436473913
2021-04-19,238.2100067138672,0.4851549380023217
2021-04-20,239.663330078125,0.4881280232449723
2021-04-21,248.0399932861328,0.5052642878773793
2021-04-22,239.89666748046875,0.48860536504276336
2021-04-23,243.13333129882812,0.49522665640189567
2021-04-26,246.06666564941406,0.5012274221529787
2021-04-27,234.913330078125,0.47841087752922706
2021-04-28,231.46665954589844,0.4713599723090564
2021-04-29,225.6666717529297,0.45949485093351516
2021-04-30,236.47999572753906,0.4816158287720079
2021-05-03,228.3000030517578,0.46488189597531426
2021-05-04,224.53334045410156,0.4571763782230041
2021-05-05,223.64666748046875,0.45536249812047713
2021-05-06,221.17999267578125,0.4503163847498443
2021-05-07,224.1233367919922,0.4563376276274871
2021-05-10,209.67999267578125,0.4267906635433033
2021-05-11,205.73333740234375,0.41871693209450195
2021-05-12,196.6300048828125,0.4000941092332036
2021-05-13,190.56333923339844,0.3876834409965589
2021-05-14,196.5800018310547,0.39999181724580096
2021-05-17,192.27667236328125,0.3911884320876505
2021-05-18,192.6233367919922,0.3918976086704399
2021-05-19,187.82000732421875,0.38207136606852676
2021-05-20,195.5933380126953,0.3979733843836006
2021-05-21,193.6266632080078,0.39395012845673044
2021-05-24,202.14666748046875,0.411379628038683
2021-05-25,201.56333923339844,0.41018630475933726
2021-05-26,206.3766632080078,0.4200329932726781
2021-05-27,210.28334045410156,0.4280249410757685
2021-05-28,208.4066619873047,0.42418579199714396
2021-06-01,207.96665954589844,0.4232856724522117
2021-06-02,201.7066650390625,0.41047950849375076
2021-06-03,190.94667053222656,0.38846762754142594
2021-06-04,199.68333435058594,0.4063403507819474
2021-06-07,201.7100067138672,0.410486344607648
2021-06-08,201.19667053222656,0.4094362051385604
2021-06-09,199.5933380126953,0.4061562439337018
2021-06-10,203.3733367919922,0.41388904371133695
2021-06-11,203.29666137695312,0.41373218767328435
2021-06-14,205.89666748046875,0.4190510588669029
2021-06-15,199.7866668701172,0.406551739655518
2021-06-16,201.6233367919922,0.41030904265816764
2021-06-17,205.53334045410156,0.41830779536002327
2021-06-18,207.77000427246094,0.4228833718316302
2021-06-21,206.94332885742188,0.4211922296279337
2021-06-22,207.90333557128906,0.423156129654616
2021-06-23,218.85667419433594,0.44556353754388894
2021-06-24,226.60667419433594,0.4614178279222101
2021-06-25,223.9566650390625,0.4559966647411889
2021-06-28,229.57333374023438,0.4674867675214736
2021-06-29,226.9199981689453,0.4620587994416871
2021-06-30,226.56666564941406,0.4613359818462352
2021-07-01,225.97332763671875,0.4601221814403297
2021-07-02,226.3000030517578,0.46079046620026365
2021-07-06,219.86000061035156,0.44761605733017956
2021-07-07,214.88333129882812,0.4374352108293057
2021-07-08,217.60333251953125,0.4429995578205851
2021-07-09,218.98333740234375,0.44582265435421226
2021-07-12,228.56666564941406,0.4654274116212858
2021-07-13,222.84666442871094,0.4537259199674305
2021-07-14,217.7933349609375,0.443388248643636
2021-07-15,216.86666870117188,0.4414925536802661
2021-07-16,214.74000549316406,0.4371420070948922
2021-07-19,215.4066619873047,0.4385057962098211
2021-07-20,220.1666717529297,0.448243419052126
2021-07-21,218.42999267578125,0.44469066880914976
2021-07-22,216.4199981689453,0.44057879312267134
2021-07-23,214.4600067138672,0.43656920942359567
2021-07-26,219.2066650390625,0.44627951902544366
2021-07-27,214.92666625976562,0.4375238618040459
2021-07-28,215.66000366210938,0.43902406104559966
2021-07-29,225.78334045410156,0.45973352183241073
2021-07-30,229.06666564941406,0.46645026906504844
2021-08-02,236.55667114257812,0.4817726848100605
2021-08-03,236.5800018310547,0.48182041274681325
2021-08-04,236.97332763671875,0.48262504520310806
2021-08-05,238.2100067138672,0.4851549380023217
2021-08-06,233.03334045410156,0.4745649547669692
2021-08-09,237.9199981689453,0.4845616632044655
2021-08-10,236.663330078125,0.48199087858239636
2021-08-11,235.94000244140625,0.48051115646740233
2021-08-12,240.75,0.49035104008197794
2021-08-13,239.05667114257812,0.48688697202887377
2021-08-16,228.72332763671875,0.4657478973810243
2021-08-17,221.90333557128906,0.4517961380799703
2021-08-18,229.663330078125,0.4676708743697192
2021-08-19,224.49000549316406,0.4570877272482639
2021-08-20,226.75332641601562,0.4617178365553889
2021-08-23,235.43333435058594,0.47947465801097716
2021-08-24,236.163330078125,0.4809680211386337
2021-08-25,237.06666564941406,0.4828159881652509
2021-08-26,233.72000122070312,0.47596966691988557
2021-08-27,237.30667114257812,0.48330697097570446
2021-08-30,243.6366729736328,0.49625634995955553
2021-08-31,245.24000549316406,0.4995363111644141
2021-09-01,244.69667053222656,0.4984248027459113
2021-09-02,244.1300048828125,0.49726556639065567
2021-09-03,244.52333068847656,0.4980701988469506
2021-09-07,250.97332763671875,0.5112650536284624
2021-09-08,251.2899932861328,0.5119128612618367
2021-09-09,251.6199951171875,0.5125879509205358
2021-09-10,245.42333984375,0.4999113609748025
2021-09-13,247.6666717529297,0.5045005784590719
2021-09-14,248.163330078125,0.5055165997889374
2021-09-15,251.94332885742188,0.5132493995665725
2021-09-16,252.3300018310547,0.5140404222253369
2021-09-17,253.163330078125,0.515745174226564
2021-09-20,243.38999938964844,0.4957517261364395
2021-09-21,246.4600067138672,0.5020320858244055
2021-09-22,250.64666748046875,0.5105968000836604
2021-09-23,251.2133331298828,0.511756036438916
2021-09-24,258.1300048828125,0.52590557481601
2021-09-27,263.78668212890625,0.5374775236722696
2021-09-28,259.1866760253906,0.5280672227036004
2021-09-29,260.4366760253906,0.530624366313007
2021-09-30,258.49334716796875,0.5266488695380216
2021-10-01,258.40667724609375,0.5264715675885413
2021-10-04,260.510009765625,0.5307743862371624
2021-10-05,260.1966552734375,0.5301333522874215
2021-10-06,260.9166564941406,0.5316062695036503
2021-10-07,264.53668212890625,0.5390118098379136
2021-10-08,261.8299865722656,0.5334746824416953
2021-10-11,263.9800109863281,0.5378730193940858
2021-10-12,268.5733337402344,0.5472696481349606
2021-10-13,270.3599853515625,0.5509246279350756
2021-10-14,272.7733459472656,0.5558616756346725
2021-10-15,281.010009765625,0.5727115414314312
2021-10-18,290.03668212890625,0.591177539469809
2021-10-19,288.0899963378906,0.5871951753657944
2021-10-20,288.6000061035156,0.5882385099361167
2021-10-21,298.0,0.6074682173928018
2021-10-22,303.2266540527344,0.6181604614004249
2021-10-25,341.6199951171875,0.6967022907978134
2021-10-26,339.4766540527344,0.6923176260732173
2021-10-27,345.9533386230469,0.7055670761205111
2021-10-28,359.0133361816406,0.7322841075571704
2021-10-29,371.3333435058594,0.7574873299547455
2021-11-01,402.86334228515625,0.821988717861208
2021-11-02,390.6666564941406,0.797037776160059
2021-11-03,404.6199951171875,0.8255823287119078
2021-11-04,409.9700012207031,0.836526915846221
2021-11-05,407.36334228515625,0.8311944348550718
2021-11-08,387.64666748046875,0.7908597396746275
2021-11-09,341.1666564941406,0.6957748892275563
2021-11-10,355.98333740234375,0.7260855939451794
2021-11-11,354.5033264160156,0.7230579134367469
2021-11-12,344.47332763671875,0.7025393956120786
2021-11-15,337.7966613769531,0.6888808400454381
2021-11-16,351.57666015625,0.7170707886983263
2021-11-17,363.0033264160156,0.740446489980712
2021-11-18,365.4599914550781,0.7454721262247851
2021-11-19,379.0199890136719,0.7732120151052072
2021-11-22,385.6233215332031,0.7867205507476922
2021-11-23,369.6766662597656,0.7540982406485872
2021-11-24,372.0,0.7588511190696745
2021-11-26,360.6400146484375,0.7356118279139137
2021-11-29,378.9966735839844,0.7731643183835863
2021-11-30,381.586669921875,0.7784627124506452
2021-12-01,365.0,0.7445311148569973
2021-12-02,361.5333251953125,0.7374392865988393
2021-12-03,338.3233337402344,0.6899582615398507
2021-12-06,336.336669921875,0.6858941137901251
2021-12-07,350.5833435058594,0.7150387460385955
2021-12-08,356.32000732421875,0.726774324616541
2021-12-09,334.6000061035156,0.6823413947622808
2021-12-10,339.010009765625,0.691363004907899
2021-12-13,322.13665771484375,0.6568449374151601
2021-12-14,319.5033264160156,0.6514578923733612
2021-12-15,325.3299865722656,0.6633775777995523
2021-12-16,308.97332763671875,0.6299165171049302
2021-12-17,310.8566589355469,0.6337692759810852
2021-12-20,299.9800109863281,0.6115187553449969
2021-12-21,312.84332275390625,0.637833423730811
2021-12-22,336.2900085449219,0.6857986579166196
2021-12-23,355.6666564941406,0.7254377550966732
2021-12-27,364.64666748046875,0.7438082972615454
2021-12-28,362.8233337402344,0.7400782762842207
2021-12-29,362.0633239746094,0.7385235129920171
2021-12-30,356.7799987792969,0.7277153359843288
2021-12-31,352.260009765625,0.7184687271676093
2022-01-03,399.9266662597656,0.8159811159962277
2022-01-04,383.1966552734375,0.7817562834530344
2022-01-05,362.7066650390625,0.7398396053853252
2022-01-06,354.8999938964844,0.723869382006939
2022-01-07,342.32000732421875,0.6981343161911867
2022-01-10,352.7066650390625,0.7193824565100722
2022-01-11,354.79998779296875,0.7236647980321337
2022-01-12,368.739990234375,0.7521820685586575
2022-01-13,343.85333251953125,0.7012710623706552
2022-01-14,349.8699951171875,0.7135794386198973
2022-01-18,343.5033264160156,0.7005550496739685
2022-01-19,331.8833312988281,0.6767838526697667
2022-01-20,332.0899963378906,0.6772066304169079
2022-01-21,314.6333312988281,0.6414952708599552
2022-01-24,310.0,0.6320167960431055
2022-01-25,306.1333312988281,0.62410669431599
2022-01-26,312.4700012207031,0.6370697143125035
2022-01-27,276.3666687011719,0.5632125894880219
2022-01-28,282.1166687011719,0.5749754500912924
2022-01-31,312.239990234375,0.6365991774134777
2022-02-01,310.4166564941406,0.632869156436153
2022-02-02,301.88665771484375,0.6154192109427727
2022-02-03,297.0466613769531,0.6055179583787819
2022-02-04,307.7733459472656,0.6274616966980582
2022-02-07,302.4466552734375,0.6165648062853658
2022-02-08,307.3333435058594,0.6265615771531259
2022-02-09,310.6666564941406,0.6333805851580344
2022-02-10,301.51666259765625,0.6146623064232306
2022-02-11,286.6666564941406,0.584283427857427
2022-02-14,291.9200134277344,0.595030298345964
2022-02-15,307.4766540527344,0.6268547496724075
2022-02-16,307.7966613769531,0.6275093934196789
2022-02-17,292.1166687011719,0.5954325989665454
2022-02-18,285.6600036621094,0.5822241031723712
2022-02-22,273.84332275390625,0.5580505431173239
2022-02-23,254.67999267578125,0.5188478334819421
2022-02-24,266.92333984375,0.5438942310565966
2022-02-25,269.9566650390625,0.550099549567353
2022-02-28,290.1433410644531,0.5913957332421448
2022-03-01,288.1233215332031,0.5872633492139748
2022-03-02,293.2966613769531,0.597846527550562
2022-03-03,279.7633361816406,0.5701612027207899
2022-03-04,279.42999267578125,0.5694792769481934
2022-03-07,268.1933288574219,0.5464922664888587
2022-03-08,274.79998779296875,0.5600076070301091
2022-03-09,286.3233337402344,0.5835810873885348
2022-03-10,279.4333190917969,0.5694860818469587
2022-03-11,265.1166687011719,0.5401982970033622
2022-03-14,255.4566650390625,0.520436683698236
2022-03-15,267.2966613769531,0.544657940474904
2022-03-16,280.07666015625,0.5708021742402669
2022-03-17,290.5333251953125,0.5921935295845424
2022-03-18,301.7966613769531,0.6152351040945271
2022-03-21,307.0533447265625,0.6259887794818294
2022-03-22,331.32666015625,0.6756450622259389
2022-03-23,333.03668212890625,0.6791432796333972
2022-03-24,337.97332763671875,0.6892422488431641
2022-03-25,336.8800048828125,0.6870056222086279
2022-03-28,363.9466552734375,0.7423762718681721
2022-03-29,366.5233459472656,0.74764744634017
2022-03-30,364.663330078125,0.7438423841856356
2022-03-31,359.20001220703125,0.7326659934814561
2022-04-01,361.5299987792969,0.737432481700074
2022-04-04,381.8166809082031,0.7789332493496711
2022-04-05,363.7533264160156,0.7419807761463559
2022-04-06,348.586669921875,0.7109541211623102
2022-04-07,352.4200134277344,0.718796049041245
2022-04-08,341.8299865722656,0.6971318734437199
2022-04-11,325.30999755859375,0.6633366859766968
2022-04-12,328.98333740234375,0.6708512919819961
2022-04-13,340.7900085449219,0.6950043749104836
2022-04-14,328.3333435058594,0.6695215897911574
2022-04-18,334.7633361816406,0.6826755215346818
2022-04-19,342.7166748046875,0.6989457847613788
2022-04-20,325.73333740234375,0.6642027185975388
2022-04-21,336.260009765625,0.6857372889672044
2022-04-22,335.01666259765625,0.6831937551553283
2022-04-25,332.67333984375,0.6783999849113855
2022-04-26,292.1400146484375,0.5954803581184301
2022-04-27,293.836669921875,0.5989512310702996
2022-04-28,292.5033264160156,0.5962235904101778
2022-04-29,290.2533264160156,0.5916207319132459
2022-05-02,300.9800109863281,0.6135644702325221
2022-05-03,303.0833435058594,0.6178672888811434
2022-05-04,317.5400085449219,0.6474415037755201
2022-05-05,291.09332275390625,0.5933391249271355
2022-05-06,288.54998779296875,0.588136186733582
2022-05-09,262.3699951171875,0.5345793859614328
2022-05-10,266.67999267578125,0.5433964121322458
2022-05-11,244.6666717529297,0.49836343379649606
2022-05-12,242.6666717529297,0.4942720040214454
2022-05-13,256.5299987792969,0.5226324185099167
2022-05-16,241.4566650390625,0.49179667527288173
2022-05-17,253.8699951171875,0.5171908094174678
2022-05-18,236.60333251953125,0.4818681406835659
2022-05-19,236.47332763671875,0.48160218775934543
2022-05-20,221.3000030517578,0.4505618917626371
2022-05-23,224.96665954589844,0.45806282554014194
2022-05-24,209.3866729736328,0.42619061506181377
2022-05-25,219.60000610351562,0.44708418269687045
2022-05-26,235.91000366210938,0.4804497875179871
2022-05-27,253.2100067138672,0.5158406613152013
2022-05-31,252.75332641601562,0.5149064236310469
2022-06-01,246.7899932861328,0.5027071442679727
2022-06-02,258.3333435058594,0.5263215476643859
2022-06-03,234.51666259765625,0.47759940895903497
2022-06-06,238.27999877929688,0.48529812181257986
2022-06-07,238.8866729736328,0.4865392042438103
2022-06-08,241.86666870117188,0.49263542586839876
2022-06-09,239.7066650390625,0.48821667421971243
2022-06-10,232.22999572753906,0.4729215405000254
2022-06-13,215.73666381835938,0.4391808858685203
2022-06-14,220.88999938964844,0.44972314116712003
2022-06-15,233.0,0.4744967497036568
2022-06-16,213.10000610351562,0.433787035927956
2022-06-17,216.75999450683594,0.4412743286927983
2022-06-21,237.0366668701172,0.48275461921583573
2022-06-22,236.086669921875,0.48081119631571306
2022-06-23,235.07000732421875,0.4787313945040975
2022-06-24,245.7066650390625,0.5004909635448643
2022-06-27,244.9199981689453,0.49888166741714257
2022-06-28,232.663330078125,0.47380801903229514
2022-06-29,228.49000549316406,0.46527058679836514
2022-06-30,224.47332763671875,0.45705360910904175
2022-07-01,227.26333618164062,0.46276117112571125
2022-07-05,233.06666564941406,0.47463312861514967
2022-07-06,231.73333740234375,0.47190551917015994
2022-07-07,244.5433349609375,0.498111121884938
2022-07-08,250.76333618164062,0.510835470982556
2022-07-11,234.3433380126953,0.47724483627520625
2022-07-12,233.07000732421875,0.4746399647290469
2022-07-13,237.0399932861328,0.482761424114601
2022-07-14,238.31333923339844,0.48536632687589226
2022-07-15,240.06666564941406,0.4889531328278268
2022-07-18,240.54666137695312,0.48993506723360203
2022-07-19,245.52999877929688,0.5001295547471384
2022-07-20,247.5,0.5041596155727738
2022-07-21,271.7066650390625,0.5536795506205223
2022-07-22,272.24334716796875,0.5547774492414945
2022-07-25,268.4333190917969,0.5469832180841804
2022-07-26,258.8599853515625,0.5273989067285346
2022-07-27,274.82000732421875,0.5600485612832284
2022-07-28,280.8999938964844,0.5724864803300662
2022-07-29,297.1499938964844,0.6057293472523525
2022-08-01,297.27667236328125,0.6059884952778077
2022-08-02,300.586669921875,0.6127598065610954
2022-08-03,307.39666748046875,0.6266911199507216
2022-08-04,308.6333312988281,0.6292209815348033
2022-08-05,288.1700134277344,0.5873588675177441
2022-08-08,290.42333984375,0.5919685309134414
2022-08-09,283.3333435058594,0.5774644198525185
2022-08-10,294.3566589355469,0.6000149803369177
2022-08-11,286.6300048828125,0.5842084491104812
2022-08-12,300.0299987792969,0.6116210161172676
2022-08-15,309.32000732421875,0.6306257249028516
2022-08-16,306.5633239746094,0.6249863367343625
2022-08-17,303.9966735839844,0.6197357018191884
2022-08-18,302.8699951171875,0.6174308389062078
2022-08-19,296.6666564941406,0.6047405767326801
2022-08-22,289.913330078125,0.590925196343119
2022-08-23,296.4533386230469,0.6043041891880083
2022-08-24,297.0966796875,0.6056202815813165
2022-08-25,296.07000732421875,0.6035200026431412
2022-08-26,288.0899963378906,0.5871951753657944
2022-08-29,284.82000732421875,0.5805057101584815
2022-08-30,277.70001220703125,0.5659402301481435
2022-08-31,275.6099853515625,0.5616646310945834
2022-09-01,277.1600036621094,0.5648355266284061
2022-09-02,270.2099914550781,0.5506177831879996
2022-09-06,274.4200134277344,0.5592302878142711
2022-09-07,283.70001220703125,0.5782145194732954
2022-09-08,289.260009765625,0.589588689253515
2022-09-09,299.67999267578125,0.610905003420581
2022-09-12,304.4200134277344,0.6206017344400303
2022-09-13,292.1300048828125,0.5954598809918704
2022-09-14,302.6099853515625,0.6168989330577668
2022-09-15,303.75,0.6192310779960722
2022-09-16,303.3500061035156,0.6184128045271149
2022-09-19,309.07000732421875,0.6301142961809703
2022-09-20,308.7300109863281,0.6294187606108433
2022-09-21,300.79998779296875,0.6131961941057671
2022-09-22,288.5899963378906,0.588218032809557
2022-09-23,275.3299865722656,0.561091833423287
2022-09-26,276.010009765625,0.5624829669938047
2022-09-27,282.94000244140625,0.5766597561810918
2022-09-28,287.80999755859375,0.5866223776944978
2022-09-29,268.2099914550781,0.546526353412949
2022-09-30,265.25,0.5404710548263479
2022-10-03,242.39999389648438,0.4937264571603419
2022-10-04,249.44000244140625,0.508128307448994
2022-10-05,240.80999755859375,0.4904737779808083
2022-10-06,238.1300048828125,0.4849912770655038
2022-10-07,223.07000732421875,0.45418281585379383
2022-10-10,222.9600067138672,0.45395778596756076
2022-10-11,216.5,0.4407424540594892
2022-10-12,217.24000549316406,0.44225629431370544
2022-10-13,221.72000122070312,0.4514210882695819
2022-10-14,204.99000549316406,0.41719628694152044
2022-10-17,219.35000610351562,0.44657275397498913
2022-10-18,220.19000244140625,0.44829114698887873
2022-10-19,222.0399932861328,0.4520757008017214
2022-10-20,207.27999877929688,0.42188096029929534
2022-10-21,214.44000244140625,0.4365282863856082
2022-10-24,211.25,0.43000245089998135
2022-10-25,222.4199981689453,0.4528530824478232
2022-10-26,224.63999938964844,0.45739457199533995
2022-10-27,225.08999633789062,0.45831513745169994
2022-10-28,228.52000427246094,0.46533195574778036
2022-10-31,227.5399932861328,0.46332713268311054
2022-11-01,227.82000732421875,0.46389996156953905
2022-11-02,214.97999572753906,0.4376329586902138
2022-11-03,215.30999755859375,0.438308048348913
2022-11-04,207.47000122070312,0.42226965112234627
2022-11-07,197.0800018310547,0.4010146746895636
2022-11-08,191.3000030517578,0.3891904451368779
2022-11-09,177.58999633789062,0.36114368029424787
2022-11-10,190.72000122070312,0.38800392675629736
2022-11-11,195.97000122070312,0.3987439299158052
2022-11-14,190.9499969482422,0.38847443244019125
2022-11-15,194.4199981689453,0.3955730655971146
2022-11-16,186.9199981689453,0.3802302039406748
2022-11-17,183.1699981689453,0.3725587731124549
2022-11-18,180.19000244140625,0.36646255148786644
2022-11-21,167.8699951171875,0.34125932909029133
2022-11-22,169.91000366210938,0.34543260494131683
2022-11-23,183.1999969482422,0.3726201420618701
2022-11-25,182.86000061035156,0.3719246064917432
2022-11-28,182.9199981689453,0.3720473443905736
2022-11-29,180.8300018310547,0.36777180776727736
2022-11-30,194.6999969482422,0.3961458632684111
2022-12-01,194.6999969482422,0.3961458632684111
2022-12-02,194.86000061035156,0.3964731851420469
2022-12-05,182.4499969482422,0.3710858558962261
2022-12-06,179.82000732421875,0.3657056469683243
2022-12-07,174.0399932861328,0.35388138620050663
2022-12-08,173.44000244140625,0.3526539759970706
2022-12-09,179.0500030517578,0.36413043776469284
2022-12-12,167.82000732421875,0.3411570683180206
2022-12-13,160.9499969482422,0.32710298581443203
2022-12-14,156.8000030517578,0.31861328151725476
2022-12-15,157.6699981689453,0.3203930434805596
2022-12-16,150.22999572753906,0.3051729197229502
2022-12-19,149.8699951171875,0.3044364611148358
2022-12-20,137.8000030517578,0.2797446986542739
2022-12-21,137.57000732421875,0.27927419297038003
2022-12-22,125.3499984741211,0.2542755389400443
2022-12-23,123.1500015258789,0.24977497243051502
2022-12-27,109.0999984741211,0.22103267201775806
2022-12-28,112.70999908447266,0.22841770401032968
2022-12-29,121.81999969482422,0.24705416788429052
2022-12-30,123.18000030517578,0.24983634137993024
2023-01-03,108.0999984741211,0.21898695713023275
2023-01-04,113.63999938964844,0.23032021948003087
2023-01-05,110.33999633789062,0.22356935410817097
2023-01-06,113.05999755859375,0.22913370109945036
2023-01-09,119.7699966430664,0.24286044612183724
2023-01-10,118.8499984741211,0.2409783921711298
2023-01-11,123.22000122070312,0.24991817184833917
2023-01-12,123.55999755859375,0.25061370741846606
2023-01-13,122.4000015258789,0.24824068626487103
2023-01-17,131.49000549316406,0.26683624270841033
2023-01-18,128.77999877929688,0.2612923416285587
2023-01-19,127.16999816894531,0.2579987394110377
2023-01-20,133.4199981689453,0.27078445745807084
2023-01-23,143.75,0.29191669599202313
2023-01-24,143.88999938964844,0.2922030948276714
2023-01-25,144.42999267578125,0.293307767132277
2023-01-26,160.27000427246094,0.32571191467417815
2023-01-27,177.89999389648438,0.36177784691495957
2023-01-30,166.66000366210938,0.3387840315568596
2023-01-31,173.22000122070312,0.3522039162246045
2023-02-01,181.41000366210938,0.36895832614785784
2023-02-02,188.27000427246094,0.38299193152488675
2023-02-03,189.97999572753906,0.3864900865020811
2023-02-06,194.75999450683594,0.39626860116724155
2023-02-07,196.80999755859375,0.4004623229296948
2023-02-08,201.2899932861328,0.40962711688557124
2023-02-09,207.32000732421875,0.4219628063752702
2023-02-10,196.88999938964844,0.40062598386651266
2023-02-13,194.63999938964844,0.39602312536958073
2023-02-14,209.25,0.42591102112493073
2023-02-15,214.24000549316406,0.4361191496511295
2023-02-16,202.0399932861328,0.41116140305121524
2023-02-17,208.30999755859375,0.42398804413623586
2023-02-21,197.3699951171875,0.40160791827228787
2023-02-22,200.86000061035156,0.4087474744671987
2023-02-23,202.07000732421875,0.4112228032157624
2023-02-24,196.8800048828125,0.4006055379550849
2023-02-27,207.6300048828125,0.422596972995982
2023-02-28,205.7100067138672,0.4186692041577492
2023-03-01,202.77000427246094,0.4126547973940037
2023-03-02,190.89999389648438,0.38837214045278856
2023-03-03,197.7899932861328,0.4024671147792327
2023-03-06,193.80999755859375,0.3943251782671189
2023-03-07,187.7100067138672,0.3818463361822937
2023-03-08,182.0,0.3701652904398661
2023-03-09,172.9199981689453,0.3515901955153205
2023-03-10,173.44000244140625,0.3526539759970706
2023-03-13,174.47999572753906,0.3547815057454389
2023-03-14,183.25999450683594,0.3727428799607005
2023-03-15,180.4499969482422,0.3669944261211755
2023-03-16,184.1300048828125,0.37452267313913723
2023-03-17,180.1300048828125,0.366339813589036
2023-03-20,183.25,0.37272243404927274
2023-03-21,197.5800018310547,0.40203753213332627
2023-03-22,191.14999389648438,0.38888356917466993
2023-03-23,192.22000122070312,0.39107249908758535
2023-03-24,190.41000366210938,0.3873697601355856
2023-03-27,191.80999755859375,0.39023374849206827
2023-03-28,189.19000244140625,0.3848739854755942
2023-03-29,193.8800048828125,0.394468393292509
2023-03-30,195.27999877929688,0.39733238164899165
2023-03-31,207.4600067138672,0.4222492052109185
2023-04-03,194.77000427246094,0.3962890782938012
2023-04-04,192.5800018310547,0.39180895769569973
2023-04-05,185.52000427246094,0.37736621558419214
2023-04-06,185.05999755859375,0.37642517300127243
2023-04-10,184.50999450683594,0.37530002357010717
2023-04-11,186.7899932861328,0.3799642510164543
2023-04-12,180.5399932861328,0.3671785329694211
2023-04-13,185.89999389648438,0.378143566015162
2023-04-14,185.0,0.37630243510244205
2023-04-17,187.0399932861328,0.3804756797383356
2023-04-18,184.30999755859375,0.3748908868356285
2023-04-19,180.58999633789062,0.3672808249568238
2023-04-20,162.99000549316406,0.33127626166545754
2023-04-21,165.0800018310547,0.33555179828875376
2023-04-24,162.5500030517578,0.3303761421205253
2023-04-25,160.6699981689453,0.3265301881431355
2023-04-26,153.75,0.3123738448672762
2023-04-27,160.19000244140625,0.3255482537373603
2023-04-28,164.30999755859375,0.33397658908512234
2023-05-01,161.8300018310547,0.3289032249042965
2023-05-02,160.30999755859375,0.3257937295350211
2023-05-03,160.61000061035156,0.32640745024430506
2023-05-04,161.1999969482422,0.32761441453631335
2023-05-05,170.05999755859375,0.3457394496883928
2023-05-08,171.7899932861328,0.3492785277035747
2023-05-09,169.14999389648438,0.34387784164911317
2023-05-10,168.5399932861328,0.3426299543191174
2023-05-11,172.0800018310547,0.3498718025014309
2023-05-12,167.97999572753906,0.34148435897652435
2023-05-15,166.35000610351562,0.33814986493614785
2023-05-16,166.52000427246094,0.3384976327212113
2023-05-17,173.86000061035156,0.3535131725040154
2023-05-18,176.88999938964844,0.3597116861160065
2023-05-19,180.13999938964844,0.36636025950046375
2023-05-22,188.8699951171875,0.3842193417283228
2023-05-23,185.77000427246094,0.37787764430607346
2023-05-24,182.89999389648438,0.3720064213525861
2023-05-25,184.47000122070312,0.3752182087092642
2023-05-26,193.1699981689453,0.39301592198770796
2023-05-30,201.16000366210938,0.4093611951764827
2023-05-31,203.92999267578125,0.4150278029400328
2023-06-01,207.52000427246094,0.4223719431097489
2023-06-02,213.97000122070312,0.43556679789126074
2023-06-05,217.61000061035156,0.4430131988332476
2023-06-06,221.30999755859375,0.45058233767406486
2023-06-07,224.57000732421875,0.45725138818508176
2023-06-08,234.86000061035156,0.47830178064305917
2023-06-09,244.39999389648438,0.49781788693539253
2023-06-12,249.8300018310547,0.5089261350065235
2023-06-13,258.7099914550781,0.5270920619814585
2023-06-14,256.7900085449219,0.5231643243583578
2023-06-15,255.89999389648438,0.5213436081419336
2023-06-16,260.5400085449219,0.5308357551865777
2023-06-20,274.45001220703125,0.5592916567636863
2023-06-21,259.4599914550781,0.5286263481471025
2023-06-22,264.6099853515625,0.5391617673318051
2023-06-23,256.6000061035156,0.5227756335353069
2023-06-26,241.0500030517578,0.4909647607912619
2023-06-27,250.2100067138672,0.5097035166526254
2023-06-28,256.239990234375,0.5220391437120605
2023-06-29,257.5,0.5246167644480269
2023-06-30,261.7699890136719,0.5333519445428648
2023-07-03,279.82000732421875,0.570277135720855
2023-07-05,282.4800109863281,0.575718744813304
2023-07-06,276.5400085449219,0.5635671933869826
2023-07-07,274.42999267578125,0.559250702510567
2023-07-10,269.6099853515625,0.5493903417694316
2023-07-11,269.7900085449219,0.5497586178961867
2023-07-12,271.989990234375,0.554259153190584
2023-07-13,277.8999938964844,0.5663493356674904
2023-07-14,281.3800048828125,0.5734684459509733
2023-07-17,290.3800048828125,0.5918798799387012
2023-07-18,293.3399963378906,0.5979351785253022
2023-07-19,291.260009765625,0.5936801190285657
2023-07-20,262.8999938964844,0.5356636123546107
2023-07-21,260.0199890136719,0.5297719434896956
2023-07-24,269.05999755859375,0.5482652235533982
2023-07-25,265.2799987792969,0.5405324237757632
2023-07-26,264.3500061035156,0.538629923913628
2023-07-27,255.7100067138672,0.5209549485340146
2023-07-28,266.44000244140625,0.5429054605369242
2023-07-31,267.42999267578125,0.5449306982978898
2023-08-01,261.07000732421875,0.5319199815797555
2023-08-02,254.11000061035156,0.5176817922279213
2023-08-03,259.32000732421875,0.5283399805265863
2023-08-04,253.86000061035156,0.51717036350604
2023-08-07,251.4499969482422,0.5122401831354724
2023-08-08,249.6999969482422,0.508660182082303
2023-08-09,242.19000244140625,0.4932968745144355
2023-08-10,245.33999633789062,0.49974086392408745
2023-08-11,242.64999389648438,0.4942378858822232
2023-08-14,239.75999450683594,0.4883257711058804
2023-08-15,232.9600067138672,0.47441493484281383
2023-08-16,225.60000610351562,0.4593584720220223
2023-08-17,219.22000122070312,0.44630680105076864
2023-08-18,215.49000549316406,0.43867629326053614
2023-08-21,231.27999877929688,0.4709781175999027
2023-08-22,233.19000244140625,0.4748854405267077
2023-08-23,236.86000061035156,0.4823932104181098
2023-08-24,230.0399932861328,0.46844141990192384
2023-08-25,238.58999633789062,0.4859322884332916
2023-08-28,238.82000732421875,0.48640282533231743
2023-08-29,257.17999267578125,0.5239621207007554
2023-08-30,256.8999938964844,0.5233893230294588
2023-08-31,258.0799865722656,0.5258032516134754
2023-09-01,245.00999450683594,0.49906577426538823
2023-09-05,256.489990234375,0.5225505724339418
2023-09-06,251.9199981689453,0.5132016716298198
2023-09-07,251.49000549316406,0.5123220292114472
2023-09-08,248.5,0.506205330460299
2023-09-11,273.5799865722656,0.5575118323701177
2023-09-12,267.4800109863281,0.5450330215004244
2023-09-13,271.29998779296875,0.5528476049237705
2023-09-14,276.0400085449219,0.56254433594322
2023-09-15,274.3900146484375,0.559168918864856
2023-09-18,265.2799987792969,0.5405324237757632
2023-09-19,266.5,0.5430281984357546
2023-09-20,262.5899963378906,0.535029445733899
2023-09-21,255.6999969482422,0.5209344714074549
2023-09-22,244.8800048828125,0.49879985255629966
2023-09-25,246.99000549316406,0.5031163122175834
2023-09-26,244.1199951171875,0.497245089264096
2023-09-27,240.5,0.48983961136009657
2023-09-28,246.3800048828125,0.5018684248875876
2023-09-29,250.22000122070312,0.5097239625640532
2023-10-02,251.60000610351562,0.5125470590976803
2023-10-03,246.52999877929688,0.5021752696346636
2023-10-04,261.1600036621094,0.5321040884280012
2023-10-05,260.04998779296875,0.5298333124391108
2023-10-06,260.5299987792969,0.5308152780600179
2023-10-09,259.6700134277344,0.5290559932232729
2023-10-10,263.6199951171875,0.5371365295708395
2023-10-11,262.989990234375,0.5358477192028563
2023-10-12,258.8699951171875,0.5274193838550942
2023-10-13,251.1199951171875,0.5115650934767731
2023-10-16,253.9199981689453,0.5172931014048704
2023-10-17,254.85000610351562,0.5191956324821375
2023-10-18,242.67999267578125,0.49429925483163845
2023-10-19,220.11000061035156,0.4481274860520609
2023-10-20,211.99000549316406,0.4315162911541976
2023-10-23,212.0800018310547,0.4317003980024432
2023-10-24,216.52000427246094,0.44078337709747667
2023-10-25,212.4199981689453,0.4323959335725701
2023-10-26,205.75999450683594,0.41877146493001993
2023-10-27,207.3000030517578,0.4219218833372828
2023-10-30,197.36000061035156,0.4015874723608601
2023-10-31,200.83999633789062,0.40870655142921125
2023-11-01,205.66000366210938,0.4185669121703466
2023-11-02,218.50999450683594,0.4448543297459676
2023-11-03,219.9600067138672,0.44782064130498483
2023-11-06,219.27000427246094,0.4464090930381713
2023-11-07,222.17999267578125,0.4523620996373696
2023-11-08,222.11000061035156,0.4522189158271115
2023-11-09,209.97999572753906,0.42740438425258725
2023-11-10,214.64999389648438,0.4369578690315146
2023-11-13,223.7100067138672,0.45549207213320475
2023-11-14,237.41000366210938,0.48351835984927505
2023-11-15,242.83999633789062,0.49462657670527416
2023-11-16,233.58999633789062,0.4757037139956651
2023-11-17,234.3000030517578,0.4771561853004661
2023-11-20,235.60000610351562,0.47981562089727536
2023-11-21,241.1999969482422,0.49127160553833793
2023-11-22,234.2100067138672,0.47697207845222045
2023-11-24,235.4499969482422,0.4795087449350674
2023-11-27,236.0800018310547,0.48079755530305057
2023-11-28,246.72000122070312,0.5025639604577146
2023-11-29,244.13999938964844,0.4972860123020834
2023-11-30,240.0800018310547,0.4889804148531518
2023-12-01,238.8300018310547,0.4864232712437452
2023-12-04,235.5800018310547,0.47977469785928795
2023-12-05,238.72000122070312,0.4861982413575121
2023-12-06,239.3699951171875,0.4875279435483508
2023-12-07,242.63999938964844,0.4942174399707955
2023-12-08,243.83999633789062,0.49667229159279946
2023-12-11,239.74000549316406,0.4882848792830249
2023-12-12,237.00999450683594,0.48270005516518577
2023-12-13,239.2899932861328,0.4873642826115329
2023-12-14,251.0500030517578,0.511421909666515
2023-12-15,253.5,0.5164339048979256
2023-12-18,252.0800018310547,0.5135289935034555
2023-12-19,257.2200012207031,0.5240439667767303
2023-12-20,247.13999938964844,0.5034231569646593
2023-12-21,254.5,0.5184796197854509
2023-12-22,252.5399932861328,0.5144700048712433
2023-12-26,256.6099853515625,0.5227960482316026
2023-12-27,261.44000244140625,0.5326768860992976
2023-12-28,253.17999267578125,0.5157792611506542
2023-12-29,248.47999572753906,0.5061644074223116
2024-01-02,248.4199981689453,0.5060416695234812
2024-01-03,238.4499969482422,0.4856458895976433
2024-01-04,237.92999267578125,0.4845821091158932
2024-01-05,237.49000549316406,0.4836820207860929
2024-01-08,240.4499969482422,0.48973731937269394
2024-01-09,234.9600067138672,0.47850636461786444
2024-01-10,233.94000244140625,0.4764197266923517
2024-01-11,227.22000122070312,0.4626725201509711
2024-01-12,218.88999938964844,0.4456317113920694
2024-01-16,219.91000366210938,0.4477183493175822
2024-01-17,215.5500030517578,0.4387990311593666
2024-01-18,211.8800048828125,0.4312912612679645
2024-01-19,212.19000244140625,0.43192542788867627
2024-01-22,208.8000030517578,0.42499045566857074
2024-01-23,209.13999938964844,0.42568599123869766
2024-01-24,207.8300018310547,0.42300610973046066
2024-01-25,182.6300048828125,0.3714541008078493
2024-01-26,183.25,0.37272243404927274
2024-01-29,190.92999267578125,0.3884335094022038
2024-01-30,191.58999633789062,0.3897836887196022
2024-01-31,187.2899932861328,0.38098710846021694
2024-02-01,188.86000061035156,0.38419889581689504
2024-02-02,187.91000366210938,0.38225547291677237
2024-02-05,181.05999755859375,0.3682423134511712
2024-02-06,185.10000610351562,0.3765070190772474
2024-02-07,187.5800018310547,0.3815803832580732
2024-02-08,189.55999755859375,0.38563088999513634
2024-02-09,193.57000732421875,0.39383422667179724
2024-02-12,188.1300048828125,0.38270553268923846
2024-02-13,184.02000427246094,0.3742976432529042
2024-02-14,188.7100067138672,0.383892051069819
2024-02-15,200.4499969482422,0.40790872387168164
2024-02-16,199.9499969482422,0.406885866427919
2024-02-20,193.75999450683594,0.39422288627971624
2024-02-21,194.77000427246094,0.3962890782938012
2024-02-22,197.41000366210938,0.40168976434826276
2024-02-23,191.97000122070312,0.390561070365704
2024-02-26,199.39999389648438,0.4057607169967537
2024-02-27,199.72999572753906,0.40643580665545287
2024-02-28,202.0399932861328,0.41116140305121524
2024-02-29,201.8800048828125,0.41083411239271145
2024-03-01,202.63999938964844,0.4123888444697832
2024-03-04,188.13999938964844,0.3827259786006662
2024-03-05,180.74000549316406,0.36758770091903176
2024-03-06,176.5399932861328,0.35899567341931987
2024-03-07,178.64999389648438,0.36331213308060356
2024-03-08,175.33999633789062,0.3565408217973159
2024-03-11,177.77000427246094,0.361511925205871
2024-03-12,177.5399932861328,0.3610413883068452
2024-03-13,169.47999572753906,0.34455293130781234
2024-03-14,162.5,0.3302738501331226
2024-03-15,163.57000732421875,0.332462780046038
2024-03-18,173.8000030517578,0.353390434605185
2024-03-19,171.32000732421875,0.34831707042435917
2024-03-20,175.66000366210938,0.35719546554458736
2024-03-21,172.82000732421875,0.35138564275564715
2024-03-22,170.8300018310547,0.3473146588920243
2024-03-25,172.6300048828125,0.3509969519325962
2024-03-26,177.6699981689453,0.3613073412310657
2024-03-27,179.8300018310547,0.36572609287975205
2024-03-28,175.7899932861328,0.35746138725367593
2024-04-01,175.22000122070312,0.3562953459996551
2024-04-02,166.6300048828125,0.3387226626074444
2024-04-03,168.3800048828125,0.3423026636606137
2024-04-04,171.11000061035156,0.3478874565633208
2024-04-05,164.89999389648438,0.33518355337713057
2024-04-08,172.97999572753906,0.3517129334141509
2024-04-09,176.8800048828125,0.35969124020457877
2024-04-10,171.75999450683594,0.3492171587541595
2024-04-11,174.60000610351562,0.3550270127582316
2024-04-12,171.0500030517578,0.3477647186644904
2024-04-15,161.47999572753906,0.3281872122076099
2024-04-16,157.11000061035156,0.3192474481379665
2024-04-17,155.4499969482422,0.3158515539330428
2024-04-18,149.92999267578125,0.3045591990136662
2024-04-19,147.0500030517578,0.298667561363883
2024-04-22,142.0500030517578,0.28843898692625647
2024-04-23,144.67999267578125,0.29381919585415833
2024-04-24,162.1300048828125,0.32951694561358047
2024-04-25,170.17999267578125,0.34598492548605364
2024-04-26,168.2899932861328,0.3421185255972361
2024-04-29,194.0500030517578,0.39481616107757245
2024-04-30,183.27999877929688,0.37278380299868796
2024-05-01,179.99000549316406,0.36605341475338776
2024-05-02,180.00999450683594,0.36609430657624326
2024-05-03,181.19000244140625,0.36850826637539175
2024-05-06,184.75999450683594,0.3758114522919885
2024-05-07,177.80999755859375,0.36159374006671396
2024-05-08,174.72000122070312,0.35527248855589244
2024-05-09,171.97000122070312,0.34964677261519783
2024-05-10,168.47000122070312,0.3424867705088593
2024-05-13,171.88999938964844,0.34948311167838
2024-05-14,177.5500030517578,0.3610618654334049
2024-05-15,173.99000549316406,0.3537791254282359
2024-05-16,174.83999633789062,0.35551796435355326
2024-05-17,177.4600067138672,0.3608777585851593
2024-05-20,174.9499969482422,0.35574299423978634
2024-05-21,186.60000610351562,0.3795755914085353
2024-05-22,180.11000061035156,0.3662988905510486
2024-05-23,173.74000549316406,0.3532676967063546
2024-05-24,179.24000549316406,0.36451912858774377
2024-05-28,176.75,0.3594252872803583
2024-05-29,176.19000244140625,0.3582796919377652
2024-05-30,178.7899932861328,0.36359853191625185
2024-05-31,178.0800018310547,0.36214609182658275
2024-06-03,176.2899932861328,0.35848424469743856
2024-06-04,174.77000427246094,0.3553747805432951
2024-06-05,175.0,0.355845286227189
2024-06-06,177.94000244140625,0.3618596929909345
2024-06-07,177.47999572753906,0.3609186504080148
2024-06-10,173.7899932861328,0.3533699574786253
2024-06-11,170.66000366210938,0.34696689110696083
2024-06-12,177.2899932861328,0.36052995958496387
2024-06-13,182.47000122070312,0.3711267789342136
2024-06-14,178.00999450683594,0.36200287680119264
2024-06-17,187.44000244140625,0.3812939844224249
2024-06-18,184.86000061035156,0.3760160362667938
2024-06-20,181.57000732421875,0.36928564802149355
2024-06-21,183.00999450683594,0.3722314512388192
2024-06-24,182.5800018310547,0.37135180882044666
2024-06-25,187.35000610351562,0.3811098775741793
2024-06-26,196.3699951171875,0.39956220338476256
2024-06-27,197.4199981689453,0.4017102102596905
2024-06-28,197.8800048828125,0.4026512528426102
2024-07-01,209.86000061035156,0.4271589084549265
2024-07-02,231.25999450683594,0.47093719456191524
2024-07-03,246.38999938964844,0.5018888707990153
2024-07-05,251.52000427246094,0.5123833981608624
2024-07-08,252.94000244140625,0.5152883095553326
2024-07-09,262.3299865722656,0.5344975398854579
2024-07-10,263.260009765625,0.536400102177857
2024-07-11,241.02999877929688,0.4909238377532745
2024-07-12,248.22999572753906,0.5056529787004302
2024-07-15,252.63999938964844,0.5146745888460486
2024-07-16,256.55999755859375,0.5226937874593319
2024-07-17,248.5,0.506205330460299
2024-07-18,249.22999572753906,0.5076986935879556
2024-07-19,239.1999969482422,0.4871801757632873
2024-07-22,251.50999450683594,0.5123629210343027
2024-07-23,246.3800048828125,0.5018684248875876
2024-07-24,215.99000549316406,0.4396991507042988
2024-07-25,220.25,0.4484138848877091
2024-07-26,219.8000030517578,0.4474933194313491
2024-07-29,232.10000610351562,0.4726556187909368
2024-07-30,222.6199951171875,0.45326221918230186
2024-07-31,232.07000732421875,0.4725942498415216
2024-08-01,216.86000061035156,0.44147891266760364
2024-08-02,207.6699981689453,0.42267878785682494
2024-08-05,198.8800048828125,0.4046969677301355
2024-08-06,200.63999938964844,0.4082974146947326
2024-08-07,191.75999450683594,0.39013145650466563
2024-08-08,198.83999633789062,0.40461512165416064
2024-08-09,200.0,0.40698815841532165
2024-08-12,197.49000549316406,0.4018534252850806
2024-08-13,207.8300018310547,0.42300610973046066
2024-08-14,201.3800048828125,0.4098112549489488
2024-08-15,214.13999938964844,0.4359145656763242
2024-08-16,216.1199951171875,0.4399650724133874
2024-08-19,222.72000122070312,0.4534668031571072
2024-08-20,221.10000610351562,0.45015275502815844
2024-08-21,223.27000427246094,0.4545919525882725
2024-08-22,210.66000366210938,0.4287954866079731
2024-08-23,220.32000732421875,0.4485570999130992
2024-08-26,213.2100067138672,0.434012065814189
2024-08-27,209.2100067138672,0.42582920626408777
2024-08-28,205.75,0.4187510190185922
2024-08-29,206.27999877929688,0.41983524541177003
2024-08-30,214.11000061035156,0.43585319672690903
2024-09-03,210.60000610351562,0.4286727487091427
2024-09-04,219.41000366210938,0.4466954918738195
2024-09-05,230.1699981689453,0.46870737282614433
2024-09-06,210.72999572753906,0.42893867041823125
2024-09-09,216.27000427246094,0.44027194837559536
2024-09-10,226.1699981689453,0.4605245132760431
2024-09-11,228.1300048828125,0.46453412819025075
2024-09-12,229.80999755859375,0.46797091421802994
2024-09-13,230.2899932861328,0.46895284862380515
2024-09-16,226.77999877929688,0.4617724006060388
2024-09-17,227.8699951171875,0.46400222234180977
2024-09-18,227.1999969482422,0.46263159711298363
2024-09-19,243.9199981689453,0.4968359525296173
2024-09-20,238.25,0.48523675286316464
2024-09-23,250.0,0.509273902791587
2024-09-24,254.27000427246094,0.518009114101557
2024-09-25,257.0199890136719,0.5236347988271197
2024-09-26,254.22000122070312,0.5179068221141544
2024-09-27,260.4599914550781,0.5306720630346279
2024-09-30,261.6300048828125,0.5330655769223486
2024-10-01,258.0199890136719,0.525680513714645
2024-10-02,249.02000427246094,0.5072691109420492
2024-10-03,240.66000366210938,0.49016693323373234
2024-10-04,250.0800018310547,0.5094375637284049
2024-10-07,240.8300018310547,0.4905147010187958
2024-10-08,244.5,0.4980224709101978
2024-10-09,241.0500030517578,0.4909647607912619
2024-10-10,238.77000427246094,0.48630053334491474
2024-10-11,217.8000030517578,0.4434018896562985
2024-10-14,219.16000366210938,0.4461840631519382
2024-10-15,219.57000732421875,0.4470228137474552
2024-10-16,221.3300018310547,0.4506232607120523
2024-10-17,220.88999938964844,0.44972314116712003
2024-10-18,220.6999969482422,0.4493344503440691
2024-10-21,218.85000610351562,0.44554989653122645
2024-10-22,217.97000122070312,0.44374965744136197
2024-10-23,213.64999389648438,0.4349121541439893
2024-10-24,260.4800109863281,0.5307130172877472
2024-10-25,269.19000244140625,0.5485311764776187
2024-10-28,262.510009765625,0.5348658160122131
2024-10-29,259.5199890136719,0.528749086045933
2024-10-30,257.54998779296875,0.5247190252202976
2024-10-31,249.85000610351562,0.508967058044511
2024-11-01,248.97999572753906,0.5071872648660742
2024-11-04,242.83999633789062,0.49462657670527416
2024-11-05,251.44000244140625,0.5122197372240446
2024-11-06,288.5299987792969,0.5880952949107265
2024-11-07,296.9100036621094,0.6052383956570309
2024-11-08,321.2200012207031,0.6549697195783499
2024-11-11,350.0,0.7138453915441177
2024-11-12,328.489990234375,0.6698420443357639
2024-11-13,330.239990234375,0.6734220453889332
2024-11-14,311.17999267578125,0.634430724627122
2024-11-15,320.7200012207031,0.6539468621345873
2024-11-18,338.739990234375,0.6908106219328983
2024-11-19,346.0,0.7056625319940165
2024-11-20,342.0299987792969,0.6975410413933305
2024-11-21,339.6400146484375,0.6926518152758823
2024-11-22,352.55999755859375,0.7190824166617614
2024-11-25,338.5899963378906,0.6905037771858223
2024-11-26,338.2300109863281,0.6897673497928399
2024-11-27,332.8900146484375,0.6788432397850864
2024-11-29,345.1600036621094,0.703944138980127
2024-12-02,357.0899963378906,0.7283495026050405
2024-12-03,351.4200134277344,0.7167503341537198
2024-12-04,357.92999267578125,0.7300678956189302
2024-12-05,369.489990234375,0.7537163547243015
2024-12-06,389.2200012207031,0.7940783319300708
2024-12-09,389.7900085449219,0.7952444043992236
2024-12-10,400.989990234375,0.8181563736813487
2024-12-11,424.7699890136719,0.86680347120949
2024-12-12,418.1000061035156,0.8531585878706439
2024-12-13,436.2300109863281,0.89024740877032
2024-12-16,463.0199890136719,0.945052065657333
2024-12-17,479.8599853515625,0.9795018968716275
2024-12-18,440.1300048828125,0.8982256843456159
2024-12-19,436.1700134277344,0.8901246708714896
2024-12-20,421.05999755859375,0.859213886457245
2024-12-23,430.6000061035156,0.8787300239647103
2024-12-24,462.2799987792969,0.9435382566182486
2024-12-26,454.1300048828125,0.9268656927709702
2024-12-27,431.6600036621094,0.880898476751066
2024-12-30,417.4100036621094,0.8517470396038304
2024-12-31,403.8399963378906,0.8239866735968486
2025-01-02,379.2799987792969,0.7737439209536482
2025-01-03,410.44000244140625,0.8374884043405685
2025-01-06,411.04998779296875,0.8387362604554321
2025-01-07,394.3599853515625,0.8045932739882137
2025-01-08,394.94000244140625,0.8057798235839262
2025-01-10,394.739990234375,0.8053706556343155
2025-01-13,403.30999755859375,0.8229024472036708
2025-01-14,396.3599853515625,0.8086847037632643
2025-01-15,428.2200012207031,0.8738612125435579
2025-01-16,413.82000732421875,0.8444029306492462
2025-01-17,426.5,0.8703425804398037
2025-01-21,424.07000732421875,0.8653715082463805
2025-01-22,415.1099853515625,0.8470418579043638
2025-01-23,412.3800048828125,0.8414570962167887
2025-01-24,406.5799865722656,0.8295919124109835
2025-01-27,397.1499938964844,0.8103008360048832
2025-01-28,398.0899963378906,0.8122238129935782
2025-01-29,389.1000061035156,0.7938328561324101
2025-01-30,400.2799987792969,0.8167039335916796
2025-01-31,404.6000061035156,0.8255414368890523
2025-02-03,383.67999267578125,0.7827450539727068
2025-02-04,392.2099914550781,0.8001949994660871
2025-02-05,378.1700134277344,0.7714732073950218
2025-02-06,374.32000732421875,0.7635971925919965
2025-02-07,361.6199951171875,0.7376165885483196
2025-02-10,350.7300109863281,0.7153387858869062
2025-02-11,328.5,0.6698625214623236
2025-02-12,336.510009765625,0.6862487176890858
2025-02-13,355.94000244140625,0.7259969429704392
2025-02-14,355.8399963378906,0.7257923589956339
2025-02-18,354.1099853515625,0.7222532497653201
2025-02-19,360.55999755859375,0.7354481357619639
2025-02-20,354.3999938964844,0.7228465245631763
2025-02-21,337.79998779296875,0.6888876449442034
2025-02-24,330.5299987792969,0.6740153201867894
2025-02-25,302.79998779296875,0.6172876238808177
2025-02-26,290.79998779296875,0.592739045230514
2025-02-27,281.95001220703125,0.5746345184201261
2025-02-28,292.9800109863281,0.5971987511323197
2025-03-03,284.6499938964844,0.5801579111582862
2025-03-04,272.0400085449219,0.5543614763931187
2025-03-05,279.1000061035156,0.5688042185046263
2025-03-06,263.45001220703125,0.536788793000908
2025-03-07,262.6700134277344,0.5351931378858488
2025-03-10,222.14999389648438,0.45230073068795446
2025-03-11,230.5800018310547,0.4695461234216614
2025-03-12,248.08999633789062,0.5053665798647821
2025-03-13,240.67999267578125,0.49020782505658783
2025-03-14,249.97999572753906,0.5092329797535996
2025-03-17,238.00999450683594,0.4847457700527111
2025-03-18,225.30999755859375,0.4587651972241661
2025-03-19,235.86000061035156,0.4803474955305845
2025-03-20,236.25999450683594,0.4811657689995418
2025-03-21,248.7100067138672,0.5066349443213374
2025-03-24,278.3900146484375,0.5673517784149572
2025-03-25,288.1400146484375,0.5872974985683289
2025-03-26,272.05999755859375,0.5544023682159742
2025-03-27,273.1300048828125,0.5565912981288896
2025-03-28,263.54998779296875,0.5369933145454494
2025-03-31,259.1600036621094,0.5280126586529506
2025-04-01,268.4599914550781,0.5470377821348303
2025-04-02,282.760009765625,0.5762915424846006
2025-04-03,267.2799987792969,0.5446238535508138
2025-04-04,239.42999267578125,0.4876506814471812
2025-04-07,233.2899932861328,0.4750899932863811
2025-04-08,221.86000061035156,0.4517074871052302
2025-04-09,272.20001220703125,0.5546887982667544
2025-04-10,252.39999389648438,0.514183606035595
2025-04-11,252.30999755859375,0.5139994991873493
2025-04-14,252.35000610351562,0.5140813452633243
2025-04-15,254.11000061035156,0.5176817922279213
2025-04-16,241.5500030517578,0.49198761823502457
2025-04-17,241.3699951171875,0.4916193733234014
2025-04-21,227.5,0.46324531782226763
2025-04-22,237.97000122070312,0.4846639551918681
2025-04-23,250.74000549316406,0.5107877430458032
2025-04-24,259.510009765625,0.5287286713496372
2025-04-25,284.95001220703125,0.5807716630827021
2025-04-28,285.8800048828125,0.5826741629448373
2025-04-29,292.0299987792969,0.5952552970170651
2025-04-30,282.1600036621094,0.5750641010660326
2025-05-01,280.5199890136719,0.5717090986839644
2025-05-02,287.2099914550781,0.5853949362759298
2025-05-05,280.260009765625,0.5711772552657872
2025-05-06,275.3500061035156,0.5611327876764063
2025-05-07,276.2200012207031,0.5629125496397112
2025-05-08,284.82000732421875,0.5805057101584815
2025-05-09,298.260009765625,0.6080001232412428
2025-05-12,318.3800048828125,0.6491598967894098
2025-05-13,334.07000732421875,0.6812571683691029
2025-05-14,347.67999267578125,0.7090993180217957
2025-05-15,342.82000732421875,0.6991571736349493
2025-05-16,349.9800109863281,0.7138044997212623
2025-05-19,342.0899963378906,0.697663779292161
2025-05-20,343.82000732421875,0.7012028885224747
2025-05-21,334.6199951171875,0.6823822865851363
2025-05-22,341.0400085449219,0.6955158036323649
2025-05-23,339.3399963378906,0.6920380633514663
2025-05-27,362.8900146484375,0.7402146864108456
2025-05-28,356.8999938964844,0.7279608117819896
2025-05-29,358.42999267578125,0.7310907530626928
2025-05-30,346.4599914550781,0.7066035433618043
2025-06-02,342.69000244140625,0.6988912207107288
2025-06-03,344.2699890136719,0.7021234227637028
2025-06-04,332.04998779296875,0.6771247843409329
2025-06-05,284.70001220703125,0.5802602343608207
2025-06-06,295.1400146484375,0.601617502781006
2025-06-09,308.5799865722656,0.6291118534335034
2025-06-10,326.0899963378906,0.664932341091756
2025-06-11,326.42999267578125,0.665627876661883
2025-06-12,319.1099853515625,0.6506532287019343
2025-06-13,325.30999755859375,0.6633366859766968
2025-06-16,329.1300048828125,0.6711513318303068
2025-06-17,316.3500061035156,0.6450070980649439
2025-06-18,322.04998779296875,0.6566676354656799
2025-06-20,322.1600036621094,0.6568926965670449
2025-06-23,348.67999267578125,0.711145032909321
2025-06-24,340.4700012207031,0.6943497311632121
2025-06-25,327.54998779296875,0.6679190673470691
2025-06-26,325.7799987792969,0.6642981744710442
2025-06-27,323.6300048828125,0.6598998999489176
2025-06-30,317.6600036621094,0.647686979573181
2025-07-01,300.7099914550781,0.6130120872575214
2025-07-02,315.6499938964844,0.6435750726715707
2025-07-03,315.3500061035156,0.6429613831774186
2025-07-07,293.94000244140625,0.5991626199438701
2025-07-08,297.80999755859375,0.6070795265697508
2025-07-09,295.8800048828125,0.6031313118200904
2025-07-10,309.8699951171875,0.631750843118885
2025-07-11,313.510009765625,0.6391972752760038
2025-07-14,316.8999938964844,0.6461322162809773
2025-07-15,310.7799987792969,0.6336124511581647
2025-07-16,321.6700134277344,0.655890316249842
2025-07-17,319.4100036621094,0.6512669806263502
2025-07-18,329.6499938964844,0.672215081096925
2025-07-21,328.489990234375,0.6698420443357639
2025-07-22,332.1099853515625,0.6772475222397634
2025-07-23,332.55999755859375,0.6781681189112553
2025-07-24,305.29998779296875,0.622401911099631
2025-07-25,316.05999755859375,0.6444138232670877
2025-07-28,325.5899963378906,0.6639094836479933
2025-07-29,321.20001220703125,0.6549288277554944
2025-07-30,319.0400085449219,0.6505100761068081
2025-07-31,308.2699890136719,0.6284776868127917
2025-08-01,302.6300048828125,0.6169398873108861
2025-08-04,309.260009765625,0.6305029870040212
2025-08-05,308.7200012207031,0.6293982834842836
2025-08-06,319.9100036621094,0.6522898380701129
2025-08-07,322.2699890136719,0.657117695238146
2025-08-08,329.6499938964844,0.672215081096925
2025-08-11,339.0299987792969,0.6914038967307545
2025-08-12,340.8399963378906,0.6951066356827542
2025-08-13,339.3800048828125,0.6921199094274412
2025-08-14,335.5799865722656,0.6843461553966868
2025-08-15,330.55999755859375,0.6740766891362047
2025-08-18,335.1600036621094,0.6834869901048739
2025-08-19,329.30999755859375,0.671519545526798
2025-08-20,323.8999938964844,0.6604522204936545
2025-08-21,320.1099853515625,0.6526989435894597
2025-08-22,340.010009765625,0.6934087197954244
2025-08-25,346.6000061035156,0.7068899734125845
2025-08-26,351.6700134277344,0.7172617628756012
2025-08-27,349.6000061035156,0.7130271180751604
2025-08-28,345.9800109863281,0.705621640171161
2025-08-29,333.8699951171875,0.6808480004194923
2025-09-02,329.3599853515625,0.6716218062990688
2025-09-03,334.0899963378906,0.6812980601919585
2025-09-04,338.5299987792969,0.6903810392869919
2025-09-05,350.8399963378906,0.7155637845580073
2025-09-08,346.3999938964844,0.7064808054629739
2025-09-09,346.9700012207031,0.7076468779321267
2025-09-10,347.7900085449219,0.7093243791231607
2025-09-11,368.80999755859375,0.7523252835840477
2025-09-12,395.94000244140625,0.8078255384714514
2025-09-15,410.0400085449219,0.8366701308716111
2025-09-16,421.6199951171875,0.860359481799838
2025-09-17,425.8599853515625,0.8690332929452609
2025-09-18,416.8500061035156,0.8506014442612373
2025-09-19,426.07000732421875,0.8694629380214312
2025-09-22,434.2099914550781,0.88611502474215
2025-09-23,425.8500061035156,0.8690128782489651
2025-09-24,442.7900085449219,0.903667293438065
2025-09-25,423.3900146484375,0.8639804371061267
2025-09-26,440.3999938964844,0.8987780048903528
2025-09-29,443.2099914550781,0.9045264587298777
2025-09-30,444.7200012207031,0.9076155081877254
2025-10-01,459.4599914550781,0.937769325652164
2025-10-02,436.0,0.8897768718712942
2025-10-03,429.8299865722656,0.8771547835459469
2025-10-06,453.25,0.9250654536811057
2025-10-07,433.0899963378906,0.8838238340569639
2025-10-08,438.69000244140625,0.8952798499131583
2025-10-09,435.5400085449219,0.8888358605035064
2025-10-10,413.489990234375,0.8437278097754151
2025-10-13,435.8999938964844,0.8895722878964889
2025-10-14,429.239990234375,0.8759478192539386
2025-10-15,435.1499938964844,0.8880380017308449
2025-10-16,428.75,0.8749454389367357
2025-10-17,439.30999755859375,0.8965481831545818
2025-10-20,447.42999267578125,0.9131593780524451
2025-10-21,442.6000061035156,0.903278602615014
2025-10-22,438.9700012207031,0.8958526475844549
2025-10-23,448.9800109863281,0.9163302735862676
2025-10-24,433.7200012207031,0.8851126444249471
2025-10-27,452.4200134277344,0.9233675377937758
2025-10-28,460.54998779296875,0.9399991473879349
2025-10-29,461.510009765625,0.9419630786297493
2025-10-30,440.1000061035156,0.8981643153962007
2025-10-31,456.55999755859375,0.9318367649643934
2025-11-03,468.3699951171875,0.9559966527916461
2025-11-04,444.260009765625,0.9066744968199376
2025-11-05,462.07000732421875,0.9431086739723422
2025-11-06,445.9100036621094,0.9100499138983016
2025-11-07,429.5199890136719,0.8765206169252352
2025-11-10,445.2300109863281,0.9086588427580478
2025-11-11,439.6199951171875,0.8971823497752935
2025-11-12,430.6000061035156,0.8787300239647103
2025-11-13,401.989990234375,0.820202088568874
2025-11-14,404.3500061035156,0.825030008167171
2025-11-17,408.9200134277344,0.834378940186425
2025-11-18,401.25,0.8186882795297897
2025-11-19,403.989990234375,0.8242935183439246
2025-11-20,395.2300109863281,0.8063730983817824
2025-11-21,391.0899963378906,0.797903808780901
2025-11-24,417.7799987792969,0.8525039441233725
2025-11-25,419.3999938964844,0.8558179922523212
2025-11-26,426.5799865722656,0.8705062101614897
2025-11-28,430.1700134277344,0.8778503815463378
2025-12-01,430.1400146484375,0.8777890125969225
2025-12-02,429.239990234375,0.8759478192539386
2025-12-03,446.739990234375,0.9117478297856315
2025-12-04,454.5299987792969,0.9276839662399275
2025-12-05,455.0,0.9286454547342751
2025-12-08,439.5799865722656,0.8971005036993187
2025-12-09,445.1700134277344,0.9085361048592173
2025-12-10,451.45001220703125,0.9213831918556658
2025-12-11,446.8900146484375,0.9120547369629715
2025-12-12,458.9599914550781,0.9367464682084014
2025-12-15,475.30999755859375,0.9701939191054929
2025-12-16,489.8800048828125,1.0
2025-12-17,467.260009765625,0.9537259392330197
2025-12-18,483.3699951171875,0.9866823761045258
2025-12-19,481.20001220703125,0.9822432097595436
2025-12-22,488.7300109863281,0.9976474403653987
2025-12-23,485.55999755859375,0.9911624967026272
2025-12-24,485.3999938964844,0.9908351748289915
2025-12-26,475.19000244140625,0.969948443307832
2025-12-29,459.6400146484375,0.9381376017789191
2025-12-30,454.42999267578125,0.9274793822651223
2025-12-31,449.7200012207031,0.917844082625352
2026-01-02,438.07000732421875,0.8940115166717348
2026-01-05,451.6700134277344,0.9218332516281319
2026-01-06,432.9599914550781,0.8835578811327434
2026-01-07,431.4100036621094,0.8803870480291847
2026-01-08,435.79998779296875,0.8893677039216835
2026-01-09,445.010009765625,0.9082087829855816
2026-01-12,448.9599914550781,0.9162893193331483
2026-01-13,447.20001220703125,0.9126889035836832
2026-01-14,439.20001220703125,0.8963231844834807
2026-01-15,438.57000732421875,0.8950343741154976
2026-01-16,437.5,0.8928454442025822
2026-01-20,419.25,0.8555111475052453
2026-01-21,431.44000244140625,0.8804484169785999
2026-01-22,449.3599853515625,0.9171075928021056
2026-01-23,449.05999755859375,0.9164939033079536
2026-01-26,435.20001220703125,0.8881403249333795
2026-01-27,430.8999938964844,0.8793437134588623
2026-01-28,431.4599914550781,0.8804893088014554
2026-01-29,416.55999755859375,0.8500081694633811
2026-01-30,430.4100036621094,0.8783413331416594
2026-02-02,421.80999755859375,0.8607481726228889
2026-02-03,421.9599914550781,0.8610550173699649
2026-02-04,406.010009765625,0.8284259023720947
2026-02-05,397.2099914550781,0.8104235739037136
2026-02-06,411.1099853515625,0.8388589983542626
2026-02-09,417.32000732421875,0.8515629327555848
2026-02-10,425.2099914550781,0.8677035907544222
2026-02-11,428.2699890136719,0.8739634733158286
2026-02-12,417.07000732421875,0.8510515040337034
2026-02-13,417.44000244140625,0.8518084085532456
2026-02-17,410.6300048828125,0.8378770951636193
2026-02-18,411.32000732421875,0.839288643430433
2026-02-19,411.7099914550781,0.8400864397728306
2026-02-20,411.82000732421875,0.8403115008741956
2026-02-23,399.8299865722656,0.8157833369201877
2026-02-24,409.3800048828125,0.8353199515542127
2026-02-25,417.3999938964844,0.8517265624772706
2026-02-26,408.5799865722656,0.8336833421860341
2026-02-27,402.510009765625,0.8212659002657561
2026-03-02,403.32000732421875,0.8229229243302305
2026-03-03,392.42999267578125,0.8006450592385532
2026-03-04,405.94000244140625,0.8282826873467045
2026-03-05,405.54998779296875,0.827484828574043
2026-03-06,396.7300109863281,0.8094416707130704
2026-03-09,398.67999267578125,0.8134307772855863
2026-03-10,399.239990234375,0.8145763726281794
2026-03-11,407.82000732421875,0.8321286413240944
2026-03-12,395.010009765625,0.8059230386093162
2026-03-13,391.20001220703125,0.798128869882266
2026-03-16,395.55999755859375,0.8070481568253496
2026-03-17,399.2699890136719,0.8146377415775946
2026-03-18,392.7799987792969,0.8013610719352399
2026-03-19,380.29998779296875,0.775830527664029
2026-03-20,367.9599914550781,0.7505864134435983
